SignalIdentifier,Timestamp,EventCode,EventParam
5000,6/14/2023 0:01:58.1,8,2
5000,6/14/2023 0:02:03.1,9,2
5000,6/14/2023 0:02:19.8,1,2
5000,6/14/2023 0:03:47.7,8,2
5000,6/14/2023 0:03:52.7,9,2
5000,6/14/2023 0:04:10.9,1,2
5000,6/14/2023 0:05:08.2,8,2
5000,6/14/2023 0:05:13.2,9,2
5000,6/14/2023 0:05:29.7,1,2
5000,6/14/2023 0:06:10.9,8,2
5000,6/14/2023 0:06:15.9,9,2
5000,6/14/2023 0:06:32.5,1,2
5000,6/14/2023 0:07:51.2,8,2
5000,6/14/2023 0:07:56.2,9,2
5000,6/14/2023 0:08:13.7,1,2
5000,6/14/2023 0:10:30.9,8,2
5000,6/14/2023 0:10:35.9,9,2
5000,6/14/2023 0:10:53.2,1,2
5000,6/14/2023 0:18:47.5,8,2
5000,6/14/2023 0:18:52.5,9,2
5000,6/14/2023 0:19:09.7,1,2
5000,6/14/2023 0:19:21.4,8,2
5000,6/14/2023 0:19:26.4,9,2
5000,6/14/2023 0:19:44.6,1,2
5000,6/14/2023 0:20:45.0,8,2
5000,6/14/2023 0:20:50.0,9,2
5000,6/14/2023 0:23:35.9,8,2
5000,6/14/2023 0:23:40.9,9,2
5000,6/14/2023 0:23:57.5,1,2
5000,6/14/2023 0:24:21.7,8,2
5000,6/14/2023 0:24:26.7,9,2
5000,6/14/2023 0:24:44.9,1,2
5000,6/14/2023 0:27:16.8,8,2
5000,6/14/2023 0:27:21.8,9,2
5000,6/14/2023 0:27:38.3,1,2
5000,6/14/2023 0:29:26.1,8,2
5000,6/14/2023 0:29:31.1,9,2
5000,6/14/2023 0:29:48.7,1,2
5000,6/14/2023 0:35:17.9,8,2
5000,6/14/2023 0:35:22.9,9,2
5000,6/14/2023 0:35:42.7,1,2
5000,6/14/2023 0:40:01.8,8,2
5000,6/14/2023 0:40:06.8,9,2
5000,6/14/2023 0:40:23.4,1,2
5000,6/14/2023 0:40:58.5,8,2
5000,6/14/2023 0:42:06.9,8,2
5000,6/14/2023 0:42:11.9,9,2
5000,6/14/2023 0:42:29.4,1,2
5000,6/14/2023 0:46:51.1,8,2
5000,6/14/2023 0:46:56.1,9,2
5000,6/14/2023 0:47:14.0,1,2
5000,6/14/2023 0:48:44.9,8,2
5000,6/14/2023 0:48:49.9,9,2
5000,6/14/2023 0:49:06.5,1,2
5000,6/14/2023 1:00:09.0,8,2
5000,6/14/2023 1:00:14.0,9,2
5000,6/14/2023 1:00:33.6,1,2
5000,6/14/2023 1:02:52.4,8,2
5000,6/14/2023 1:02:57.4,9,2
5000,6/14/2023 1:03:14.3,1,2
5000,6/14/2023 1:12:06.7,8,2
5000,6/14/2023 1:12:11.7,9,2
5000,6/14/2023 1:12:31.1,1,2
5000,6/14/2023 1:17:06.9,8,2
5000,6/14/2023 1:17:11.9,9,2
5000,6/14/2023 1:17:30.4,1,2
5000,6/14/2023 1:35:51.9,8,2
5000,6/14/2023 1:35:56.9,9,2
5000,6/14/2023 1:36:13.9,1,2
5000,6/14/2023 1:37:33.7,8,2
5000,6/14/2023 1:37:38.7,9,2
5000,6/14/2023 1:37:55.2,1,2
5000,6/14/2023 1:42:00.1,8,2
5000,6/14/2023 1:42:05.1,9,2
5000,6/14/2023 1:42:21.7,1,2
5000,6/14/2023 1:43:26.3,8,2
5000,6/14/2023 1:43:31.3,9,2
5000,6/14/2023 1:43:49.9,1,2
5000,6/14/2023 1:49:44.8,8,2
5000,6/14/2023 1:49:49.8,9,2
5000,6/14/2023 1:50:07.4,1,2
5000,6/14/2023 1:53:34.7,8,2
5000,6/14/2023 1:53:39.7,9,2
5000,6/14/2023 1:53:56.3,1,2
5000,6/14/2023 2:04:21.9,8,2
5000,6/14/2023 2:04:26.9,9,2
5000,6/14/2023 2:04:45.8,1,2
5000,6/14/2023 2:05:54.9,8,2
5000,6/14/2023 2:05:59.9,9,2
5000,6/14/2023 2:06:17.6,1,2
5000,6/14/2023 2:19:45.1,8,2
5000,6/14/2023 2:19:50.1,9,2
5000,6/14/2023 2:20:09.0,1,2
5000,6/14/2023 2:21:57.9,1,2
5000,6/14/2023 2:33:13.9,8,2
5000,6/14/2023 2:33:18.9,9,2
5000,6/14/2023 2:33:35.5,1,2
5000,6/14/2023 2:34:36.0,8,2
5000,6/14/2023 2:34:41.0,9,2
5000,6/14/2023 2:34:57.6,1,2
5000,6/14/2023 2:35:50.0,8,2
5000,6/14/2023 2:35:55.0,9,2
5000,6/14/2023 2:36:11.6,1,2
5000,6/14/2023 3:25:00.4,8,2
5000,6/14/2023 3:25:05.4,9,2
5000,6/14/2023 3:25:22.3,1,2
5000,6/14/2023 3:29:19.2,8,2
5000,6/14/2023 3:29:24.2,9,2
5000,6/14/2023 3:30:08.7,1,2
5000,6/14/2023 3:43:38.5,8,2
5000,6/14/2023 3:43:43.5,9,2
5000,6/14/2023 3:44:00.1,1,2
5000,6/14/2023 3:45:31.5,8,2
5000,6/14/2023 3:45:36.5,9,2
5000,6/14/2023 3:45:53.1,1,2
5000,6/14/2023 3:48:45.0,8,2
5000,6/14/2023 3:48:50.0,9,2
5000,6/14/2023 3:49:07.3,1,2
5000,6/14/2023 3:49:36.5,8,2
5000,6/14/2023 3:49:41.5,9,2
5000,6/14/2023 3:49:58.0,1,2
5000,6/14/2023 3:51:47.8,9,2
5000,6/14/2023 3:52:04.9,1,2
5000,6/14/2023 3:52:25.6,8,2
5000,6/14/2023 3:53:53.0,8,2
5000,6/14/2023 3:53:58.0,9,2
5000,6/14/2023 3:54:15.5,1,2
5000,6/14/2023 3:57:11.8,8,2
5000,6/14/2023 3:57:16.8,9,2
5000,6/14/2023 3:57:35.3,1,2
5000,6/14/2023 4:03:07.3,8,2
5000,6/14/2023 4:03:12.3,9,2
5000,6/14/2023 4:03:28.8,1,2
5000,6/14/2023 4:08:20.3,8,2
5000,6/14/2023 4:08:25.3,9,2
5000,6/14/2023 4:08:43.3,1,2
5000,6/14/2023 4:13:20.0,8,2
5000,6/14/2023 4:13:25.0,9,2
5000,6/14/2023 4:13:42.1,1,2
5000,6/14/2023 4:15:16.8,8,2
5000,6/14/2023 4:15:21.8,9,2
5000,6/14/2023 4:15:38.4,1,2
5000,6/14/2023 4:21:58.6,1,2
5000,6/14/2023 4:22:24.6,9,2
5000,6/14/2023 4:24:40.0,8,2
5000,6/14/2023 4:24:45.0,9,2
5000,6/14/2023 4:25:02.2,1,2
5000,6/14/2023 4:38:33.4,8,2
5000,6/14/2023 4:38:38.4,9,2
5000,6/14/2023 4:38:56.4,1,2
5000,6/14/2023 4:40:10.5,8,2
5000,6/14/2023 4:40:15.5,9,2
5000,6/14/2023 4:40:33.2,1,2
5000,6/14/2023 4:40:43.2,8,2
5000,6/14/2023 4:40:48.2,9,2
5000,6/14/2023 4:42:00.2,8,2
5000,6/14/2023 4:42:05.2,9,2
5000,6/14/2023 4:42:22.3,1,2
5000,6/14/2023 4:42:34.2,8,2
5000,6/14/2023 4:42:39.2,9,2
5000,6/14/2023 4:42:55.8,1,2
5000,6/14/2023 4:43:48.2,8,2
5000,6/14/2023 4:43:53.2,9,2
5000,6/14/2023 4:44:29.8,1,2
5000,6/14/2023 4:44:39.8,8,2
5000,6/14/2023 4:44:44.8,9,2
5000,6/14/2023 4:45:03.7,1,2
5000,6/14/2023 4:48:40.3,8,2
5000,6/14/2023 4:48:45.3,9,2
5000,6/14/2023 4:49:01.9,1,2
5000,6/14/2023 4:50:21.4,8,2
5000,6/14/2023 4:50:26.4,9,2
5000,6/14/2023 4:50:43.0,1,2
5000,6/14/2023 4:53:22.0,8,2
5000,6/14/2023 4:53:27.0,9,2
5000,6/14/2023 4:53:43.5,1,2
5000,6/14/2023 4:54:51.0,8,2
5000,6/14/2023 4:54:56.0,9,2
5000,6/14/2023 4:55:13.4,1,2
5000,6/14/2023 4:55:48.7,8,2
5000,6/14/2023 4:55:53.7,9,2
5000,6/14/2023 4:56:11.9,1,2
5000,6/14/2023 5:01:43.6,8,2
5000,6/14/2023 5:01:48.6,9,2
5000,6/14/2023 5:02:07.0,1,2
5000,6/14/2023 5:02:25.0,8,2
5000,6/14/2023 5:02:30.0,9,2
5000,6/14/2023 5:02:47.3,1,2
5000,6/14/2023 5:04:09.6,8,2
5000,6/14/2023 5:04:14.6,9,2
5000,6/14/2023 5:04:31.6,1,2
5000,6/14/2023 5:04:43.0,8,2
5000,6/14/2023 5:04:48.0,9,2
5000,6/14/2023 5:05:04.6,1,2
5000,6/14/2023 5:08:29.4,8,2
5000,6/14/2023 5:08:34.4,9,2
5000,6/14/2023 5:08:51.7,1,2
5000,6/14/2023 5:09:04.1,8,2
5000,6/14/2023 5:09:09.1,9,2
5000,6/14/2023 5:09:27.7,1,2
5000,6/14/2023 5:09:55.2,8,2
5000,6/14/2023 5:10:00.2,9,2
5000,6/14/2023 5:10:19.5,1,2
5000,6/14/2023 5:13:32.6,8,2
5000,6/14/2023 5:13:37.6,9,2
5000,6/14/2023 5:14:22.2,1,2
5000,6/14/2023 5:18:30.9,8,2
5000,6/14/2023 5:18:35.9,9,2
5000,6/14/2023 5:18:52.5,1,2
5000,6/14/2023 5:24:50.4,8,2
5000,6/14/2023 5:24:55.4,9,2
5000,6/14/2023 5:25:12.5,1,2
5000,6/14/2023 5:26:54.2,8,2
5000,6/14/2023 5:26:59.2,9,2
5000,6/14/2023 5:27:15.8,1,2
5000,6/14/2023 5:28:29.0,8,2
5000,6/14/2023 5:28:34.0,9,2
5000,6/14/2023 5:28:52.8,1,2
5000,6/14/2023 5:29:23.4,8,2
5000,6/14/2023 5:29:28.4,9,2
5000,6/14/2023 5:29:48.2,1,2
5000,6/14/2023 5:30:05.3,8,2
5000,6/14/2023 5:30:10.3,9,2
5000,6/14/2023 5:30:28.2,1,2
5000,6/14/2023 5:31:51.2,8,2
5000,6/14/2023 5:31:56.2,9,2
5000,6/14/2023 5:32:14.6,1,2
5000,6/14/2023 5:32:32.9,8,2
5000,6/14/2023 5:32:37.9,9,2
5000,6/14/2023 5:32:54.5,1,2
5000,6/14/2023 5:34:08.7,8,2
5000,6/14/2023 5:34:13.7,9,2
5000,6/14/2023 5:34:30.6,1,2
5000,6/14/2023 5:35:01.4,8,2
5000,6/14/2023 5:35:06.4,9,2
5000,6/14/2023 5:35:23.6,1,2
5000,6/14/2023 5:35:34.0,8,2
5000,6/14/2023 5:35:39.0,9,2
5000,6/14/2023 5:35:55.6,1,2
5000,6/14/2023 5:38:50.4,8,2
5000,6/14/2023 5:38:55.4,9,2
5000,6/14/2023 5:39:16.1,1,2
5000,6/14/2023 5:41:51.5,8,2
5000,6/14/2023 5:41:56.5,9,2
5000,6/14/2023 5:42:15.7,1,2
5000,6/14/2023 5:46:34.3,8,2
5000,6/14/2023 5:46:39.3,9,2
5000,6/14/2023 5:46:57.0,1,2
5000,6/14/2023 5:47:15.2,8,2
5000,6/14/2023 5:47:20.2,9,2
5000,6/14/2023 5:47:39.4,1,2
5000,6/14/2023 5:48:23.2,8,2
5000,6/14/2023 5:48:28.2,9,2
5000,6/14/2023 5:48:44.7,1,2
5000,6/14/2023 5:49:08.0,8,2
5000,6/14/2023 5:49:13.0,9,2
5000,6/14/2023 5:49:29.5,1,2
5000,6/14/2023 5:50:21.4,8,2
5000,6/14/2023 5:50:26.4,9,2
5000,6/14/2023 5:50:44.6,1,2
5000,6/14/2023 5:51:24.1,8,2
5000,6/14/2023 5:51:29.1,9,2
5000,6/14/2023 5:51:46.3,1,2
5000,6/14/2023 5:51:56.3,8,2
5000,6/14/2023 5:52:01.3,9,2
5000,6/14/2023 5:52:17.8,1,2
5000,6/14/2023 5:52:30.2,8,2
5000,6/14/2023 5:52:35.2,9,2
5000,6/14/2023 5:52:54.2,1,2
5000,6/14/2023 5:53:11.0,8,2
5000,6/14/2023 5:53:16.0,9,2
5000,6/14/2023 5:54:16.0,1,2
5000,6/14/2023 5:54:55.6,8,2
5000,6/14/2023 5:55:00.6,9,2
5000,6/14/2023 5:55:19.0,1,2
5000,6/14/2023 5:56:29.4,8,2
5000,6/14/2023 5:56:34.4,9,2
5000,6/14/2023 5:56:52.6,1,2
5000,6/14/2023 5:57:16.2,8,2
5000,6/14/2023 5:57:21.2,9,2
5000,6/14/2023 5:57:39.6,1,2
5000,6/14/2023 5:58:01.2,8,2
5000,6/14/2023 5:58:06.2,9,2
5000,6/14/2023 5:58:24.8,1,2
5000,6/14/2023 5:58:47.9,8,2
5000,6/14/2023 5:58:52.9,9,2
5000,6/14/2023 5:59:09.4,1,2
5000,6/14/2023 6:02:07.8,1,2
5000,6/14/2023 6:03:46.6,8,2
5000,6/14/2023 6:03:51.6,9,2
5000,6/14/2023 6:04:08.2,1,2
5000,6/14/2023 6:05:04.1,8,2
5000,6/14/2023 6:05:09.1,9,2
5000,6/14/2023 6:05:27.1,1,2
5000,6/14/2023 6:05:59.2,8,2
5000,6/14/2023 6:06:04.2,9,2
5000,6/14/2023 6:06:21.2,1,2
5000,6/14/2023 6:08:05.5,8,2
5000,6/14/2023 6:08:10.5,9,2
5000,6/14/2023 6:08:27.6,1,2
5000,6/14/2023 6:09:50.9,8,2
5000,6/14/2023 6:09:55.9,9,2
5000,6/14/2023 6:10:13.8,1,2
5000,6/14/2023 6:11:48.7,1,2
5000,6/14/2023 6:12:12.3,8,2
5000,6/14/2023 6:12:17.3,9,2
5000,6/14/2023 6:12:36.1,1,2
5000,6/14/2023 6:13:23.3,8,2
5000,6/14/2023 6:13:28.3,9,2
5000,6/14/2023 6:13:48.0,1,2
5000,6/14/2023 6:15:03.1,8,2
5000,6/14/2023 6:15:08.1,9,2
5000,6/14/2023 6:15:27.6,1,2
5000,6/14/2023 6:15:58.5,8,2
5000,6/14/2023 6:16:03.5,9,2
5000,6/14/2023 6:16:21.9,1,2
5000,6/14/2023 6:16:39.0,8,2
5000,6/14/2023 6:16:44.0,9,2
5000,6/14/2023 6:17:04.2,1,2
5000,6/14/2023 6:17:21.6,8,2
5000,6/14/2023 6:17:26.6,9,2
5000,6/14/2023 6:17:46.8,1,2
5000,6/14/2023 6:18:43.7,8,2
5000,6/14/2023 6:18:48.7,9,2
5000,6/14/2023 6:19:12.3,1,2
5000,6/14/2023 6:19:41.9,8,2
5000,6/14/2023 6:19:46.9,9,2
5000,6/14/2023 6:20:10.4,1,2
5000,6/14/2023 6:20:20.4,8,2
5000,6/14/2023 6:20:25.4,9,2
5000,6/14/2023 6:20:46.8,1,2
5000,6/14/2023 6:20:59.9,8,2
5000,6/14/2023 6:21:55.8,8,2
5000,6/14/2023 6:22:00.8,9,2
5000,6/14/2023 6:22:21.0,1,2
5000,6/14/2023 6:25:39.5,8,2
5000,6/14/2023 6:25:44.5,9,2
5000,6/14/2023 6:26:02.8,1,2
5000,6/14/2023 6:26:28.2,8,2
5000,6/14/2023 6:26:33.2,9,2
5000,6/14/2023 6:26:50.7,1,2
5000,6/14/2023 6:27:28.6,8,2
5000,6/14/2023 6:27:33.6,9,2
5000,6/14/2023 6:27:50.5,1,2
5000,6/14/2023 6:28:05.4,8,2
5000,6/14/2023 6:28:10.4,9,2
5000,6/14/2023 6:28:30.3,1,2
5000,6/14/2023 6:29:47.8,8,2
5000,6/14/2023 6:29:52.8,9,2
5000,6/14/2023 6:30:09.3,1,2
5000,6/14/2023 6:31:05.2,8,2
5000,6/14/2023 6:31:10.2,9,2
5000,6/14/2023 6:31:28.9,1,2
5000,6/14/2023 6:33:07.2,8,2
5000,6/14/2023 6:33:12.2,9,2
5000,6/14/2023 6:33:28.8,1,2
5000,6/14/2023 6:34:58.3,8,2
5000,6/14/2023 6:35:03.3,9,2
5000,6/14/2023 6:35:26.9,1,2
5000,6/14/2023 6:36:58.3,8,2
5000,6/14/2023 6:37:03.3,9,2
5000,6/14/2023 6:37:38.8,1,2
5000,6/14/2023 6:38:58.3,8,2
5000,6/14/2023 6:39:03.3,9,2
5000,6/14/2023 6:39:23.7,1,2
5000,6/14/2023 6:40:58.3,8,2
5000,6/14/2023 6:42:58.3,8,2
5000,6/14/2023 6:43:03.3,9,2
5000,6/14/2023 6:43:26.1,1,2
5000,6/14/2023 6:44:58.3,8,2
5000,6/14/2023 6:45:03.3,9,2
5000,6/14/2023 6:45:27.7,1,2
5000,6/14/2023 6:46:58.3,8,2
5000,6/14/2023 6:47:03.3,9,2
5000,6/14/2023 6:47:30.1,1,2
5000,6/14/2023 6:48:58.3,8,2
5000,6/14/2023 6:49:03.3,9,2
5000,6/14/2023 6:49:47.8,1,2
5000,6/14/2023 6:50:58.3,8,2
5000,6/14/2023 6:52:58.3,8,2
5000,6/14/2023 6:53:03.3,9,2
5000,6/14/2023 6:53:30.3,1,2
5000,6/14/2023 6:54:58.3,8,2
5000,6/14/2023 6:55:03.3,9,2
5000,6/14/2023 6:56:00.3,1,2
5000,6/14/2023 6:57:30.7,8,2
5000,6/14/2023 6:57:35.7,9,2
5000,6/14/2023 6:57:53.0,1,2
5000,6/14/2023 6:58:58.3,8,2
5000,6/14/2023 6:59:03.3,9,2
5000,6/14/2023 6:59:34.1,1,2
5000,6/14/2023 7:01:53.0,1,2
5000,6/14/2023 7:02:58.3,8,2
5000,6/14/2023 7:03:03.3,9,2
5000,6/14/2023 7:03:24.4,1,2
5000,6/14/2023 7:04:58.3,8,2
5000,6/14/2023 7:05:03.3,9,2
5000,6/14/2023 7:05:24.4,1,2
5000,6/14/2023 7:06:58.3,8,2
5000,6/14/2023 7:07:03.3,9,2
5000,6/14/2023 7:07:28.0,1,2
5000,6/14/2023 7:08:58.3,8,2
5000,6/14/2023 7:09:03.3,9,2
5000,6/14/2023 7:09:26.5,1,2
5000,6/14/2023 7:10:58.3,8,2
5000,6/14/2023 7:11:03.3,9,2
5000,6/14/2023 7:11:24.5,1,2
5000,6/14/2023 7:12:58.3,8,2
5000,6/14/2023 7:13:03.3,9,2
5000,6/14/2023 7:13:23.6,1,2
5000,6/14/2023 7:14:58.3,8,2
5000,6/14/2023 7:15:03.3,9,2
5000,6/14/2023 7:15:39.7,1,2
5000,6/14/2023 7:16:58.3,8,2
5000,6/14/2023 7:17:03.3,9,2
5000,6/14/2023 7:17:23.4,1,2
5000,6/14/2023 7:18:58.3,8,2
5000,6/14/2023 7:19:03.3,9,2
5000,6/14/2023 7:19:24.2,1,2
5000,6/14/2023 7:20:58.3,8,2
5000,6/14/2023 7:22:58.3,8,2
5000,6/14/2023 7:23:03.3,9,2
5000,6/14/2023 7:23:30.6,1,2
5000,6/14/2023 7:24:58.3,8,2
5000,6/14/2023 7:25:03.3,9,2
5000,6/14/2023 7:25:27.2,1,2
5000,6/14/2023 7:26:58.3,8,2
5000,6/14/2023 7:27:03.3,9,2
5000,6/14/2023 7:27:26.2,1,2
5000,6/14/2023 7:28:58.3,8,2
5000,6/14/2023 7:29:03.3,9,2
5000,6/14/2023 7:29:40.8,1,2
5000,6/14/2023 7:30:58.3,8,2
5000,6/14/2023 7:32:58.3,8,2
5000,6/14/2023 7:33:03.3,9,2
5000,6/14/2023 7:33:41.5,1,2
5000,6/14/2023 7:34:58.3,8,2
5000,6/14/2023 7:35:03.3,9,2
5000,6/14/2023 7:35:27.8,1,2
5000,6/14/2023 7:36:58.3,8,2
5000,6/14/2023 7:37:03.3,9,2
5000,6/14/2023 7:37:30.8,1,2
5000,6/14/2023 7:38:58.3,8,2
5000,6/14/2023 7:39:03.3,9,2
5000,6/14/2023 7:39:51.0,1,2
5000,6/14/2023 7:40:58.3,8,2
5000,6/14/2023 7:41:49.7,1,2
5000,6/14/2023 7:42:58.3,8,2
5000,6/14/2023 7:43:03.3,9,2
5000,6/14/2023 7:43:36.3,1,2
5000,6/14/2023 7:44:58.3,8,2
5000,6/14/2023 7:45:03.3,9,2
5000,6/14/2023 7:46:01.0,1,2
5000,6/14/2023 7:46:58.3,8,2
5000,6/14/2023 7:47:03.3,9,2
5000,6/14/2023 7:47:30.1,1,2
5000,6/14/2023 7:48:58.3,8,2
5000,6/14/2023 7:49:03.3,9,2
5000,6/14/2023 7:49:32.8,1,2
5000,6/14/2023 7:50:58.3,8,2
5000,6/14/2023 7:52:58.3,8,2
5000,6/14/2023 7:53:03.3,9,2
5000,6/14/2023 7:53:33.4,1,2
5000,6/14/2023 7:54:58.3,8,2
5000,6/14/2023 7:55:03.3,9,2
5000,6/14/2023 7:55:30.1,1,2
5000,6/14/2023 7:56:58.3,8,2
5000,6/14/2023 7:57:03.3,9,2
5000,6/14/2023 7:57:48.7,1,2
5000,6/14/2023 7:58:58.3,8,2
5000,6/14/2023 7:59:03.3,9,2
5000,6/14/2023 7:59:33.2,1,2
5000,6/14/2023 8:00:58.3,8,2
5000,6/14/2023 8:01:03.3,9,2
5000,6/14/2023 8:02:08.7,1,2
5000,6/14/2023 8:03:04.5,8,2
5000,6/14/2023 8:03:09.5,9,2
5000,6/14/2023 8:03:33.4,1,2
5000,6/14/2023 8:04:58.3,8,2
5000,6/14/2023 8:05:03.3,9,2
5000,6/14/2023 8:05:47.8,1,2
5000,6/14/2023 8:06:58.3,8,2
5000,6/14/2023 8:07:03.3,9,2
5000,6/14/2023 8:07:24.4,1,2
5000,6/14/2023 8:08:58.3,8,2
5000,6/14/2023 8:09:03.3,9,2
5000,6/14/2023 8:09:42.2,1,2
5000,6/14/2023 8:10:58.3,8,2
5000,6/14/2023 8:12:58.3,8,2
5000,6/14/2023 8:13:03.3,9,2
5000,6/14/2023 8:13:34.4,1,2
5000,6/14/2023 8:14:58.3,8,2
5000,6/14/2023 8:15:03.3,9,2
5000,6/14/2023 8:16:28.6,1,2
5000,6/14/2023 8:17:10.9,8,2
5000,6/14/2023 8:17:15.9,9,2
5000,6/14/2023 8:17:48.4,1,2
5000,6/14/2023 8:18:58.3,8,2
5000,6/14/2023 8:19:03.3,9,2
5000,6/14/2023 8:19:23.9,1,2
5000,6/14/2023 8:20:58.3,8,2
5000,6/14/2023 8:22:58.3,8,2
5000,6/14/2023 8:23:03.3,9,2
5000,6/14/2023 8:23:35.8,1,2
5000,6/14/2023 8:24:58.3,8,2
5000,6/14/2023 8:25:03.3,9,2
5000,6/14/2023 8:25:22.7,1,2
5000,6/14/2023 8:26:58.3,8,2
5000,6/14/2023 8:27:03.3,9,2
5000,6/14/2023 8:27:29.8,1,2
5000,6/14/2023 8:28:58.3,8,2
5000,6/14/2023 8:29:03.3,9,2
5000,6/14/2023 8:29:28.8,1,2
5000,6/14/2023 8:30:58.3,8,2
5000,6/14/2023 8:32:58.3,8,2
5000,6/14/2023 8:33:03.3,9,2
5000,6/14/2023 8:33:25.0,1,2
5000,6/14/2023 8:34:58.3,8,2
5000,6/14/2023 8:35:03.3,9,2
5000,6/14/2023 8:36:07.8,1,2
5000,6/14/2023 8:37:03.6,8,2
5000,6/14/2023 8:37:08.6,9,2
5000,6/14/2023 8:37:47.0,1,2
5000,6/14/2023 8:38:58.3,8,2
5000,6/14/2023 8:39:03.3,9,2
5000,6/14/2023 8:39:42.0,1,2
5000,6/14/2023 8:40:58.3,8,2
5000,6/14/2023 8:41:03.3,9,2
5000,6/14/2023 8:41:27.5,1,2
5000,6/14/2023 8:42:58.3,8,2
5000,6/14/2023 8:43:03.3,9,2
5000,6/14/2023 8:43:45.6,1,2
5000,6/14/2023 8:44:58.3,8,2
5000,6/14/2023 8:45:03.3,9,2
5000,6/14/2023 8:45:47.6,1,2
5000,6/14/2023 8:46:58.3,8,2
5000,6/14/2023 8:47:03.3,9,2
5000,6/14/2023 8:47:34.8,1,2
5000,6/14/2023 8:48:58.3,8,2
5000,6/14/2023 8:49:03.3,9,2
5000,6/14/2023 8:49:43.5,1,2
5000,6/14/2023 8:50:58.3,8,2
5000,6/14/2023 8:52:58.3,8,2
5000,6/14/2023 8:53:03.3,9,2
5000,6/14/2023 8:53:35.2,1,2
5000,6/14/2023 8:54:58.3,8,2
5000,6/14/2023 8:55:03.3,9,2
5000,6/14/2023 8:55:49.6,1,2
5000,6/14/2023 8:56:58.3,8,2
5000,6/14/2023 8:57:03.3,9,2
5000,6/14/2023 8:57:25.0,1,2
5000,6/14/2023 8:58:58.3,8,2
5000,6/14/2023 8:59:03.3,9,2
5000,6/14/2023 8:59:29.4,1,2
5000,6/14/2023 9:00:58.3,8,2
5000,6/14/2023 9:02:58.3,8,2
5000,6/14/2023 9:03:03.3,9,2
5000,6/14/2023 9:03:42.7,1,2
5000,6/14/2023 9:04:58.3,8,2
5000,6/14/2023 9:05:03.3,9,2
5000,6/14/2023 9:05:44.4,1,2
5000,6/14/2023 9:06:58.3,8,2
5000,6/14/2023 9:07:03.3,9,2
5000,6/14/2023 9:07:30.4,1,2
5000,6/14/2023 9:08:58.3,8,2
5000,6/14/2023 9:09:03.3,9,2
5000,6/14/2023 9:09:39.3,1,2
5000,6/14/2023 9:10:58.3,8,2
5000,6/14/2023 9:11:03.3,9,2
5000,6/14/2023 9:11:38.2,1,2
5000,6/14/2023 9:13:07.2,8,2
5000,6/14/2023 9:13:12.2,9,2
5000,6/14/2023 9:13:35.4,1,2
5000,6/14/2023 9:14:58.3,8,2
5000,6/14/2023 9:15:03.3,9,2
5000,6/14/2023 9:15:28.4,1,2
5000,6/14/2023 9:16:58.3,8,2
5000,6/14/2023 9:17:03.3,9,2
5000,6/14/2023 9:17:25.4,1,2
5000,6/14/2023 9:18:58.3,8,2
5000,6/14/2023 9:19:03.3,9,2
5000,6/14/2023 9:19:48.9,1,2
5000,6/14/2023 9:20:58.3,8,2
5000,6/14/2023 9:22:58.3,8,2
5000,6/14/2023 9:23:03.3,9,2
5000,6/14/2023 9:23:41.0,1,2
5000,6/14/2023 9:24:58.3,8,2
5000,6/14/2023 9:25:03.3,9,2
5000,6/14/2023 9:25:37.1,1,2
5000,6/14/2023 9:26:58.3,8,2
5000,6/14/2023 9:27:03.3,9,2
5000,6/14/2023 9:27:35.1,1,2
5000,6/14/2023 9:28:58.3,8,2
5000,6/14/2023 9:29:03.3,9,2
5000,6/14/2023 9:29:33.0,1,2
5000,6/14/2023 9:30:58.3,8,2
5000,6/14/2023 9:31:52.9,1,2
5000,6/14/2023 9:32:58.3,8,2
5000,6/14/2023 9:33:03.3,9,2
5000,6/14/2023 9:33:42.0,1,2
5000,6/14/2023 9:34:58.3,8,2
5000,6/14/2023 9:35:03.3,9,2
5000,6/14/2023 9:35:35.1,1,2
5000,6/14/2023 9:36:58.3,8,2
5000,6/14/2023 9:37:03.3,9,2
5000,6/14/2023 9:37:49.7,1,2
5000,6/14/2023 9:38:58.3,8,2
5000,6/14/2023 9:39:03.3,9,2
5000,6/14/2023 9:39:27.7,1,2
5000,6/14/2023 9:40:58.3,8,2
5000,6/14/2023 9:42:58.3,8,2
5000,6/14/2023 9:43:03.3,9,2
5000,6/14/2023 9:43:53.0,1,2
5000,6/14/2023 9:44:58.3,8,2
5000,6/14/2023 9:45:03.3,9,2
5000,6/14/2023 9:45:44.7,1,2
5000,6/14/2023 9:46:58.3,8,2
5000,6/14/2023 9:47:03.3,9,2
5000,6/14/2023 9:47:52.3,1,2
5000,6/14/2023 9:48:58.3,8,2
5000,6/14/2023 9:49:03.3,9,2
5000,6/14/2023 9:49:24.0,1,2
5000,6/14/2023 9:50:58.3,8,2
5000,6/14/2023 9:51:03.3,9,2
5000,6/14/2023 9:51:22.6,1,2
5000,6/14/2023 9:52:58.3,8,2
5000,6/14/2023 9:53:03.3,9,2
5000,6/14/2023 9:53:37.2,1,2
5000,6/14/2023 9:54:58.3,8,2
5000,6/14/2023 9:55:03.3,9,2
5000,6/14/2023 9:55:42.3,1,2
5000,6/14/2023 9:56:58.3,8,2
5000,6/14/2023 9:57:03.3,9,2
5000,6/14/2023 9:58:07.9,1,2
5000,6/14/2023 9:59:03.7,8,2
5000,6/14/2023 9:59:08.7,9,2
5000,6/14/2023 10:00:14.9,1,2
5000,6/14/2023 10:03:12.3,8,2
5000,6/14/2023 10:03:17.3,9,2
5000,6/14/2023 10:04:00.8,1,2
5000,6/14/2023 10:05:24.3,8,2
5000,6/14/2023 10:05:29.3,9,2
5000,6/14/2023 10:06:26.3,1,2
5000,6/14/2023 10:07:36.3,8,2
5000,6/14/2023 10:07:41.3,9,2
5000,6/14/2023 10:08:42.1,1,2
5000,6/14/2023 10:09:48.3,8,2
5000,6/14/2023 10:09:53.3,9,2
5000,6/14/2023 10:10:17.8,1,2
5000,6/14/2023 10:12:00.3,8,2
5000,6/14/2023 10:12:05.3,9,2
5000,6/14/2023 10:13:15.3,1,2
5000,6/14/2023 10:14:12.3,8,2
5000,6/14/2023 10:14:17.3,9,2
5000,6/14/2023 10:14:52.5,1,2
5000,6/14/2023 10:16:24.3,8,2
5000,6/14/2023 10:16:29.3,9,2
5000,6/14/2023 10:17:52.9,1,2
5000,6/14/2023 10:18:36.3,8,2
5000,6/14/2023 10:18:41.3,9,2
5000,6/14/2023 10:19:10.5,1,2
5000,6/14/2023 10:20:48.3,8,2
5000,6/14/2023 10:20:53.3,9,2
5000,6/14/2023 10:21:38.2,1,2
5000,6/14/2023 10:23:00.3,8,2
5000,6/14/2023 10:23:05.3,9,2
5000,6/14/2023 10:23:56.2,1,2
5000,6/14/2023 10:25:12.3,8,2
5000,6/14/2023 10:25:17.3,9,2
5000,6/14/2023 10:25:55.6,1,2
5000,6/14/2023 10:27:24.3,8,2
5000,6/14/2023 10:27:29.3,9,2
5000,6/14/2023 10:27:52.1,1,2
5000,6/14/2023 10:29:36.3,8,2
5000,6/14/2023 10:29:41.3,9,2
5000,6/14/2023 10:30:20.1,1,2
5000,6/14/2023 10:31:53.3,9,2
5000,6/14/2023 10:32:21.2,1,2
5000,6/14/2023 10:34:00.3,8,2
5000,6/14/2023 10:34:05.3,9,2
5000,6/14/2023 10:34:46.8,1,2
5000,6/14/2023 10:36:12.3,8,2
5000,6/14/2023 10:36:17.3,9,2
5000,6/14/2023 10:36:55.6,1,2
5000,6/14/2023 10:38:24.3,8,2
5000,6/14/2023 10:38:29.3,9,2
5000,6/14/2023 10:39:27.6,1,2
5000,6/14/2023 10:40:36.3,8,2
5000,6/14/2023 10:40:41.3,9,2
5000,6/14/2023 10:41:41.3,1,2
5000,6/14/2023 10:42:48.3,8,2
5000,6/14/2023 10:42:53.3,9,2
5000,6/14/2023 10:43:28.0,1,2
5000,6/14/2023 10:45:00.3,8,2
5000,6/14/2023 10:45:05.3,9,2
5000,6/14/2023 10:45:29.6,1,2
5000,6/14/2023 10:47:12.3,8,2
5000,6/14/2023 10:47:17.3,9,2
5000,6/14/2023 10:47:59.5,1,2
5000,6/14/2023 10:49:24.3,8,2
5000,6/14/2023 10:49:29.3,9,2
5000,6/14/2023 10:50:12.4,1,2
5000,6/14/2023 10:51:41.3,9,2
5000,6/14/2023 10:52:24.4,1,2
5000,6/14/2023 10:53:48.3,8,2
5000,6/14/2023 10:53:53.3,9,2
5000,6/14/2023 10:54:28.3,1,2
5000,6/14/2023 10:56:00.3,8,2
5000,6/14/2023 10:56:05.3,9,2
5000,6/14/2023 10:56:50.4,1,2
5000,6/14/2023 10:58:12.3,8,2
5000,6/14/2023 10:58:17.3,9,2
5000,6/14/2023 10:59:20.2,1,2
5000,6/14/2023 11:00:24.3,8,2
5000,6/14/2023 11:00:29.3,9,2
5000,6/14/2023 11:02:36.3,8,2
5000,6/14/2023 11:02:41.3,9,2
5000,6/14/2023 11:03:25.4,1,2
5000,6/14/2023 11:04:48.3,8,2
5000,6/14/2023 11:04:53.3,9,2
5000,6/14/2023 11:05:51.8,1,2
5000,6/14/2023 11:07:00.3,8,2
5000,6/14/2023 11:07:05.3,9,2
5000,6/14/2023 11:07:51.9,1,2
5000,6/14/2023 11:09:12.3,8,2
5000,6/14/2023 11:09:17.3,9,2
5000,6/14/2023 11:09:47.4,1,2
5000,6/14/2023 11:11:24.3,8,2
5000,6/14/2023 11:11:29.3,9,2
5000,6/14/2023 11:12:08.5,1,2
5000,6/14/2023 11:13:36.3,8,2
5000,6/14/2023 11:13:41.3,9,2
5000,6/14/2023 11:14:21.9,1,2
5000,6/14/2023 11:15:48.3,8,2
5000,6/14/2023 11:15:53.3,9,2
5000,6/14/2023 11:16:36.5,1,2
5000,6/14/2023 11:18:00.3,8,2
5000,6/14/2023 11:18:05.3,9,2
5000,6/14/2023 11:18:55.9,1,2
5000,6/14/2023 11:20:12.3,8,2
5000,6/14/2023 11:20:17.3,9,2
5000,6/14/2023 11:20:57.4,1,2
5000,6/14/2023 11:22:24.3,8,2
5000,6/14/2023 11:22:29.3,9,2
5000,6/14/2023 11:23:40.9,1,2
5000,6/14/2023 11:24:36.3,8,2
5000,6/14/2023 11:24:41.3,9,2
5000,6/14/2023 11:25:18.1,1,2
5000,6/14/2023 11:26:48.3,8,2
5000,6/14/2023 11:26:53.3,9,2
5000,6/14/2023 11:27:38.4,1,2
5000,6/14/2023 11:29:00.3,8,2
5000,6/14/2023 11:29:05.3,9,2
5000,6/14/2023 11:29:41.6,1,2
5000,6/14/2023 11:31:53.9,1,2
5000,6/14/2023 11:33:24.3,8,2
5000,6/14/2023 11:33:29.3,9,2
5000,6/14/2023 11:34:07.5,1,2
5000,6/14/2023 11:35:36.3,8,2
5000,6/14/2023 11:35:41.3,9,2
5000,6/14/2023 11:36:19.7,1,2
5000,6/14/2023 11:37:48.3,8,2
5000,6/14/2023 11:37:53.3,9,2
5000,6/14/2023 11:38:39.3,1,2
5000,6/14/2023 11:40:00.3,8,2
5000,6/14/2023 11:40:05.3,9,2
5000,6/14/2023 11:40:46.2,1,2
5000,6/14/2023 11:42:12.3,8,2
5000,6/14/2023 11:42:17.3,9,2
5000,6/14/2023 11:43:21.2,1,2
5000,6/14/2023 11:44:24.3,8,2
5000,6/14/2023 11:44:29.3,9,2
5000,6/14/2023 11:45:31.0,1,2
5000,6/14/2023 11:46:36.3,8,2
5000,6/14/2023 11:46:41.3,9,2
5000,6/14/2023 11:47:08.3,1,2
5000,6/14/2023 11:48:48.3,8,2
5000,6/14/2023 11:48:53.3,9,2
5000,6/14/2023 11:49:31.9,1,2
5000,6/14/2023 11:51:00.3,8,2
5000,6/14/2023 11:51:05.3,9,2
5000,6/14/2023 11:51:47.9,1,2
5000,6/14/2023 11:53:12.3,8,2
5000,6/14/2023 11:53:17.3,9,2
5000,6/14/2023 11:53:50.1,1,2
5000,6/14/2023 11:55:24.3,8,2
5000,6/14/2023 11:55:29.3,9,2
5000,6/14/2023 11:56:11.8,1,2
5000,6/14/2023 11:57:36.3,8,2
5000,6/14/2023 11:57:41.3,9,2
5000,6/14/2023 11:58:27.2,1,2
5000,6/14/2023 11:59:48.3,8,2
5000,6/14/2023 11:59:53.3,9,2
5000,6/14/2023 12:00:15.8,1,2
5000,6/14/2023 12:02:00.3,8,2
5000,6/14/2023 12:02:05.3,9,2
5000,6/14/2023 12:02:35.4,1,2
5000,6/14/2023 12:04:12.3,8,2
5000,6/14/2023 12:04:17.3,9,2
5000,6/14/2023 12:04:57.0,1,2
5000,6/14/2023 12:06:24.3,8,2
5000,6/14/2023 12:06:29.3,9,2
5000,6/14/2023 12:07:22.9,1,2
5000,6/14/2023 12:08:36.3,8,2
5000,6/14/2023 12:08:41.3,9,2
5000,6/14/2023 12:09:24.2,1,2
5000,6/14/2023 12:10:48.3,8,2
5000,6/14/2023 12:10:53.3,9,2
5000,6/14/2023 12:13:00.3,8,2
5000,6/14/2023 12:13:05.3,9,2
5000,6/14/2023 12:13:50.2,1,2
5000,6/14/2023 12:15:12.3,8,2
5000,6/14/2023 12:15:17.3,9,2
5000,6/14/2023 12:15:48.9,1,2
5000,6/14/2023 12:17:24.3,8,2
5000,6/14/2023 12:17:29.3,9,2
5000,6/14/2023 12:18:27.0,1,2
5000,6/14/2023 12:19:36.3,8,2
5000,6/14/2023 12:19:41.3,9,2
5000,6/14/2023 12:20:25.8,1,2
5000,6/14/2023 12:21:48.3,8,2
5000,6/14/2023 12:21:53.3,9,2
5000,6/14/2023 12:22:40.4,1,2
5000,6/14/2023 12:24:00.3,8,2
5000,6/14/2023 12:24:05.3,9,2
5000,6/14/2023 12:24:35.4,1,2
5000,6/14/2023 12:26:12.3,8,2
5000,6/14/2023 12:26:17.3,9,2
5000,6/14/2023 12:27:06.9,1,2
5000,6/14/2023 12:28:24.3,8,2
5000,6/14/2023 12:28:29.3,9,2
5000,6/14/2023 12:29:12.3,1,2
5000,6/14/2023 12:30:36.3,8,2
5000,6/14/2023 12:30:41.3,9,2
5000,6/14/2023 12:32:48.3,8,2
5000,6/14/2023 12:32:53.3,9,2
5000,6/14/2023 12:33:51.9,1,2
5000,6/14/2023 12:35:00.3,8,2
5000,6/14/2023 12:35:05.3,9,2
5000,6/14/2023 12:35:45.3,1,2
5000,6/14/2023 12:37:12.3,8,2
5000,6/14/2023 12:37:17.3,9,2
5000,6/14/2023 12:37:55.7,1,2
5000,6/14/2023 12:39:24.3,8,2
5000,6/14/2023 12:39:29.3,9,2
5000,6/14/2023 12:40:10.5,1,2
5000,6/14/2023 12:41:41.3,9,2
5000,6/14/2023 12:42:20.6,1,2
5000,6/14/2023 12:43:48.3,8,2
5000,6/14/2023 12:43:53.3,9,2
5000,6/14/2023 12:44:44.7,1,2
5000,6/14/2023 12:46:00.3,8,2
5000,6/14/2023 12:46:05.3,9,2
5000,6/14/2023 12:46:50.7,1,2
5000,6/14/2023 12:48:12.3,8,2
5000,6/14/2023 12:48:17.3,9,2
5000,6/14/2023 12:49:21.9,1,2
5000,6/14/2023 12:50:24.3,8,2
5000,6/14/2023 12:50:29.3,9,2
5000,6/14/2023 12:52:36.3,8,2
5000,6/14/2023 12:52:41.3,9,2
5000,6/14/2023 12:53:20.3,1,2
5000,6/14/2023 12:54:48.3,8,2
5000,6/14/2023 12:54:53.3,9,2
5000,6/14/2023 12:55:33.5,1,2
5000,6/14/2023 12:57:00.3,8,2
5000,6/14/2023 12:57:05.3,9,2
5000,6/14/2023 12:58:16.9,1,2
5000,6/14/2023 12:59:12.3,8,2
5000,6/14/2023 12:59:17.3,9,2
5000,6/14/2023 13:00:20.0,1,2
5000,6/14/2023 13:01:24.3,8,2
5000,6/14/2023 13:01:29.3,9,2
5000,6/14/2023 13:02:08.0,1,2
5000,6/14/2023 13:03:36.3,8,2
5000,6/14/2023 13:03:41.3,9,2
5000,6/14/2023 13:04:16.3,1,2
5000,6/14/2023 13:05:48.3,8,2
5000,6/14/2023 13:05:53.3,9,2
5000,6/14/2023 13:06:55.7,1,2
5000,6/14/2023 13:08:00.3,8,2
5000,6/14/2023 13:08:05.3,9,2
5000,6/14/2023 13:08:50.8,1,2
5000,6/14/2023 13:10:12.3,8,2
5000,6/14/2023 13:10:17.3,9,2
5000,6/14/2023 13:12:24.3,8,2
5000,6/14/2023 13:12:29.3,9,2
5000,6/14/2023 13:13:32.3,1,2
5000,6/14/2023 13:14:36.3,8,2
5000,6/14/2023 13:14:41.3,9,2
5000,6/14/2023 13:15:04.5,1,2
5000,6/14/2023 13:16:48.3,8,2
5000,6/14/2023 13:16:53.3,9,2
5000,6/14/2023 13:17:41.0,1,2
5000,6/14/2023 13:19:00.3,8,2
5000,6/14/2023 13:19:05.3,9,2
5000,6/14/2023 13:19:31.6,1,2
5000,6/14/2023 13:21:54.1,1,2
5000,6/14/2023 13:23:24.3,8,2
5000,6/14/2023 13:23:29.3,9,2
5000,6/14/2023 13:24:09.5,1,2
5000,6/14/2023 13:25:36.3,8,2
5000,6/14/2023 13:25:41.3,9,2
5000,6/14/2023 13:26:11.0,1,2
5000,6/14/2023 13:27:48.3,8,2
5000,6/14/2023 13:27:53.3,9,2
5000,6/14/2023 13:28:16.3,1,2
5000,6/14/2023 13:30:00.3,8,2
5000,6/14/2023 13:30:05.3,9,2
5000,6/14/2023 13:30:56.7,1,2
5000,6/14/2023 13:32:12.3,8,2
5000,6/14/2023 13:32:17.3,9,2
5000,6/14/2023 13:33:00.6,1,2
5000,6/14/2023 13:34:24.3,8,2
5000,6/14/2023 13:34:29.3,9,2
5000,6/14/2023 13:35:09.8,1,2
5000,6/14/2023 13:36:36.3,8,2
5000,6/14/2023 13:36:41.3,9,2
5000,6/14/2023 13:37:23.9,1,2
5000,6/14/2023 13:38:48.3,8,2
5000,6/14/2023 13:38:53.3,9,2
5000,6/14/2023 13:39:35.0,1,2
5000,6/14/2023 13:41:00.3,8,2
5000,6/14/2023 13:41:05.3,9,2
5000,6/14/2023 13:42:08.0,1,2
5000,6/14/2023 13:43:12.3,8,2
5000,6/14/2023 13:43:17.3,9,2
5000,6/14/2023 13:44:11.5,1,2
5000,6/14/2023 13:45:24.3,8,2
5000,6/14/2023 13:45:29.3,9,2
5000,6/14/2023 13:46:40.9,1,2
5000,6/14/2023 13:47:36.3,8,2
5000,6/14/2023 13:47:41.3,9,2
5000,6/14/2023 13:48:11.0,1,2
5000,6/14/2023 13:49:48.3,8,2
5000,6/14/2023 13:49:53.3,9,2
5000,6/14/2023 13:50:43.4,1,2
5000,6/14/2023 13:52:00.3,8,2
5000,6/14/2023 13:52:05.3,9,2
5000,6/14/2023 13:52:41.5,1,2
5000,6/14/2023 13:54:12.3,8,2
5000,6/14/2023 13:54:17.3,9,2
5000,6/14/2023 13:55:03.2,1,2
5000,6/14/2023 13:56:24.3,8,2
5000,6/14/2023 13:56:29.3,9,2
5000,6/14/2023 13:57:08.6,1,2
5000,6/14/2023 13:58:36.3,8,2
5000,6/14/2023 13:58:41.3,9,2
5000,6/14/2023 13:59:24.8,1,2
5000,6/14/2023 14:00:25.3,8,2
5000,6/14/2023 14:00:30.3,9,2
5000,6/14/2023 14:02:55.3,8,2
5000,6/14/2023 14:03:00.3,9,2
5000,6/14/2023 14:03:45.1,1,2
5000,6/14/2023 14:05:25.3,8,2
5000,6/14/2023 14:05:30.3,9,2
5000,6/14/2023 14:06:42.5,1,2
5000,6/14/2023 14:07:55.3,8,2
5000,6/14/2023 14:08:00.3,9,2
5000,6/14/2023 14:08:57.7,1,2
5000,6/14/2023 14:10:25.3,8,2
5000,6/14/2023 14:10:30.3,9,2
5000,6/14/2023 14:11:31.8,1,2
5000,6/14/2023 14:12:55.9,8,2
5000,6/14/2023 14:13:00.9,9,2
5000,6/14/2023 14:14:31.9,1,2
5000,6/14/2023 14:15:43.3,8,2
5000,6/14/2023 14:15:48.3,9,2
5000,6/14/2023 14:16:59.9,1,2
5000,6/14/2023 14:17:55.3,8,2
5000,6/14/2023 14:18:00.3,9,2
5000,6/14/2023 14:18:48.3,1,2
5000,6/14/2023 14:20:25.3,8,2
5000,6/14/2023 14:20:30.3,9,2
5000,6/14/2023 14:23:13.3,8,2
5000,6/14/2023 14:23:18.3,9,2
5000,6/14/2023 14:23:59.7,1,2
5000,6/14/2023 14:25:25.3,8,2
5000,6/14/2023 14:25:30.3,9,2
5000,6/14/2023 14:26:58.6,1,2
5000,6/14/2023 14:28:13.3,8,2
5000,6/14/2023 14:28:18.3,9,2
5000,6/14/2023 14:29:07.0,1,2
5000,6/14/2023 14:30:25.3,8,2
5000,6/14/2023 14:30:30.3,9,2
5000,6/14/2023 14:32:00.0,1,2
5000,6/14/2023 14:32:55.3,8,2
5000,6/14/2023 14:33:00.3,9,2
5000,6/14/2023 14:34:07.3,1,2
5000,6/14/2023 14:35:25.3,8,2
5000,6/14/2023 14:35:30.3,9,2
5000,6/14/2023 14:36:53.9,1,2
5000,6/14/2023 14:37:55.3,8,2
5000,6/14/2023 14:38:00.3,9,2
5000,6/14/2023 14:39:05.9,1,2
5000,6/14/2023 14:40:25.3,8,2
5000,6/14/2023 14:40:30.3,9,2
5000,6/14/2023 14:42:55.3,8,2
5000,6/14/2023 14:43:00.3,9,2
5000,6/14/2023 14:44:08.7,1,2
5000,6/14/2023 14:45:25.3,8,2
5000,6/14/2023 14:45:30.3,9,2
5000,6/14/2023 14:46:50.5,1,2
5000,6/14/2023 14:47:55.3,8,2
5000,6/14/2023 14:48:00.3,9,2
5000,6/14/2023 14:49:06.4,1,2
5000,6/14/2023 14:50:25.3,8,2
5000,6/14/2023 14:50:30.3,9,2
5000,6/14/2023 14:51:30.6,1,2
5000,6/14/2023 14:52:55.3,8,2
5000,6/14/2023 14:53:00.3,9,2
5000,6/14/2023 14:54:12.8,1,2
5000,6/14/2023 14:55:25.3,8,2
5000,6/14/2023 14:55:30.3,9,2
5000,6/14/2023 14:56:31.3,1,2
5000,6/14/2023 14:57:58.4,8,2
5000,6/14/2023 14:58:03.4,9,2
5000,6/14/2023 14:59:09.5,1,2
5000,6/14/2023 15:00:25.9,8,2
5000,6/14/2023 15:00:30.9,9,2
5000,6/14/2023 15:02:55.3,8,2
5000,6/14/2023 15:03:00.3,9,2
5000,6/14/2023 15:04:03.0,1,2
5000,6/14/2023 15:05:25.3,8,2
5000,6/14/2023 15:05:30.3,9,2
5000,6/14/2023 15:06:33.8,1,2
5000,6/14/2023 15:07:55.3,8,2
5000,6/14/2023 15:08:00.3,9,2
5000,6/14/2023 15:09:09.3,1,2
5000,6/14/2023 15:10:25.3,8,2
5000,6/14/2023 15:10:30.3,9,2
5000,6/14/2023 15:12:55.3,8,2
5000,6/14/2023 15:13:00.3,9,2
5000,6/14/2023 15:13:59.4,1,2
5000,6/14/2023 15:15:25.3,8,2
5000,6/14/2023 15:15:30.3,9,2
5000,6/14/2023 15:16:33.0,1,2
5000,6/14/2023 15:17:55.3,8,2
5000,6/14/2023 15:18:00.3,9,2
5000,6/14/2023 15:19:06.4,1,2
5000,6/14/2023 15:20:43.3,8,2
5000,6/14/2023 15:20:48.3,9,2
5000,6/14/2023 15:21:39.0,1,2
5000,6/14/2023 15:22:55.3,8,2
5000,6/14/2023 15:23:00.3,9,2
5000,6/14/2023 15:23:46.9,1,2
5000,6/14/2023 15:25:25.3,8,2
5000,6/14/2023 15:25:30.3,9,2
5000,6/14/2023 15:26:33.9,1,2
5000,6/14/2023 15:27:55.3,8,2
5000,6/14/2023 15:28:00.3,9,2
5000,6/14/2023 15:28:57.4,1,2
5000,6/14/2023 15:30:25.3,8,2
5000,6/14/2023 15:30:30.3,9,2
5000,6/14/2023 15:32:55.3,8,2
5000,6/14/2023 15:33:00.3,9,2
5000,6/14/2023 15:34:04.6,1,2
5000,6/14/2023 15:35:25.3,8,2
5000,6/14/2023 15:35:30.3,9,2
5000,6/14/2023 15:36:31.6,1,2
5000,6/14/2023 15:37:55.3,8,2
5000,6/14/2023 15:38:00.3,9,2
5000,6/14/2023 15:39:04.1,1,2
5000,6/14/2023 15:40:25.3,8,2
5000,6/14/2023 15:40:30.3,9,2
5000,6/14/2023 15:42:55.3,8,2
5000,6/14/2023 15:43:00.3,9,2
5000,6/14/2023 15:44:14.5,1,2
5000,6/14/2023 15:45:25.3,8,2
5000,6/14/2023 15:45:30.3,9,2
5000,6/14/2023 15:46:31.9,1,2
5000,6/14/2023 15:47:55.3,8,2
5000,6/14/2023 15:48:00.3,9,2
5000,6/14/2023 15:49:16.5,1,2
5000,6/14/2023 15:50:25.3,8,2
5000,6/14/2023 15:50:30.3,9,2
5000,6/14/2023 15:52:55.3,8,2
5000,6/14/2023 15:53:00.3,9,2
5000,6/14/2023 15:53:57.4,1,2
5000,6/14/2023 15:55:25.3,8,2
5000,6/14/2023 15:55:30.3,9,2
5000,6/14/2023 15:56:29.7,1,2
5000,6/14/2023 15:57:55.3,8,2
5000,6/14/2023 15:58:00.3,9,2
5000,6/14/2023 15:59:30.0,1,2
5000,6/14/2023 16:00:25.3,8,2
5000,6/14/2023 16:00:30.3,9,2
5000,6/14/2023 16:01:35.9,1,2
5000,6/14/2023 16:02:55.3,8,2
5000,6/14/2023 16:03:00.3,9,2
5000,6/14/2023 16:04:09.2,1,2
5000,6/14/2023 16:05:25.3,8,2
5000,6/14/2023 16:05:30.3,9,2
5000,6/14/2023 16:07:00.0,1,2
5000,6/14/2023 16:07:55.3,8,2
5000,6/14/2023 16:08:00.3,9,2
5000,6/14/2023 16:08:59.8,1,2
5000,6/14/2023 16:10:25.3,8,2
5000,6/14/2023 16:10:30.3,9,2
5000,6/14/2023 16:12:55.3,8,2
5000,6/14/2023 16:13:00.3,9,2
5000,6/14/2023 16:14:31.9,1,2
5000,6/14/2023 16:15:25.3,8,2
5000,6/14/2023 16:15:30.3,9,2
5000,6/14/2023 16:17:00.0,1,2
5000,6/14/2023 16:18:13.3,8,2
5000,6/14/2023 16:18:18.3,9,2
5000,6/14/2023 16:19:04.3,1,2
5000,6/14/2023 16:20:25.3,8,2
5000,6/14/2023 16:20:30.3,9,2
5000,6/14/2023 16:23:13.3,8,2
5000,6/14/2023 16:23:18.3,9,2
5000,6/14/2023 16:24:22.9,1,2
5000,6/14/2023 16:25:25.3,8,2
5000,6/14/2023 16:25:30.3,9,2
5000,6/14/2023 16:26:34.2,1,2
5000,6/14/2023 16:27:55.3,8,2
5000,6/14/2023 16:28:00.3,9,2
5000,6/14/2023 16:29:03.9,1,2
5000,6/14/2023 16:30:43.3,8,2
5000,6/14/2023 16:30:48.3,9,2
5000,6/14/2023 16:32:55.3,8,2
5000,6/14/2023 16:33:00.3,9,2
5000,6/14/2023 16:34:06.5,1,2
5000,6/14/2023 16:35:25.3,8,2
5000,6/14/2023 16:35:30.3,9,2
5000,6/14/2023 16:36:37.9,1,2
5000,6/14/2023 16:37:55.3,8,2
5000,6/14/2023 16:38:00.3,9,2
5000,6/14/2023 16:39:13.6,1,2
5000,6/14/2023 16:40:43.3,8,2
5000,6/14/2023 16:40:48.3,9,2
5000,6/14/2023 16:41:33.3,1,2
5000,6/14/2023 16:42:55.3,8,2
5000,6/14/2023 16:43:00.3,9,2
5000,6/14/2023 16:44:04.3,1,2
5000,6/14/2023 16:45:25.3,8,2
5000,6/14/2023 16:45:30.3,9,2
5000,6/14/2023 16:46:59.1,1,2
5000,6/14/2023 16:47:55.3,8,2
5000,6/14/2023 16:48:00.3,9,2
5000,6/14/2023 16:49:10.0,1,2
5000,6/14/2023 16:50:25.3,8,2
5000,6/14/2023 16:50:30.3,9,2
5000,6/14/2023 16:52:55.3,8,2
5000,6/14/2023 16:53:00.3,9,2
5000,6/14/2023 16:54:09.8,1,2
5000,6/14/2023 16:55:43.3,8,2
5000,6/14/2023 16:55:48.3,9,2
5000,6/14/2023 16:57:01.9,1,2
5000,6/14/2023 16:57:55.3,8,2
5000,6/14/2023 16:58:00.3,9,2
5000,6/14/2023 16:59:17.0,1,2
5000,6/14/2023 17:00:25.3,8,2
5000,6/14/2023 17:00:30.3,9,2
5000,6/14/2023 17:02:55.3,8,2
5000,6/14/2023 17:03:00.3,9,2
5000,6/14/2023 17:04:08.4,1,2
5000,6/14/2023 17:05:25.3,8,2
5000,6/14/2023 17:05:30.3,9,2
5000,6/14/2023 17:06:38.3,1,2
5000,6/14/2023 17:07:55.3,8,2
5000,6/14/2023 17:08:00.3,9,2
5000,6/14/2023 17:08:56.9,1,2
5000,6/14/2023 17:10:25.3,8,2
5000,6/14/2023 17:10:30.3,9,2
5000,6/14/2023 17:12:55.3,8,2
5000,6/14/2023 17:13:00.3,9,2
5000,6/14/2023 17:14:04.5,1,2
5000,6/14/2023 17:15:25.3,8,2
5000,6/14/2023 17:15:30.3,9,2
5000,6/14/2023 17:16:43.4,1,2
5000,6/14/2023 17:17:55.3,8,2
5000,6/14/2023 17:18:00.3,9,2
5000,6/14/2023 17:19:15.3,1,2
5000,6/14/2023 17:20:25.3,8,2
5000,6/14/2023 17:20:30.3,9,2
5000,6/14/2023 17:22:00.0,1,2
5000,6/14/2023 17:22:55.3,8,2
5000,6/14/2023 17:23:00.3,9,2
5000,6/14/2023 17:24:30.0,1,2
5000,6/14/2023 17:25:25.3,8,2
5000,6/14/2023 17:25:30.3,9,2
5000,6/14/2023 17:26:40.8,1,2
5000,6/14/2023 17:27:55.3,8,2
5000,6/14/2023 17:28:00.3,9,2
5000,6/14/2023 17:29:11.6,1,2
5000,6/14/2023 17:30:25.3,8,2
5000,6/14/2023 17:30:30.3,9,2
5000,6/14/2023 17:32:55.3,8,2
5000,6/14/2023 17:33:00.3,9,2
5000,6/14/2023 17:34:11.8,1,2
5000,6/14/2023 17:35:25.3,8,2
5000,6/14/2023 17:35:30.3,9,2
5000,6/14/2023 17:36:26.2,1,2
5000,6/14/2023 17:37:55.3,8,2
5000,6/14/2023 17:38:00.3,9,2
5000,6/14/2023 17:38:54.4,1,2
5000,6/14/2023 17:40:25.3,8,2
5000,6/14/2023 17:40:30.3,9,2
5000,6/14/2023 17:42:55.3,8,2
5000,6/14/2023 17:43:00.3,9,2
5000,6/14/2023 17:44:12.8,1,2
5000,6/14/2023 17:45:25.3,8,2
5000,6/14/2023 17:45:30.3,9,2
5000,6/14/2023 17:46:34.6,1,2
5000,6/14/2023 17:47:55.3,8,2
5000,6/14/2023 17:48:00.3,9,2
5000,6/14/2023 17:49:06.0,1,2
5000,6/14/2023 17:50:25.3,8,2
5000,6/14/2023 17:50:30.3,9,2
5000,6/14/2023 17:52:55.3,8,2
5000,6/14/2023 17:53:00.3,9,2
5000,6/14/2023 17:54:00.1,1,2
5000,6/14/2023 17:55:25.3,8,2
5000,6/14/2023 17:55:30.3,9,2
5000,6/14/2023 17:56:34.2,1,2
5000,6/14/2023 17:57:55.3,8,2
5000,6/14/2023 17:58:00.3,9,2
5000,6/14/2023 17:59:10.6,1,2
5000,6/14/2023 18:00:25.3,8,2
5000,6/14/2023 18:00:30.3,9,2
5000,6/14/2023 18:02:55.3,8,2
5000,6/14/2023 18:03:00.3,9,2
5000,6/14/2023 18:04:00.5,1,2
5000,6/14/2023 18:05:25.3,8,2
5000,6/14/2023 18:05:30.3,9,2
5000,6/14/2023 18:06:37.9,1,2
5000,6/14/2023 18:07:55.3,8,2
5000,6/14/2023 18:08:00.3,9,2
5000,6/14/2023 18:09:05.7,1,2
5000,6/14/2023 18:10:25.3,8,2
5000,6/14/2023 18:10:30.3,9,2
5000,6/14/2023 18:11:46.4,1,2
5000,6/14/2023 18:12:55.3,8,2
5000,6/14/2023 18:13:00.3,9,2
5000,6/14/2023 18:13:59.3,1,2
5000,6/14/2023 18:15:43.3,8,2
5000,6/14/2023 18:15:48.3,9,2
5000,6/14/2023 18:16:16.4,1,2
5000,6/14/2023 18:17:55.3,8,2
5000,6/14/2023 18:18:00.3,9,2
5000,6/14/2023 18:19:02.2,1,2
5000,6/14/2023 18:20:25.3,8,2
5000,6/14/2023 18:20:30.3,9,2
5000,6/14/2023 18:22:55.3,8,2
5000,6/14/2023 18:23:00.3,9,2
5000,6/14/2023 18:24:01.0,1,2
5000,6/14/2023 18:25:25.3,8,2
5000,6/14/2023 18:25:30.3,9,2
5000,6/14/2023 18:26:36.4,1,2
5000,6/14/2023 18:27:55.3,8,2
5000,6/14/2023 18:28:00.3,9,2
5000,6/14/2023 18:28:57.6,1,2
5000,6/14/2023 18:30:25.3,8,2
5000,6/14/2023 18:30:30.3,9,2
5000,6/14/2023 18:32:55.3,8,2
5000,6/14/2023 18:33:00.3,9,2
5000,6/14/2023 18:33:48.6,1,2
5000,6/14/2023 18:35:28.5,8,2
5000,6/14/2023 18:35:33.5,9,2
5000,6/14/2023 18:36:30.6,1,2
5000,6/14/2023 18:37:55.3,8,2
5000,6/14/2023 18:38:00.3,9,2
5000,6/14/2023 18:39:01.5,1,2
5000,6/14/2023 18:40:25.3,8,2
5000,6/14/2023 18:40:30.3,9,2
5000,6/14/2023 18:42:55.3,8,2
5000,6/14/2023 18:43:00.3,9,2
5000,6/14/2023 18:44:11.1,1,2
5000,6/14/2023 18:45:25.3,8,2
5000,6/14/2023 18:45:30.3,9,2
5000,6/14/2023 18:46:31.8,1,2
5000,6/14/2023 18:47:55.3,8,2
5000,6/14/2023 18:48:00.3,9,2
5000,6/14/2023 18:48:57.6,1,2
5000,6/14/2023 18:50:25.3,8,2
5000,6/14/2023 18:50:30.3,9,2
5000,6/14/2023 18:52:55.3,8,2
5000,6/14/2023 18:53:00.3,9,2
5000,6/14/2023 18:54:21.1,1,2
5000,6/14/2023 18:55:25.3,8,2
5000,6/14/2023 18:55:30.3,9,2
5000,6/14/2023 18:56:31.8,1,2
5000,6/14/2023 18:58:13.3,8,2
5000,6/14/2023 18:58:18.3,9,2
5000,6/14/2023 18:59:30.0,1,2
5000,6/14/2023 19:01:54.0,1,2
5000,6/14/2023 19:02:58.3,8,2
5000,6/14/2023 19:03:03.3,9,2
5000,6/14/2023 19:03:25.2,1,2
5000,6/14/2023 19:04:58.3,8,2
5000,6/14/2023 19:05:03.3,9,2
5000,6/14/2023 19:05:53.0,1,2
5000,6/14/2023 19:06:58.3,8,2
5000,6/14/2023 19:07:03.3,9,2
5000,6/14/2023 19:07:31.6,1,2
5000,6/14/2023 19:08:58.3,8,2
5000,6/14/2023 19:09:03.3,9,2
5000,6/14/2023 19:10:06.2,1,2
5000,6/14/2023 19:12:58.3,8,2
5000,6/14/2023 19:13:03.3,9,2
5000,6/14/2023 19:13:32.9,1,2
5000,6/14/2023 19:14:58.3,8,2
5000,6/14/2023 19:15:03.3,9,2
5000,6/14/2023 19:16:07.7,1,2
5000,6/14/2023 19:17:03.5,8,2
5000,6/14/2023 19:17:08.5,9,2
5000,6/14/2023 19:17:33.0,1,2
5000,6/14/2023 19:18:58.3,8,2
5000,6/14/2023 19:19:03.3,9,2
5000,6/14/2023 19:19:39.8,1,2
5000,6/14/2023 19:20:58.3,8,2
5000,6/14/2023 19:22:58.3,8,2
5000,6/14/2023 19:23:03.3,9,2
5000,6/14/2023 19:23:34.2,1,2
5000,6/14/2023 19:24:58.3,8,2
5000,6/14/2023 19:25:03.3,9,2
5000,6/14/2023 19:25:49.3,1,2
5000,6/14/2023 19:26:58.3,8,2
5000,6/14/2023 19:27:03.3,9,2
5000,6/14/2023 19:28:10.0,1,2
5000,6/14/2023 19:28:58.3,8,2
5000,6/14/2023 19:29:03.3,9,2
5000,6/14/2023 19:29:40.2,1,2
5000,6/14/2023 19:30:58.3,8,2
5000,6/14/2023 19:31:49.8,1,2
5000,6/14/2023 19:32:58.3,8,2
5000,6/14/2023 19:33:03.3,9,2
5000,6/14/2023 19:33:50.3,1,2
5000,6/14/2023 19:34:58.3,8,2
5000,6/14/2023 19:35:03.3,9,2
5000,6/14/2023 19:35:49.7,1,2
5000,6/14/2023 19:36:58.3,8,2
5000,6/14/2023 19:37:03.3,9,2
5000,6/14/2023 19:37:34.9,1,2
5000,6/14/2023 19:38:58.3,8,2
5000,6/14/2023 19:39:03.3,9,2
5000,6/14/2023 19:39:46.2,1,2
5000,6/14/2023 19:40:58.3,8,2
5000,6/14/2023 19:41:43.3,1,2
5000,6/14/2023 19:42:58.3,8,2
5000,6/14/2023 19:43:03.3,9,2
5000,6/14/2023 19:43:45.8,1,2
5000,6/14/2023 19:44:58.3,8,2
5000,6/14/2023 19:45:03.3,9,2
5000,6/14/2023 19:45:39.6,1,2
5000,6/14/2023 19:46:58.3,8,2
5000,6/14/2023 19:47:03.3,9,2
5000,6/14/2023 19:47:46.4,1,2
5000,6/14/2023 19:48:58.3,8,2
5000,6/14/2023 19:49:03.3,9,2
5000,6/14/2023 19:49:26.5,1,2
5000,6/14/2023 19:50:58.3,8,2
5000,6/14/2023 19:51:42.7,1,2
5000,6/14/2023 19:52:58.3,8,2
5000,6/14/2023 19:53:03.3,9,2
5000,6/14/2023 19:54:07.3,1,2
5000,6/14/2023 19:54:58.3,8,2
5000,6/14/2023 19:55:03.3,9,2
5000,6/14/2023 19:55:47.8,1,2
5000,6/14/2023 19:56:58.3,8,2
5000,6/14/2023 19:57:03.3,9,2
5000,6/14/2023 19:58:09.3,1,2
5000,6/14/2023 19:59:05.1,8,2
5000,6/14/2023 19:59:10.1,9,2
5000,6/14/2023 19:59:49.5,1,2
5000,6/14/2023 20:00:58.3,8,2
5000,6/14/2023 20:02:58.3,8,2
5000,6/14/2023 20:03:03.3,9,2
5000,6/14/2023 20:03:41.2,1,2
5000,6/14/2023 20:04:58.3,8,2
5000,6/14/2023 20:05:03.3,9,2
5000,6/14/2023 20:06:05.5,1,2
5000,6/14/2023 20:06:58.3,8,2
5000,6/14/2023 20:07:03.3,9,2
5000,6/14/2023 20:07:53.0,1,2
5000,6/14/2023 20:08:58.3,8,2
5000,6/14/2023 20:09:03.3,9,2
5000,6/14/2023 20:09:46.2,1,2
5000,6/14/2023 20:10:58.3,8,2
5000,6/14/2023 20:11:40.1,1,2
5000,6/14/2023 20:12:58.3,8,2
5000,6/14/2023 20:13:03.3,9,2
5000,6/14/2023 20:13:39.2,1,2
5000,6/14/2023 20:14:58.3,8,2
5000,6/14/2023 20:15:03.3,9,2
5000,6/14/2023 20:15:40.4,1,2
5000,6/14/2023 20:16:58.3,8,2
5000,6/14/2023 20:17:03.3,9,2
5000,6/14/2023 20:17:47.9,1,2
5000,6/14/2023 20:18:58.3,8,2
5000,6/14/2023 20:19:03.3,9,2
5000,6/14/2023 20:19:34.0,1,2
5000,6/14/2023 20:22:58.3,8,2
5000,6/14/2023 20:23:03.3,9,2
5000,6/14/2023 20:23:43.1,1,2
5000,6/14/2023 20:24:58.3,8,2
5000,6/14/2023 20:25:03.3,9,2
5000,6/14/2023 20:25:50.8,1,2
5000,6/14/2023 20:26:58.3,8,2
5000,6/14/2023 20:27:03.3,9,2
5000,6/14/2023 20:27:46.8,1,2
5000,6/14/2023 20:28:58.3,8,2
5000,6/14/2023 20:29:03.3,9,2
5000,6/14/2023 20:29:36.8,1,2
5000,6/14/2023 20:30:58.3,8,2
5000,6/14/2023 20:31:47.9,1,2
5000,6/14/2023 20:32:58.3,8,2
5000,6/14/2023 20:33:03.3,9,2
5000,6/14/2023 20:33:23.0,1,2
5000,6/14/2023 20:34:58.3,8,2
5000,6/14/2023 20:35:03.3,9,2
5000,6/14/2023 20:35:56.2,1,2
5000,6/14/2023 20:36:58.3,8,2
5000,6/14/2023 20:37:03.3,9,2
5000,6/14/2023 20:37:40.3,1,2
5000,6/14/2023 20:38:58.3,8,2
5000,6/14/2023 20:39:03.3,9,2
5000,6/14/2023 20:39:44.4,1,2
5000,6/14/2023 20:40:58.3,8,2
5000,6/14/2023 20:42:58.3,8,2
5000,6/14/2023 20:43:03.3,9,2
5000,6/14/2023 20:43:43.1,1,2
5000,6/14/2023 20:44:58.3,8,2
5000,6/14/2023 20:45:03.3,9,2
5000,6/14/2023 20:45:39.6,1,2
5000,6/14/2023 20:46:58.3,8,2
5000,6/14/2023 20:47:03.3,9,2
5000,6/14/2023 20:47:25.5,1,2
5000,6/14/2023 20:48:58.3,8,2
5000,6/14/2023 20:49:03.3,9,2
5000,6/14/2023 20:49:35.7,1,2
5000,6/14/2023 20:50:58.3,8,2
5000,6/14/2023 20:51:41.3,1,2
5000,6/14/2023 20:52:58.3,8,2
5000,6/14/2023 20:53:03.3,9,2
5000,6/14/2023 20:53:36.7,1,2
5000,6/14/2023 20:54:58.3,8,2
5000,6/14/2023 20:55:03.3,9,2
5000,6/14/2023 20:55:28.7,1,2
5000,6/14/2023 20:56:58.3,8,2
5000,6/14/2023 20:57:03.3,9,2
5000,6/14/2023 20:57:46.3,1,2
5000,6/14/2023 20:58:58.3,8,2
5000,6/14/2023 20:59:03.3,9,2
5000,6/14/2023 20:59:33.4,1,2
5000,6/14/2023 21:00:39.9,8,2
5000,6/14/2023 21:00:44.9,9,2
5000,6/14/2023 21:01:50.1,8,2
5000,6/14/2023 21:01:55.1,9,2
5000,6/14/2023 21:02:18.8,1,2
5000,6/14/2023 21:02:34.1,8,2
5000,6/14/2023 21:02:39.1,9,2
5000,6/14/2023 21:03:15.7,1,2
5000,6/14/2023 21:03:42.1,8,2
5000,6/14/2023 21:03:47.1,9,2
5000,6/14/2023 21:04:08.3,1,2
5000,6/14/2023 21:04:50.1,8,2
5000,6/14/2023 21:04:55.1,9,2
5000,6/14/2023 21:05:13.4,1,2
5000,6/14/2023 21:05:40.9,8,2
5000,6/14/2023 21:05:45.9,9,2
5000,6/14/2023 21:06:05.2,1,2
5000,6/14/2023 21:06:48.4,8,2
5000,6/14/2023 21:06:53.4,9,2
5000,6/14/2023 21:07:17.4,1,2
5000,6/14/2023 21:08:24.7,8,2
5000,6/14/2023 21:08:29.7,9,2
5000,6/14/2023 21:08:47.4,1,2
5000,6/14/2023 21:09:13.2,8,2
5000,6/14/2023 21:09:18.2,9,2
5000,6/14/2023 21:09:55.8,1,2
5000,6/14/2023 21:10:28.9,8,2
5000,6/14/2023 21:10:33.9,9,2
5000,6/14/2023 21:11:54.3,8,2
5000,6/14/2023 21:11:59.3,9,2
5000,6/14/2023 21:12:16.5,1,2
5000,6/14/2023 21:13:05.4,8,2
5000,6/14/2023 21:13:10.4,9,2
5000,6/14/2023 21:13:29.1,1,2
5000,6/14/2023 21:14:04.5,8,2
5000,6/14/2023 21:14:09.5,9,2
5000,6/14/2023 21:14:46.5,1,2
5000,6/14/2023 21:15:12.6,8,2
5000,6/14/2023 21:15:17.6,9,2
5000,6/14/2023 21:15:52.6,1,2
5000,6/14/2023 21:16:13.3,8,2
5000,6/14/2023 21:16:18.3,9,2
5000,6/14/2023 21:16:38.2,1,2
5000,6/14/2023 21:17:04.5,8,2
5000,6/14/2023 21:17:09.5,9,2
5000,6/14/2023 21:17:27.9,1,2
5000,6/14/2023 21:17:57.6,8,2
5000,6/14/2023 21:18:02.6,9,2
5000,6/14/2023 21:18:24.3,1,2
5000,6/14/2023 21:19:23.9,8,2
5000,6/14/2023 21:19:28.9,9,2
5000,6/14/2023 21:19:50.7,1,2
5000,6/14/2023 21:20:19.9,8,2
5000,6/14/2023 21:20:24.9,9,2
5000,6/14/2023 21:22:04.4,8,2
5000,6/14/2023 21:22:09.4,9,2
5000,6/14/2023 21:22:46.4,1,2
5000,6/14/2023 21:23:28.2,8,2
5000,6/14/2023 21:23:33.2,9,2
5000,6/14/2023 21:24:06.9,1,2
5000,6/14/2023 21:24:29.8,8,2
5000,6/14/2023 21:24:34.8,9,2
5000,6/14/2023 21:24:55.0,1,2
5000,6/14/2023 21:25:24.3,8,2
5000,6/14/2023 21:25:29.3,9,2
5000,6/14/2023 21:25:49.7,1,2
5000,6/14/2023 21:26:30.5,8,2
5000,6/14/2023 21:26:35.5,9,2
5000,6/14/2023 21:26:54.9,1,2
5000,6/14/2023 21:27:37.0,8,2
5000,6/14/2023 21:27:42.0,9,2
5000,6/14/2023 21:28:44.1,1,2
5000,6/14/2023 21:29:16.5,8,2
5000,6/14/2023 21:29:21.5,9,2
5000,6/14/2023 21:29:42.1,1,2
5000,6/14/2023 21:30:10.8,8,2
5000,6/14/2023 21:30:15.8,9,2
5000,6/14/2023 21:30:35.1,1,2
5000,6/14/2023 21:32:07.6,8,2
5000,6/14/2023 21:32:12.6,9,2
5000,6/14/2023 21:32:32.2,1,2
5000,6/14/2023 21:32:59.2,8,2
5000,6/14/2023 21:33:04.2,9,2
5000,6/14/2023 21:33:21.1,1,2
5000,6/14/2023 21:33:53.5,8,2
5000,6/14/2023 21:33:58.5,9,2
5000,6/14/2023 21:34:16.9,1,2
5000,6/14/2023 21:34:50.1,8,2
5000,6/14/2023 21:34:55.1,9,2
5000,6/14/2023 21:35:41.7,1,2
5000,6/14/2023 21:36:31.6,8,2
5000,6/14/2023 21:36:36.6,9,2
5000,6/14/2023 21:36:57.0,1,2
5000,6/14/2023 21:37:30.8,8,2
5000,6/14/2023 21:37:35.8,9,2
5000,6/14/2023 21:38:40.1,1,2
5000,6/14/2023 21:39:14.8,8,2
5000,6/14/2023 21:39:19.8,9,2
5000,6/14/2023 21:39:40.8,1,2
5000,6/14/2023 21:40:03.5,8,2
5000,6/14/2023 21:40:08.5,9,2
5000,6/14/2023 21:40:30.9,1,2
5000,6/14/2023 21:40:52.4,8,2
5000,6/14/2023 21:40:57.4,9,2
5000,6/14/2023 21:41:41.8,8,2
5000,6/14/2023 21:41:46.8,9,2
5000,6/14/2023 21:42:03.8,1,2
5000,6/14/2023 21:42:34.6,8,2
5000,6/14/2023 21:42:39.6,9,2
5000,6/14/2023 21:42:59.9,1,2
5000,6/14/2023 21:43:24.5,8,2
5000,6/14/2023 21:43:29.5,9,2
5000,6/14/2023 21:43:47.8,1,2
5000,6/14/2023 21:44:15.4,8,2
5000,6/14/2023 21:44:20.4,9,2
5000,6/14/2023 21:44:37.5,1,2
5000,6/14/2023 21:44:55.0,8,2
5000,6/14/2023 21:45:00.0,9,2
5000,6/14/2023 21:45:17.4,1,2
5000,6/14/2023 21:45:28.5,8,2
5000,6/14/2023 21:45:33.5,9,2
5000,6/14/2023 21:46:10.3,1,2
5000,6/14/2023 21:46:34.6,8,2
5000,6/14/2023 21:46:39.6,9,2
5000,6/14/2023 21:46:56.4,1,2
5000,6/14/2023 21:47:22.9,8,2
5000,6/14/2023 21:47:27.9,9,2
5000,6/14/2023 21:47:47.5,1,2
5000,6/14/2023 21:48:12.7,8,2
5000,6/14/2023 21:48:17.7,9,2
5000,6/14/2023 21:48:54.3,1,2
5000,6/14/2023 21:49:27.9,8,2
5000,6/14/2023 21:49:32.9,9,2
5000,6/14/2023 21:49:52.9,1,2
5000,6/14/2023 21:50:06.9,8,2
5000,6/14/2023 21:50:11.9,9,2
5000,6/14/2023 21:50:44.2,1,2
5000,6/14/2023 21:51:43.1,1,2
5000,6/14/2023 21:52:04.1,8,2
5000,6/14/2023 21:52:09.1,9,2
5000,6/14/2023 21:52:25.7,1,2
5000,6/14/2023 21:52:55.2,8,2
5000,6/14/2023 21:53:00.2,9,2
5000,6/14/2023 21:53:23.8,1,2
5000,6/14/2023 21:53:57.7,8,2
5000,6/14/2023 21:54:02.7,9,2
5000,6/14/2023 21:54:21.2,1,2
5000,6/14/2023 21:54:47.0,8,2
5000,6/14/2023 21:54:52.0,9,2
5000,6/14/2023 21:55:09.6,1,2
5000,6/14/2023 21:55:24.0,8,2
5000,6/14/2023 21:55:29.0,9,2
5000,6/14/2023 21:55:46.7,1,2
5000,6/14/2023 21:56:12.0,8,2
5000,6/14/2023 21:56:17.0,9,2
5000,6/14/2023 21:56:35.3,1,2
5000,6/14/2023 21:57:24.7,8,2
5000,6/14/2023 21:57:29.7,9,2
5000,6/14/2023 21:57:51.1,1,2
5000,6/14/2023 21:58:35.4,8,2
5000,6/14/2023 21:58:40.4,9,2
5000,6/14/2023 21:59:01.4,1,2
5000,6/14/2023 21:59:21.9,8,2
5000,6/14/2023 21:59:26.9,9,2
5000,6/14/2023 21:59:43.5,1,2
5000,6/14/2023 22:00:07.4,8,2
5000,6/14/2023 22:00:12.4,9,2
5000,6/14/2023 22:00:32.4,1,2
5000,6/14/2023 22:00:57.0,8,2
5000,6/14/2023 22:01:38.3,8,2
5000,6/14/2023 22:01:43.3,9,2
5000,6/14/2023 22:01:59.9,1,2
5000,6/14/2023 22:02:26.5,8,2
5000,6/14/2023 22:02:31.5,9,2
5000,6/14/2023 22:02:48.0,1,2
5000,6/14/2023 22:03:24.3,8,2
5000,6/14/2023 22:03:29.3,9,2
5000,6/14/2023 22:03:45.9,1,2
5000,6/14/2023 22:04:20.7,8,2
5000,6/14/2023 22:04:25.7,9,2
5000,6/14/2023 22:04:42.8,1,2
5000,6/14/2023 22:05:14.2,8,2
5000,6/14/2023 22:05:19.2,9,2
5000,6/14/2023 22:05:36.6,1,2
5000,6/14/2023 22:05:54.0,8,2
5000,6/14/2023 22:05:59.0,9,2
5000,6/14/2023 22:06:20.0,1,2
5000,6/14/2023 22:06:41.8,8,2
5000,6/14/2023 22:06:46.8,9,2
5000,6/14/2023 22:07:03.4,1,2
5000,6/14/2023 22:07:43.1,8,2
5000,6/14/2023 22:07:48.1,9,2
5000,6/14/2023 22:08:06.4,1,2
5000,6/14/2023 22:08:40.4,8,2
5000,6/14/2023 22:08:45.4,9,2
5000,6/14/2023 22:09:03.3,1,2
5000,6/14/2023 22:10:29.8,8,2
5000,6/14/2023 22:10:34.8,9,2
5000,6/14/2023 22:10:53.4,1,2
5000,6/14/2023 22:11:53.1,8,2
5000,6/14/2023 22:11:58.1,9,2
5000,6/14/2023 22:12:14.7,1,2
5000,6/14/2023 22:14:01.9,8,2
5000,6/14/2023 22:14:06.9,9,2
5000,6/14/2023 22:14:24.6,1,2
5000,6/14/2023 22:15:11.0,8,2
5000,6/14/2023 22:15:16.0,9,2
5000,6/14/2023 22:16:00.6,1,2
5000,6/14/2023 22:16:28.2,8,2
5000,6/14/2023 22:16:33.2,9,2
5000,6/14/2023 22:17:36.8,1,2
5000,6/14/2023 22:17:52.1,8,2
5000,6/14/2023 22:17:57.1,9,2
5000,6/14/2023 22:18:16.7,1,2
5000,6/14/2023 22:18:26.9,8,2
5000,6/14/2023 22:18:31.9,9,2
5000,6/14/2023 22:18:48.8,1,2
5000,6/14/2023 22:18:58.8,8,2
5000,6/14/2023 22:19:03.8,9,2
5000,6/14/2023 22:19:20.4,1,2
5000,6/14/2023 22:20:17.3,8,2
5000,6/14/2023 22:20:22.3,9,2
5000,6/14/2023 22:20:41.4,1,2
5000,6/14/2023 22:20:51.4,8,2
5000,6/14/2023 22:20:56.4,9,2
5000,6/14/2023 22:21:51.0,1,2
5000,6/14/2023 22:22:13.7,8,2
5000,6/14/2023 22:22:18.7,9,2
5000,6/14/2023 22:22:35.2,1,2
5000,6/14/2023 22:22:46.2,8,2
5000,6/14/2023 22:22:51.2,9,2
5000,6/14/2023 22:23:09.5,1,2
5000,6/14/2023 22:23:19.5,8,2
5000,6/14/2023 22:23:24.5,9,2
5000,6/14/2023 22:23:45.9,1,2
5000,6/14/2023 22:23:55.9,8,2
5000,6/14/2023 22:24:00.9,9,2
5000,6/14/2023 22:24:18.8,1,2
5000,6/14/2023 22:24:44.1,8,2
5000,6/14/2023 22:24:49.1,9,2
5000,6/14/2023 22:25:09.4,1,2
5000,6/14/2023 22:25:19.8,8,2
5000,6/14/2023 22:25:24.8,9,2
5000,6/14/2023 22:25:42.5,1,2
5000,6/14/2023 22:26:07.2,8,2
5000,6/14/2023 22:26:12.2,9,2
5000,6/14/2023 22:26:29.7,1,2
5000,6/14/2023 22:27:48.3,8,2
5000,6/14/2023 22:27:53.3,9,2
5000,6/14/2023 22:28:11.6,1,2
5000,6/14/2023 22:31:41.0,9,2
5000,6/14/2023 22:31:57.5,1,2
5000,6/14/2023 22:32:30.8,8,2
5000,6/14/2023 22:32:35.8,9,2
5000,6/14/2023 22:32:53.8,1,2
5000,6/14/2023 22:33:09.2,8,2
5000,6/14/2023 22:33:14.2,9,2
5000,6/14/2023 22:33:33.1,1,2
5000,6/14/2023 22:34:16.0,8,2
5000,6/14/2023 22:34:21.0,9,2
5000,6/14/2023 22:34:39.3,1,2
5000,6/14/2023 22:34:51.9,8,2
5000,6/14/2023 22:34:56.9,9,2
5000,6/14/2023 22:35:17.8,1,2
5000,6/14/2023 22:35:46.1,8,2
5000,6/14/2023 22:35:51.1,9,2
5000,6/14/2023 22:36:07.7,1,2
5000,6/14/2023 22:36:32.7,8,2
5000,6/14/2023 22:36:37.7,9,2
5000,6/14/2023 22:36:54.5,1,2
5000,6/14/2023 22:37:04.5,8,2
5000,6/14/2023 22:37:09.5,9,2
5000,6/14/2023 22:37:26.1,1,2
5000,6/14/2023 22:38:14.0,8,2
5000,6/14/2023 22:38:19.0,9,2
5000,6/14/2023 22:38:37.7,1,2
5000,6/14/2023 22:38:52.7,8,2
5000,6/14/2023 22:38:57.7,9,2
5000,6/14/2023 22:39:16.5,1,2
5000,6/14/2023 22:41:42.3,9,2
5000,6/14/2023 22:41:59.9,1,2
5000,6/14/2023 22:42:15.6,8,2
5000,6/14/2023 22:42:36.1,8,2
5000,6/14/2023 22:42:41.1,9,2
5000,6/14/2023 22:42:58.5,1,2
5000,6/14/2023 22:46:20.6,8,2
5000,6/14/2023 22:46:25.6,9,2
5000,6/14/2023 22:46:42.2,1,2
5000,6/14/2023 22:49:37.8,8,2
5000,6/14/2023 22:49:42.8,9,2
5000,6/14/2023 22:50:02.7,1,2
5000,6/14/2023 22:50:37.9,8,2
5000,6/14/2023 22:50:42.9,9,2
5000,6/14/2023 22:50:59.5,1,2
5000,6/14/2023 22:53:45.4,8,2
5000,6/14/2023 22:53:50.4,9,2
5000,6/14/2023 22:54:09.6,1,2
5000,6/14/2023 22:54:59.0,8,2
5000,6/14/2023 22:55:04.0,9,2
5000,6/14/2023 22:55:20.6,1,2
5000,6/14/2023 23:00:03.6,8,2
5000,6/14/2023 23:00:08.6,9,2
5000,6/14/2023 23:00:27.9,1,2
5000,6/14/2023 23:01:42.7,1,2
5000,6/14/2023 23:01:54.3,8,2
5000,6/14/2023 23:01:59.3,9,2
5000,6/14/2023 23:02:15.8,1,2
5000,6/14/2023 23:04:00.3,8,2
5000,6/14/2023 23:04:05.3,9,2
5000,6/14/2023 23:04:22.9,1,2
5000,6/14/2023 23:05:28.6,8,2
5000,6/14/2023 23:05:33.6,9,2
5000,6/14/2023 23:05:52.1,1,2
5000,6/14/2023 23:06:04.8,8,2
5000,6/14/2023 23:06:09.8,9,2
5000,6/14/2023 23:06:26.9,1,2
5000,6/14/2023 23:07:29.6,8,2
5000,6/14/2023 23:07:34.6,9,2
5000,6/14/2023 23:07:51.1,1,2
5000,6/14/2023 23:09:33.1,8,2
5000,6/14/2023 23:09:38.1,9,2
5000,6/14/2023 23:09:55.4,1,2
5000,6/14/2023 23:12:21.2,8,2
5000,6/14/2023 23:12:26.2,9,2
5000,6/14/2023 23:12:45.9,1,2
5000,6/14/2023 23:16:27.4,8,2
5000,6/14/2023 23:16:32.4,9,2
5000,6/14/2023 23:16:50.3,1,2
5000,6/14/2023 23:19:36.0,8,2
5000,6/14/2023 23:19:41.0,9,2
5000,6/14/2023 23:19:58.7,1,2
5000,6/14/2023 23:21:46.1,1,2
5000,6/14/2023 23:24:02.7,8,2
5000,6/14/2023 23:24:07.7,9,2
5000,6/14/2023 23:24:25.4,1,2
5000,6/14/2023 23:26:12.5,8,2
5000,6/14/2023 23:26:17.5,9,2
5000,6/14/2023 23:26:34.2,1,2
5000,6/14/2023 23:31:39.5,9,2
5000,6/14/2023 23:31:57.4,1,2
5000,6/14/2023 23:32:13.4,8,2
5000,6/14/2023 23:32:18.4,9,2
5000,6/14/2023 23:32:36.7,1,2
5000,6/14/2023 23:33:44.5,8,2
5000,6/14/2023 23:33:49.5,9,2
5000,6/14/2023 23:34:11.9,1,2
5000,6/14/2023 23:34:30.9,8,2
5000,6/14/2023 23:34:35.9,9,2
5000,6/14/2023 23:34:53.9,1,2
5000,6/14/2023 23:35:17.1,8,2
5000,6/14/2023 23:35:22.1,9,2
5000,6/14/2023 23:35:39.9,1,2
5000,6/14/2023 23:35:59.2,8,2
5000,6/14/2023 23:36:04.2,9,2
5000,6/14/2023 23:36:21.9,1,2
5000,6/14/2023 23:36:45.0,8,2
5000,6/14/2023 23:36:50.0,9,2
5000,6/14/2023 23:37:07.8,1,2
5000,6/14/2023 23:37:22.6,8,2
5000,6/14/2023 23:37:27.6,9,2
5000,6/14/2023 23:37:47.6,1,2
5000,6/14/2023 23:39:09.4,8,2
5000,6/14/2023 23:39:14.4,9,2
5000,6/14/2023 23:39:30.9,1,2
5000,6/14/2023 23:44:11.6,8,2
5000,6/14/2023 23:44:16.6,9,2
5000,6/14/2023 23:44:34.0,1,2
5000,6/14/2023 23:46:35.3,8,2
5000,6/14/2023 23:46:40.3,9,2
5000,6/14/2023 23:47:10.8,1,2
5000,6/14/2023 23:48:30.6,8,2
5000,6/14/2023 23:48:35.6,9,2
5000,6/14/2023 23:48:52.8,1,2
5000,6/14/2023 23:49:55.8,8,2
5000,6/14/2023 23:50:00.8,9,2
5000,6/14/2023 23:50:19.2,1,2
5000,6/14/2023 23:51:41.7,9,2
5000,6/14/2023 23:51:59.3,1,2
5000,6/14/2023 23:52:09.3,8,2
5000,6/14/2023 23:52:14.3,9,2
5000,6/14/2023 23:52:30.8,1,2
5000,6/14/2023 23:54:21.3,8,2
5000,6/14/2023 23:54:26.3,9,2
5000,6/14/2023 23:54:48.0,1,2
5000,6/14/2023 23:58:24.8,8,2
5000,6/14/2023 23:58:29.8,9,2
5000,6/14/2023 23:58:46.3,1,2
5000,6/14/2023 23:59:56.6,8,2
