7115,2022-06-05 00:00:00.0000000,82,2
7115,2022-06-05 00:00:02.2000000,82,2
7115,2022-06-05 00:00:02.4000000,82,2
7115,2022-06-05 00:00:03.9000000,82,2
7115,2022-06-05 00:00:05.4000000,82,2
7115,2022-06-05 00:00:06.3000000,82,2
7115,2022-06-05 00:00:06.6000000,82,2
7115,2022-06-05 00:00:08.2000000,82,2
7115,2022-06-05 00:00:08.9000000,82,2
7115,2022-06-05 00:00:10.0000000,82,2
7115,2022-06-05 00:00:10.9000000,82,2
7115,2022-06-05 00:00:12.2000000,82,2
7115,2022-06-05 00:00:13.5000000,82,2
7115,2022-06-05 00:00:14.0000000,82,2
7115,2022-06-05 00:00:14.3000000,82,2
7115,2022-06-05 00:00:15.7000000,82,2
7115,2022-06-05 00:00:16.0000000,82,2
7115,2022-06-05 00:00:16.7000000,82,2
7115,2022-06-05 00:00:19.7000000,82,2
7115,2022-06-05 00:00:22.3000000,82,2
7115,2022-06-05 00:00:27.3000000,82,2
7115,2022-06-05 00:00:33.4000000,82,2
7115,2022-06-05 00:00:36.4000000,82,2
7115,2022-06-05 00:00:36.9000000,82,2
7115,2022-06-05 00:00:37.8000000,82,2
7115,2022-06-05 00:00:38.1000000,82,2
7115,2022-06-05 00:00:40.1000000,82,2
7115,2022-06-05 00:00:40.8000000,82,2
7115,2022-06-05 00:00:47.8000000,82,2
7115,2022-06-05 00:00:48.1000000,82,2
7115,2022-06-05 00:00:48.3000000,82,2
7115,2022-06-05 00:00:49.0000000,82,2
7115,2022-06-05 00:00:51.6000000,82,2
7115,2022-06-05 00:00:52.2000000,82,2
7115,2022-06-05 00:00:52.6000000,82,2
7115,2022-06-05 00:00:54.2000000,82,2
7115,2022-06-05 00:00:54.4000000,82,2
7115,2022-06-05 00:00:58.3000000,82,2
7115,2022-06-05 00:00:59.0000000,82,2
7115,2022-06-05 00:00:59.3000000,82,2
7115,2022-06-05 00:01:02.9000000,82,2
7115,2022-06-05 00:01:03.9000000,82,2
7115,2022-06-05 00:01:04.2000000,82,2
7115,2022-06-05 00:01:04.5000000,82,2
7115,2022-06-05 00:01:07.4000000,82,2
7115,2022-06-05 00:01:08.0000000,82,2
7115,2022-06-05 00:01:09.4000000,82,2
7115,2022-06-05 00:01:09.7000000,82,2
7115,2022-06-05 00:01:10.7000000,82,2
7115,2022-06-05 00:01:11.0000000,82,2
7115,2022-06-05 00:01:12.0000000,82,2
7115,2022-06-05 00:01:12.8000000,82,2
7115,2022-06-05 00:01:13.3000000,82,2
7115,2022-06-05 00:01:14.5000000,82,2
7115,2022-06-05 00:01:15.3000000,82,2
7115,2022-06-05 00:01:16.3000000,82,2
7115,2022-06-05 00:01:16.8000000,82,2
7115,2022-06-05 00:01:17.1000000,82,2
7115,2022-06-05 00:01:18.4000000,82,2
7115,2022-06-05 00:01:19.2000000,82,2
7115,2022-06-05 00:01:19.4000000,82,2
7115,2022-06-05 00:01:21.2000000,82,2
7115,2022-06-05 00:01:23.2000000,82,2
7115,2022-06-05 00:01:23.4000000,82,2
7115,2022-06-05 00:01:23.8000000,82,2
7115,2022-06-05 00:01:25.0000000,82,2
7115,2022-06-05 00:01:25.4000000,82,2
7115,2022-06-05 00:01:26.8000000,82,2
7115,2022-06-05 00:01:28.3000000,82,2
7115,2022-06-05 00:01:29.7000000,82,2
7115,2022-06-05 00:01:30.6000000,82,2
7115,2022-06-05 00:01:32.5000000,82,2
7115,2022-06-05 00:01:33.2000000,82,2
7115,2022-06-05 00:01:34.0000000,82,2
7115,2022-06-05 00:01:35.9000000,82,2
7115,2022-06-05 00:01:37.1000000,82,2
7115,2022-06-05 00:01:38.3000000,82,2
7115,2022-06-05 00:01:38.5000000,82,2
7115,2022-06-05 00:01:39.2000000,82,2
7115,2022-06-05 00:01:39.8000000,82,2
7115,2022-06-05 00:01:44.2000000,82,2
7115,2022-06-05 00:01:48.7000000,82,2
7115,2022-06-05 00:01:49.2000000,82,2
7115,2022-06-05 00:01:49.4000000,82,2
7115,2022-06-05 00:01:50.4000000,82,2
7115,2022-06-05 00:01:51.5000000,82,2
7115,2022-06-05 00:01:52.4000000,82,2
7115,2022-06-05 00:01:52.7000000,82,2
7115,2022-06-05 00:01:53.0000000,82,2
7115,2022-06-05 00:01:53.2000000,82,2
7115,2022-06-05 00:01:54.4000000,82,2
7115,2022-06-05 00:01:54.6000000,82,2
7115,2022-06-05 00:01:56.1000000,82,2
7115,2022-06-05 00:01:57.5000000,82,2
7115,2022-06-05 00:01:59.7000000,82,2
7115,2022-06-05 00:02:01.1000000,82,2
7115,2022-06-05 00:02:03.0000000,82,2
7115,2022-06-05 00:02:03.7000000,82,2
7115,2022-06-05 00:02:04.5000000,82,2
7115,2022-06-05 00:02:04.8000000,82,2
7115,2022-06-05 00:02:05.2000000,82,2
7115,2022-06-05 00:02:05.4000000,82,2
7115,2022-06-05 00:02:06.9000000,82,2
7115,2022-06-05 00:02:09.6000000,82,2
7115,2022-06-05 00:02:10.2000000,82,2
7115,2022-06-05 00:02:10.5000000,82,2
7115,2022-06-05 00:02:15.0000000,82,2
7115,2022-06-05 00:02:15.3000000,82,2
7115,2022-06-05 00:02:15.6000000,82,2
7115,2022-06-05 00:02:16.2000000,82,2
7115,2022-06-05 00:02:16.5000000,82,2
7115,2022-06-05 00:02:16.7000000,82,2
7115,2022-06-05 00:02:17.8000000,82,2
7115,2022-06-05 00:02:20.8000000,82,2
7115,2022-06-05 00:02:23.8000000,82,2
7115,2022-06-05 00:02:24.3000000,82,2
7115,2022-06-05 00:02:25.5000000,82,2
7115,2022-06-05 00:02:27.1000000,82,2
7115,2022-06-05 00:02:28.4000000,82,2
7115,2022-06-05 00:02:28.7000000,82,2
7115,2022-06-05 00:02:30.8000000,82,2
7115,2022-06-05 00:02:31.0000000,82,2
7115,2022-06-05 00:02:31.7000000,82,2
7115,2022-06-05 00:02:35.3000000,82,2
7115,2022-06-05 00:02:36.2000000,82,2
7115,2022-06-05 00:02:42.7000000,82,2
7115,2022-06-05 00:02:43.8000000,82,2
7115,2022-06-05 00:02:45.1000000,82,2
7115,2022-06-05 00:02:45.3000000,82,2
7115,2022-06-05 00:02:45.6000000,82,2
7115,2022-06-05 00:02:46.0000000,82,2
7115,2022-06-05 00:02:49.2000000,82,2
7115,2022-06-05 00:02:49.5000000,82,2
7115,2022-06-05 00:02:49.9000000,82,2
7115,2022-06-05 00:02:50.5000000,82,2
7115,2022-06-05 00:02:50.8000000,82,2
7115,2022-06-05 00:02:51.1000000,82,2
7115,2022-06-05 00:02:52.1000000,82,2
7115,2022-06-05 00:02:53.4000000,82,2
7115,2022-06-05 00:02:55.7000000,82,2
7115,2022-06-05 00:02:56.1000000,82,2
7115,2022-06-05 00:02:57.0000000,82,2
7115,2022-06-05 00:02:57.3000000,82,2
7115,2022-06-05 00:02:58.3000000,82,2
7115,2022-06-05 00:02:58.6000000,82,2
7115,2022-06-05 00:03:00.0000000,82,2
7115,2022-06-05 00:03:00.9000000,82,2
7115,2022-06-05 00:03:01.5000000,82,2
7115,2022-06-05 00:03:03.0000000,82,2
7115,2022-06-05 00:03:04.4000000,82,2
7115,2022-06-05 00:03:05.6000000,82,2
7115,2022-06-05 00:03:05.9000000,82,2
7115,2022-06-05 00:03:08.5000000,82,2
7115,2022-06-05 00:03:11.5000000,82,2
7115,2022-06-05 00:03:12.6000000,82,2
7115,2022-06-05 00:03:12.9000000,82,2
7115,2022-06-05 00:03:16.1000000,82,2
7115,2022-06-05 00:03:16.5000000,82,2
7115,2022-06-05 00:03:16.8000000,82,2
7115,2022-06-05 00:03:18.2000000,82,2
7115,2022-06-05 00:03:18.5000000,82,2
7115,2022-06-05 00:03:18.7000000,82,2
7115,2022-06-05 00:03:21.0000000,82,2
7115,2022-06-05 00:03:22.8000000,82,2
7115,2022-06-05 00:03:24.1000000,82,2
7115,2022-06-05 00:03:24.3000000,82,2
7115,2022-06-05 00:03:25.5000000,82,2
7115,2022-06-05 00:03:25.9000000,82,2
7115,2022-06-05 00:03:27.2000000,82,2
7115,2022-06-05 00:03:30.3000000,82,2
7115,2022-06-05 00:03:32.5000000,82,2
7115,2022-06-05 00:03:32.8000000,82,2
7115,2022-06-05 00:03:33.3000000,82,2
7115,2022-06-05 00:03:34.1000000,82,2
7115,2022-06-05 00:03:35.1000000,82,2
7115,2022-06-05 00:03:35.8000000,82,2
7115,2022-06-05 00:03:36.3000000,82,2
7115,2022-06-05 00:03:37.9000000,82,2
7115,2022-06-05 00:03:38.5000000,82,2
7115,2022-06-05 00:03:39.7000000,82,2
7115,2022-06-05 00:03:40.1000000,82,2
7115,2022-06-05 00:03:40.7000000,82,2
7115,2022-06-05 00:03:41.2000000,82,2
7115,2022-06-05 00:03:43.7000000,82,2
7115,2022-06-05 00:03:44.5000000,82,2
7115,2022-06-05 00:03:45.9000000,82,2
7115,2022-06-05 00:03:47.3000000,82,2
7115,2022-06-05 00:03:47.7000000,82,2
7115,2022-06-05 00:03:48.0000000,82,2
7115,2022-06-05 00:03:49.0000000,82,2
7115,2022-06-05 00:03:49.3000000,82,2
7115,2022-06-05 00:03:50.2000000,82,2
7115,2022-06-05 00:03:50.7000000,82,2
7115,2022-06-05 00:03:52.0000000,82,2
7115,2022-06-05 00:03:52.3000000,82,2
7115,2022-06-05 00:03:54.9000000,82,2
7115,2022-06-05 00:03:55.7000000,82,2
7115,2022-06-05 00:03:55.9000000,82,2
7115,2022-06-05 00:03:56.6000000,82,2
7115,2022-06-05 00:03:56.8000000,82,2
7115,2022-06-05 00:04:00.3000000,82,2
7115,2022-06-05 00:04:02.4000000,82,2
7115,2022-06-05 00:04:03.9000000,82,2
7115,2022-06-05 00:04:05.0000000,82,2
7115,2022-06-05 00:04:07.2000000,82,2
7115,2022-06-05 00:04:07.5000000,82,2
7115,2022-06-05 00:04:07.7000000,82,2
7115,2022-06-05 00:04:09.3000000,82,2
7115,2022-06-05 00:04:09.8000000,82,2
7115,2022-06-05 00:04:10.4000000,82,2
7115,2022-06-05 00:04:11.7000000,82,2
7115,2022-06-05 00:04:18.4000000,82,2
7115,2022-06-05 00:04:20.5000000,82,2
7115,2022-06-05 00:04:28.3000000,82,2
7115,2022-06-05 00:04:32.5000000,82,2
7115,2022-06-05 00:04:33.0000000,82,2
7115,2022-06-05 00:04:37.3000000,82,2
7115,2022-06-05 00:04:37.5000000,82,2
7115,2022-06-05 00:04:38.3000000,82,2
7115,2022-06-05 00:04:38.8000000,82,2
7115,2022-06-05 00:04:39.2000000,82,2
7115,2022-06-05 00:04:39.9000000,82,2
7115,2022-06-05 00:04:40.1000000,82,2
7115,2022-06-05 00:04:41.3000000,82,2
7115,2022-06-05 00:04:42.2000000,82,2
7115,2022-06-05 00:04:42.9000000,82,2
7115,2022-06-05 00:04:44.5000000,82,2
7115,2022-06-05 00:04:44.8000000,82,2
7115,2022-06-05 00:04:46.0000000,82,2
7115,2022-06-05 00:04:46.5000000,82,2
7115,2022-06-05 00:04:47.0000000,82,2
7115,2022-06-05 00:04:48.7000000,82,2
7115,2022-06-05 00:04:50.3000000,82,2
7115,2022-06-05 00:04:50.9000000,82,2
7115,2022-06-05 00:04:54.7000000,82,2
7115,2022-06-05 00:04:55.1000000,82,2
7115,2022-06-05 00:04:56.2000000,82,2
7115,2022-06-05 00:04:57.5000000,82,2
7115,2022-06-05 00:04:58.4000000,82,2
7115,2022-06-05 00:04:59.6000000,82,2
7115,2022-06-05 00:05:00.8000000,82,2
7115,2022-06-05 00:05:02.7000000,82,2
7115,2022-06-05 00:05:03.4000000,82,2
7115,2022-06-05 00:05:04.8000000,82,2
7115,2022-06-05 00:05:05.6000000,82,2
7115,2022-06-05 00:05:06.1000000,82,2
7115,2022-06-05 00:05:06.4000000,82,2
7115,2022-06-05 00:05:07.4000000,82,2
7115,2022-06-05 00:05:08.6000000,82,2
7115,2022-06-05 00:05:09.6000000,82,2
7115,2022-06-05 00:05:11.2000000,82,2
7115,2022-06-05 00:05:15.6000000,82,2
7115,2022-06-05 00:05:16.0000000,82,2
7115,2022-06-05 00:05:16.3000000,82,2
7115,2022-06-05 00:05:18.3000000,82,2
7115,2022-06-05 00:05:19.4000000,82,2
7115,2022-06-05 00:05:21.5000000,82,2
7115,2022-06-05 00:05:22.4000000,82,2
7115,2022-06-05 00:05:26.9000000,82,2
7115,2022-06-05 00:05:28.6000000,82,2
7115,2022-06-05 00:05:30.6000000,82,2
7115,2022-06-05 00:05:30.8000000,82,2
7115,2022-06-05 00:05:31.1000000,82,2
7115,2022-06-05 00:05:31.6000000,82,2
7115,2022-06-05 00:05:32.5000000,82,2
7115,2022-06-05 00:05:32.8000000,82,2
7115,2022-06-05 00:05:35.0000000,82,2
7115,2022-06-05 00:05:36.0000000,82,2
7115,2022-06-05 00:05:37.1000000,82,2
7115,2022-06-05 00:05:37.7000000,82,2
7115,2022-06-05 00:05:39.3000000,82,2
7115,2022-06-05 00:05:39.9000000,82,2
7115,2022-06-05 00:05:40.2000000,82,2
7115,2022-06-05 00:05:41.4000000,82,2
7115,2022-06-05 00:05:42.3000000,82,2
7115,2022-06-05 00:05:44.1000000,82,2
7115,2022-06-05 00:05:44.6000000,82,2
7115,2022-06-05 00:05:45.0000000,82,2
7115,2022-06-05 00:05:45.6000000,82,2
7115,2022-06-05 00:05:46.6000000,82,2
7115,2022-06-05 00:05:46.9000000,82,2
7115,2022-06-05 00:05:47.2000000,82,2
7115,2022-06-05 00:05:48.8000000,82,2
7115,2022-06-05 00:05:50.7000000,82,2
7115,2022-06-05 00:05:51.0000000,82,2
7115,2022-06-05 00:05:51.5000000,82,2
7115,2022-06-05 00:05:52.8000000,82,2
7115,2022-06-05 00:05:54.1000000,82,2
7115,2022-06-05 00:05:55.0000000,82,2
7115,2022-06-05 00:05:57.0000000,82,2
7115,2022-06-05 00:05:59.7000000,82,2
7115,2022-06-05 00:06:01.0000000,82,2
7115,2022-06-05 00:06:01.2000000,82,2
7115,2022-06-05 00:06:01.6000000,82,2
7115,2022-06-05 00:06:04.2000000,82,2
7115,2022-06-05 00:06:04.5000000,82,2
7115,2022-06-05 00:06:04.8000000,82,2
7115,2022-06-05 00:06:07.2000000,82,2
7115,2022-06-05 00:06:08.9000000,82,2
7115,2022-06-05 00:06:09.3000000,82,2
7115,2022-06-05 00:06:09.6000000,82,2
7115,2022-06-05 00:06:10.7000000,82,2
7115,2022-06-05 00:06:11.0000000,82,2
7115,2022-06-05 00:06:15.3000000,82,2
7115,2022-06-05 00:06:15.9000000,82,2
7115,2022-06-05 00:06:19.4000000,82,2
7115,2022-06-05 00:06:21.0000000,82,2
7115,2022-06-05 00:06:24.1000000,82,2
7115,2022-06-05 00:06:27.9000000,82,2
7115,2022-06-05 00:06:28.2000000,82,2
7115,2022-06-05 00:06:29.5000000,82,2
7115,2022-06-05 00:06:29.7000000,82,2
7115,2022-06-05 00:06:30.5000000,82,2
7115,2022-06-05 00:06:31.8000000,82,2
7115,2022-06-05 00:06:34.4000000,82,2
7115,2022-06-05 00:06:36.2000000,82,2
7115,2022-06-05 00:06:36.7000000,82,2
7115,2022-06-05 00:06:37.3000000,82,2
7115,2022-06-05 00:06:38.6000000,82,2
7115,2022-06-05 00:06:39.2000000,82,2
7115,2022-06-05 00:06:40.5000000,82,2
7115,2022-06-05 00:06:42.5000000,82,2
7115,2022-06-05 00:06:42.8000000,82,2
7115,2022-06-05 00:06:43.2000000,82,2
7115,2022-06-05 00:06:44.9000000,82,2
7115,2022-06-05 00:06:46.1000000,82,2
7115,2022-06-05 00:06:46.4000000,82,2
7115,2022-06-05 00:06:51.0000000,82,2
7115,2022-06-05 00:06:51.8000000,82,2
7115,2022-06-05 00:06:52.6000000,82,2
7115,2022-06-05 00:06:53.4000000,82,2
7115,2022-06-05 00:06:53.6000000,82,2
7115,2022-06-05 00:06:54.0000000,82,2
7115,2022-06-05 00:06:54.8000000,82,2
7115,2022-06-05 00:06:55.1000000,82,2
7115,2022-06-05 00:06:55.3000000,82,2
7115,2022-06-05 00:06:56.9000000,82,2
7115,2022-06-05 00:06:57.2000000,82,2
7115,2022-06-05 00:06:57.4000000,82,2
7115,2022-06-05 00:06:57.8000000,82,2
7115,2022-06-05 00:06:58.2000000,82,2
7115,2022-06-05 00:06:59.5000000,82,2
7115,2022-06-05 00:07:00.0000000,82,2
7115,2022-06-05 00:07:02.3000000,82,2
7115,2022-06-05 00:07:07.4000000,82,2
7115,2022-06-05 00:07:07.7000000,82,2
7115,2022-06-05 00:07:08.3000000,82,2
7115,2022-06-05 00:07:10.8000000,82,2
7115,2022-06-05 00:07:11.4000000,82,2
7115,2022-06-05 00:07:15.9000000,82,2
7115,2022-06-05 00:07:16.5000000,82,2
7115,2022-06-05 00:07:16.8000000,82,2
7115,2022-06-05 00:07:17.7000000,82,2
7115,2022-06-05 00:07:18.1000000,82,2
7115,2022-06-05 00:07:20.9000000,82,2
7115,2022-06-05 00:07:21.6000000,82,2
7115,2022-06-05 00:07:22.2000000,82,2
7115,2022-06-05 00:07:24.6000000,82,2
7115,2022-06-05 00:07:25.1000000,82,2
7115,2022-06-05 00:07:25.6000000,82,2
7115,2022-06-05 00:07:26.7000000,82,2
7115,2022-06-05 00:07:26.9000000,82,2
7115,2022-06-05 00:07:27.4000000,82,2
7115,2022-06-05 00:07:27.7000000,82,2
7115,2022-06-05 00:07:28.0000000,82,2
7115,2022-06-05 00:07:28.2000000,82,2
7115,2022-06-05 00:07:28.5000000,82,2
7115,2022-06-05 00:07:28.7000000,82,2
7115,2022-06-05 00:07:29.1000000,82,2
7115,2022-06-05 00:07:29.4000000,82,2
7115,2022-06-05 00:07:29.8000000,82,2
7115,2022-06-05 00:07:33.4000000,82,2
7115,2022-06-05 00:07:33.7000000,82,2
7115,2022-06-05 00:07:34.2000000,82,2
7115,2022-06-05 00:07:35.1000000,82,2
7115,2022-06-05 00:07:35.4000000,82,2
7115,2022-06-05 00:07:38.4000000,82,2
7115,2022-06-05 00:07:38.6000000,82,2
7115,2022-06-05 00:07:43.0000000,82,2
7115,2022-06-05 00:07:43.3000000,82,2
7115,2022-06-05 00:07:44.5000000,82,2
7115,2022-06-05 00:07:49.5000000,82,2
7115,2022-06-05 00:07:51.9000000,82,2
7115,2022-06-05 00:07:53.2000000,82,2
7115,2022-06-05 00:07:54.2000000,82,2
7115,2022-06-05 00:07:54.5000000,82,2
7115,2022-06-05 00:07:55.5000000,82,2
7115,2022-06-05 00:07:56.9000000,82,2
7115,2022-06-05 00:07:58.4000000,82,2
7115,2022-06-05 00:07:58.6000000,82,2
7115,2022-06-05 00:08:00.2000000,82,2
7115,2022-06-05 00:08:02.0000000,82,2
7115,2022-06-05 00:08:02.9000000,82,2
7115,2022-06-05 00:08:04.7000000,82,2
7115,2022-06-05 00:08:05.4000000,82,2
7115,2022-06-05 00:08:12.3000000,82,2
7115,2022-06-05 00:08:13.6000000,82,2
7115,2022-06-05 00:08:14.6000000,82,2
7115,2022-06-05 00:08:15.0000000,82,2
7115,2022-06-05 00:08:15.8000000,82,2
7115,2022-06-05 00:08:16.3000000,82,2
7115,2022-06-05 00:08:16.7000000,82,2
7115,2022-06-05 00:08:17.5000000,82,2
7115,2022-06-05 00:08:18.5000000,82,2
7115,2022-06-05 00:08:20.3000000,82,2
7115,2022-06-05 00:08:22.3000000,82,2
7115,2022-06-05 00:08:24.8000000,82,2
7115,2022-06-05 00:08:25.0000000,82,2
7115,2022-06-05 00:08:26.7000000,82,2
7115,2022-06-05 00:08:28.4000000,82,2
7115,2022-06-05 00:08:30.7000000,82,2
7115,2022-06-05 00:08:32.0000000,82,2
7115,2022-06-05 00:08:34.5000000,82,2
7115,2022-06-05 00:08:36.2000000,82,2
7115,2022-06-05 00:08:36.5000000,82,2
7115,2022-06-05 00:08:37.8000000,82,2
7115,2022-06-05 00:08:41.3000000,82,2
7115,2022-06-05 00:08:42.3000000,82,2
7115,2022-06-05 00:08:43.0000000,82,2
7115,2022-06-05 00:08:44.0000000,82,2
7115,2022-06-05 00:08:45.0000000,82,2
7115,2022-06-05 00:08:45.3000000,82,2
7115,2022-06-05 00:08:46.6000000,82,2
7115,2022-06-05 00:08:46.9000000,82,2
7115,2022-06-05 00:08:47.1000000,82,2
7115,2022-06-05 00:08:47.6000000,82,2
7115,2022-06-05 00:08:49.3000000,82,2
7115,2022-06-05 00:08:49.9000000,82,2
7115,2022-06-05 00:08:53.0000000,82,2
7115,2022-06-05 00:08:53.9000000,82,2
7115,2022-06-05 00:08:55.7000000,82,2
7115,2022-06-05 00:08:57.0000000,82,2
7115,2022-06-05 00:08:59.1000000,82,2
7115,2022-06-05 00:09:00.1000000,82,2
7115,2022-06-05 00:09:04.0000000,82,2
7115,2022-06-05 00:09:06.8000000,82,2
7115,2022-06-05 00:09:07.9000000,82,2
7115,2022-06-05 00:09:10.8000000,82,2
7115,2022-06-05 00:09:11.0000000,82,2
7115,2022-06-05 00:09:13.1000000,82,2
7115,2022-06-05 00:09:15.3000000,82,2
7115,2022-06-05 00:09:16.9000000,82,2
7115,2022-06-05 00:09:22.1000000,82,2
7115,2022-06-05 00:09:23.0000000,82,2
7115,2022-06-05 00:09:23.3000000,82,2
7115,2022-06-05 00:09:25.6000000,82,2
7115,2022-06-05 00:09:26.8000000,82,2
7115,2022-06-05 00:09:27.4000000,82,2
7115,2022-06-05 00:09:27.7000000,82,2
7115,2022-06-05 00:09:27.9000000,82,2
7115,2022-06-05 00:09:29.5000000,82,2
7115,2022-06-05 00:09:30.8000000,82,2
7115,2022-06-05 00:09:33.7000000,82,2
7115,2022-06-05 00:09:35.1000000,82,2
7115,2022-06-05 00:09:39.5000000,82,2
7115,2022-06-05 00:09:40.2000000,82,2
7115,2022-06-05 00:09:42.1000000,82,2
7115,2022-06-05 00:09:46.7000000,82,2
7115,2022-06-05 00:09:47.2000000,82,2
7115,2022-06-05 00:09:48.2000000,82,2
7115,2022-06-05 00:09:49.1000000,82,2
7115,2022-06-05 00:09:49.8000000,82,2
7115,2022-06-05 00:09:50.0000000,82,2
7115,2022-06-05 00:09:50.6000000,82,2
7115,2022-06-05 00:09:53.3000000,82,2
7115,2022-06-05 00:09:57.6000000,82,2
7115,2022-06-05 00:09:58.2000000,82,2
7115,2022-06-05 00:09:59.1000000,82,2
7115,2022-06-05 00:10:02.9000000,82,2
7115,2022-06-05 00:10:03.2000000,82,2
7115,2022-06-05 00:10:03.4000000,82,2
7115,2022-06-05 00:10:03.7000000,82,2
7115,2022-06-05 00:10:08.4000000,82,2
7115,2022-06-05 00:10:12.3000000,82,2
7115,2022-06-05 00:10:18.9000000,82,2
7115,2022-06-05 00:10:22.4000000,82,2
7115,2022-06-05 00:10:24.0000000,82,2
7115,2022-06-05 00:10:25.7000000,82,2
7115,2022-06-05 00:10:27.7000000,82,2
7115,2022-06-05 00:10:28.7000000,82,2
7115,2022-06-05 00:10:33.1000000,82,2
7115,2022-06-05 00:10:34.6000000,82,2
7115,2022-06-05 00:10:34.9000000,82,2
7115,2022-06-05 00:10:40.2000000,82,2
7115,2022-06-05 00:10:41.9000000,82,2
7115,2022-06-05 00:10:42.3000000,82,2
7115,2022-06-05 00:10:43.6000000,82,2
7115,2022-06-05 00:10:44.6000000,82,2
7115,2022-06-05 00:10:45.2000000,82,2
7115,2022-06-05 00:10:48.3000000,82,2
7115,2022-06-05 00:10:51.5000000,82,2
7115,2022-06-05 00:10:52.4000000,82,2
7115,2022-06-05 00:10:54.7000000,82,2
7115,2022-06-05 00:10:56.1000000,82,2
7115,2022-06-05 00:10:56.3000000,82,2
7115,2022-06-05 00:10:58.6000000,82,2
7115,2022-06-05 00:10:59.1000000,82,2
7115,2022-06-05 00:10:59.7000000,82,2
7115,2022-06-05 00:11:00.0000000,82,2
7115,2022-06-05 00:11:02.0000000,82,2
7115,2022-06-05 00:11:04.9000000,82,2
7115,2022-06-05 00:11:09.1000000,82,2
7115,2022-06-05 00:11:09.3000000,82,2
7115,2022-06-05 00:11:18.8000000,82,2
7115,2022-06-05 00:11:24.9000000,82,2
7115,2022-06-05 00:11:26.4000000,82,2
7115,2022-06-05 00:11:36.0000000,82,2
7115,2022-06-05 00:11:36.6000000,82,2
7115,2022-06-05 00:11:41.6000000,82,2
7115,2022-06-05 00:11:46.6000000,82,2
7115,2022-06-05 00:11:48.1000000,82,2
7115,2022-06-05 00:11:50.9000000,82,2
7115,2022-06-05 00:11:51.2000000,82,2
7115,2022-06-05 00:11:51.5000000,82,2
7115,2022-06-05 00:11:51.7000000,82,2
7115,2022-06-05 00:11:53.3000000,82,2
7115,2022-06-05 00:11:55.6000000,82,2
7115,2022-06-05 00:11:56.1000000,82,2
7115,2022-06-05 00:11:57.7000000,82,2
7115,2022-06-05 00:11:59.8000000,82,2
7115,2022-06-05 00:12:01.1000000,82,2
7115,2022-06-05 00:12:04.5000000,82,2
7115,2022-06-05 00:12:12.4000000,82,2
7115,2022-06-05 00:12:15.0000000,82,2
7115,2022-06-05 00:12:16.0000000,82,2
7115,2022-06-05 00:12:16.9000000,82,2
7115,2022-06-05 00:12:17.6000000,82,2
7115,2022-06-05 00:12:19.3000000,82,2
7115,2022-06-05 00:12:20.3000000,82,2
7115,2022-06-05 00:12:22.0000000,82,2
7115,2022-06-05 00:12:22.8000000,82,2
7115,2022-06-05 00:12:23.3000000,82,2
7115,2022-06-05 00:12:24.5000000,82,2
7115,2022-06-05 00:12:25.6000000,82,2
7115,2022-06-05 00:12:32.3000000,82,2
7115,2022-06-05 00:12:32.5000000,82,2
7115,2022-06-05 00:12:34.2000000,82,2
7115,2022-06-05 00:12:46.8000000,82,2
7115,2022-06-05 00:12:47.1000000,82,2
7115,2022-06-05 00:12:49.3000000,82,2
7115,2022-06-05 00:12:51.4000000,82,2
7115,2022-06-05 00:12:52.2000000,82,2
7115,2022-06-05 00:12:52.4000000,82,2
7115,2022-06-05 00:12:54.1000000,82,2
7115,2022-06-05 00:12:55.4000000,82,2
7115,2022-06-05 00:12:56.5000000,82,2
7115,2022-06-05 00:13:01.4000000,82,2
7115,2022-06-05 00:13:05.6000000,82,2
7115,2022-06-05 00:13:08.0000000,82,2
7115,2022-06-05 00:13:09.8000000,82,2
7115,2022-06-05 00:13:11.3000000,82,2
7115,2022-06-05 00:13:13.5000000,82,2
7115,2022-06-05 00:13:14.5000000,82,2
7115,2022-06-05 00:13:19.1000000,82,2
7115,2022-06-05 00:13:20.6000000,82,2
7115,2022-06-05 00:13:21.3000000,82,2
7115,2022-06-05 00:13:23.2000000,82,2
7115,2022-06-05 00:13:24.2000000,82,2
7115,2022-06-05 00:13:24.5000000,82,2
7115,2022-06-05 00:13:24.8000000,82,2
7115,2022-06-05 00:13:25.6000000,82,2
7115,2022-06-05 00:13:29.5000000,82,2
7115,2022-06-05 00:13:33.3000000,82,2
7115,2022-06-05 00:13:36.2000000,82,2
7115,2022-06-05 00:13:36.9000000,82,2
7115,2022-06-05 00:13:37.4000000,82,2
7115,2022-06-05 00:13:40.3000000,82,2
7115,2022-06-05 00:13:40.8000000,82,2
7115,2022-06-05 00:13:41.6000000,82,2
7115,2022-06-05 00:13:41.8000000,82,2
7115,2022-06-05 00:13:44.2000000,82,2
7115,2022-06-05 00:13:45.2000000,82,2
7115,2022-06-05 00:13:46.0000000,82,2
7115,2022-06-05 00:13:46.6000000,82,2
7115,2022-06-05 00:13:47.0000000,82,2
7115,2022-06-05 00:13:47.7000000,82,2
7115,2022-06-05 00:13:53.3000000,82,2
7115,2022-06-05 00:13:55.4000000,82,2
7115,2022-06-05 00:14:05.2000000,82,2
7115,2022-06-05 00:14:10.2000000,82,2
7115,2022-06-05 00:14:11.3000000,82,2
7115,2022-06-05 00:14:14.7000000,82,2
7115,2022-06-05 00:14:20.1000000,82,2
7115,2022-06-05 00:14:22.7000000,82,2
7115,2022-06-05 00:14:23.2000000,82,2
7115,2022-06-05 00:14:28.8000000,82,2
7115,2022-06-05 00:14:29.0000000,82,2
7115,2022-06-05 00:14:44.4000000,82,2
7115,2022-06-05 00:14:45.9000000,82,2
7115,2022-06-05 00:14:47.8000000,82,2
7115,2022-06-05 00:14:50.9000000,82,2
7115,2022-06-05 00:14:54.1000000,82,2
7115,2022-06-05 00:14:57.8000000,82,2
7115,2022-06-05 00:14:58.5000000,82,2
7115,2022-06-05 00:14:59.3000000,82,2
7115,2022-06-05 00:15:01.0000000,82,2
7115,2022-06-05 00:15:05.2000000,82,2
7115,2022-06-05 00:15:06.1000000,82,2
7115,2022-06-05 00:15:06.6000000,82,2
7115,2022-06-05 00:15:09.2000000,82,2
7115,2022-06-05 00:15:15.2000000,82,2
7115,2022-06-05 00:15:18.2000000,82,2
7115,2022-06-05 00:15:30.1000000,82,2
7115,2022-06-05 00:15:37.3000000,82,2
7115,2022-06-05 00:15:42.0000000,82,2
7115,2022-06-05 00:15:43.1000000,82,2
7115,2022-06-05 00:15:48.7000000,82,2
7115,2022-06-05 00:15:49.9000000,82,2
7115,2022-06-05 00:15:51.6000000,82,2
7115,2022-06-05 00:15:53.4000000,82,2
7115,2022-06-05 00:15:55.5000000,82,2
7115,2022-06-05 00:15:57.7000000,82,2
7115,2022-06-05 00:16:01.9000000,82,2
7115,2022-06-05 00:16:07.8000000,82,2
7115,2022-06-05 00:16:09.1000000,82,2
7115,2022-06-05 00:16:11.0000000,82,2
7115,2022-06-05 00:16:11.2000000,82,2
7115,2022-06-05 00:16:12.0000000,82,2
7115,2022-06-05 00:16:15.0000000,82,2
7115,2022-06-05 00:16:19.2000000,82,2
7115,2022-06-05 00:16:20.1000000,82,2
7115,2022-06-05 00:16:23.7000000,82,2
7115,2022-06-05 00:16:25.4000000,82,2
7115,2022-06-05 00:16:26.0000000,82,2
7115,2022-06-05 00:16:27.5000000,82,2
7115,2022-06-05 00:16:28.0000000,82,2
7115,2022-06-05 00:16:36.7000000,82,2
7115,2022-06-05 00:16:37.1000000,82,2
7115,2022-06-05 00:16:37.6000000,82,2
7115,2022-06-05 00:16:46.7000000,82,2
7115,2022-06-05 00:16:51.9000000,82,2
7115,2022-06-05 00:16:54.4000000,82,2
7115,2022-06-05 00:16:54.7000000,82,2
7115,2022-06-05 00:16:57.9000000,82,2
7115,2022-06-05 00:16:58.3000000,82,2
7115,2022-06-05 00:16:59.2000000,82,2
7115,2022-06-05 00:16:59.5000000,82,2
7115,2022-06-05 00:17:00.0000000,82,2
7115,2022-06-05 00:17:03.2000000,82,2
7115,2022-06-05 00:17:03.5000000,82,2
7115,2022-06-05 00:17:09.5000000,82,2
7115,2022-06-05 00:17:10.9000000,82,2
7115,2022-06-05 00:17:11.4000000,82,2
7115,2022-06-05 00:17:14.0000000,82,2
7115,2022-06-05 00:17:18.6000000,82,2
7115,2022-06-05 00:17:24.0000000,82,2
7115,2022-06-05 00:17:31.8000000,82,2
7115,2022-06-05 00:17:36.3000000,82,2
7115,2022-06-05 00:17:38.5000000,82,2
7115,2022-06-05 00:17:41.6000000,82,2
7115,2022-06-05 00:17:41.8000000,82,2
7115,2022-06-05 00:17:47.5000000,82,2
7115,2022-06-05 00:17:48.7000000,82,2
7115,2022-06-05 00:17:50.3000000,82,2
7115,2022-06-05 00:17:53.7000000,82,2
7115,2022-06-05 00:18:13.2000000,82,2
7115,2022-06-05 00:18:18.6000000,82,2
7115,2022-06-05 00:18:19.3000000,82,2
7115,2022-06-05 00:18:21.7000000,82,2
7115,2022-06-05 00:18:22.0000000,82,2
7115,2022-06-05 00:18:23.0000000,82,2
7115,2022-06-05 00:18:23.3000000,82,2
7115,2022-06-05 00:18:26.5000000,82,2
7115,2022-06-05 00:18:29.9000000,82,2
7115,2022-06-05 00:18:32.1000000,82,2
7115,2022-06-05 00:18:33.4000000,82,2
7115,2022-06-05 00:18:33.8000000,82,2
7115,2022-06-05 00:18:35.9000000,82,2
7115,2022-06-05 00:18:42.1000000,82,2
7115,2022-06-05 00:18:43.4000000,82,2
7115,2022-06-05 00:18:46.3000000,82,2
7115,2022-06-05 00:18:46.7000000,82,2
7115,2022-06-05 00:18:49.0000000,82,2
7115,2022-06-05 00:18:51.4000000,82,2
7115,2022-06-05 00:18:54.2000000,82,2
7115,2022-06-05 00:18:59.8000000,82,2
7115,2022-06-05 00:19:00.1000000,82,2
7115,2022-06-05 00:19:00.7000000,82,2
7115,2022-06-05 00:19:02.0000000,82,2
7115,2022-06-05 00:19:02.7000000,82,2
7115,2022-06-05 00:19:03.3000000,82,2
7115,2022-06-05 00:19:03.8000000,82,2
7115,2022-06-05 00:19:08.4000000,82,2
7115,2022-06-05 00:19:08.9000000,82,2
7115,2022-06-05 00:19:10.3000000,82,2
7115,2022-06-05 00:19:11.6000000,82,2
7115,2022-06-05 00:19:13.2000000,82,2
7115,2022-06-05 00:19:13.7000000,82,2
7115,2022-06-05 00:19:14.0000000,82,2
7115,2022-06-05 00:19:14.4000000,82,2
7115,2022-06-05 00:19:14.9000000,82,2
7115,2022-06-05 00:19:17.9000000,82,2
7115,2022-06-05 00:19:20.1000000,82,2
7115,2022-06-05 00:19:22.7000000,82,2
7115,2022-06-05 00:19:24.6000000,82,2
7115,2022-06-05 00:19:25.5000000,82,2
7115,2022-06-05 00:19:25.9000000,82,2
7115,2022-06-05 00:19:32.6000000,82,2
7115,2022-06-05 00:19:32.8000000,82,2
7115,2022-06-05 00:19:33.1000000,82,2
7115,2022-06-05 00:19:33.9000000,82,2
7115,2022-06-05 00:19:34.1000000,82,2
7115,2022-06-05 00:19:36.5000000,82,2
7115,2022-06-05 00:19:43.0000000,82,2
7115,2022-06-05 00:19:43.5000000,82,2
7115,2022-06-05 00:19:44.9000000,82,2
7115,2022-06-05 00:19:46.9000000,82,2
7115,2022-06-05 00:19:47.1000000,82,2
7115,2022-06-05 00:19:50.2000000,82,2
7115,2022-06-05 00:19:55.2000000,82,2
7115,2022-06-05 00:19:57.6000000,82,2
7115,2022-06-05 00:19:57.9000000,82,2
7115,2022-06-05 00:19:58.3000000,82,2
7115,2022-06-05 00:19:59.0000000,82,2
7115,2022-06-05 00:20:06.2000000,82,2
7115,2022-06-05 00:20:12.5000000,82,2
7115,2022-06-05 00:20:12.7000000,82,2
7115,2022-06-05 00:20:14.3000000,82,2
7115,2022-06-05 00:20:20.9000000,82,2
7115,2022-06-05 00:20:24.6000000,82,2
7115,2022-06-05 00:20:25.1000000,82,2
7115,2022-06-05 00:20:26.2000000,82,2
7115,2022-06-05 00:20:28.0000000,82,2
7115,2022-06-05 00:20:28.7000000,82,2
7115,2022-06-05 00:20:29.0000000,82,2
7115,2022-06-05 00:20:29.9000000,82,2
7115,2022-06-05 00:20:32.1000000,82,2
7115,2022-06-05 00:20:33.8000000,82,2
7115,2022-06-05 00:20:35.3000000,82,2
7115,2022-06-05 00:20:37.0000000,82,2
7115,2022-06-05 00:20:37.9000000,82,2
7115,2022-06-05 00:20:40.2000000,82,2
7115,2022-06-05 00:20:44.6000000,82,2
7115,2022-06-05 00:20:46.8000000,82,2
7115,2022-06-05 00:20:54.8000000,82,2
7115,2022-06-05 00:20:56.1000000,82,2
7115,2022-06-05 00:20:58.2000000,82,2
7115,2022-06-05 00:20:59.4000000,82,2
7115,2022-06-05 00:21:04.6000000,82,2
7115,2022-06-05 00:21:05.0000000,82,2
7115,2022-06-05 00:21:05.7000000,82,2
7115,2022-06-05 00:21:07.8000000,82,2
7115,2022-06-05 00:21:09.3000000,82,2
7115,2022-06-05 00:21:11.6000000,82,2
7115,2022-06-05 00:21:14.3000000,82,2
7115,2022-06-05 00:21:15.5000000,82,2
7115,2022-06-05 00:21:21.0000000,82,2
7115,2022-06-05 00:21:25.1000000,82,2
7115,2022-06-05 00:21:38.0000000,82,2
7115,2022-06-05 00:21:41.3000000,82,2
7115,2022-06-05 00:21:45.0000000,82,2
7115,2022-06-05 00:21:49.6000000,82,2
7115,2022-06-05 00:21:50.3000000,82,2
7115,2022-06-05 00:21:52.7000000,82,2
7115,2022-06-05 00:21:52.9000000,82,2
7115,2022-06-05 00:21:54.5000000,82,2
7115,2022-06-05 00:21:59.8000000,82,2
7115,2022-06-05 00:22:00.6000000,82,2
7115,2022-06-05 00:22:02.8000000,82,2
7115,2022-06-05 00:22:03.6000000,82,2
7115,2022-06-05 00:22:05.2000000,82,2
7115,2022-06-05 00:22:08.3000000,82,2
7115,2022-06-05 00:22:09.2000000,82,2
7115,2022-06-05 00:22:10.5000000,82,2
7115,2022-06-05 00:22:12.3000000,82,2
7115,2022-06-05 00:22:18.3000000,82,2
7115,2022-06-05 00:22:26.6000000,82,2
7115,2022-06-05 00:22:28.8000000,82,2
7115,2022-06-05 00:22:29.1000000,82,2
7115,2022-06-05 00:22:30.6000000,82,2
7115,2022-06-05 00:22:31.7000000,82,2
7115,2022-06-05 00:22:33.9000000,82,2
7115,2022-06-05 00:22:40.9000000,82,2
7115,2022-06-05 00:22:42.9000000,82,2
7115,2022-06-05 00:22:47.9000000,82,2
7115,2022-06-05 00:22:51.0000000,82,2
7115,2022-06-05 00:22:53.6000000,82,2
7115,2022-06-05 00:22:54.3000000,82,2
7115,2022-06-05 00:22:58.3000000,82,2
7115,2022-06-05 00:23:06.4000000,82,2
7115,2022-06-05 00:23:06.6000000,82,2
7115,2022-06-05 00:23:10.2000000,82,2
7115,2022-06-05 00:23:11.6000000,82,2
7115,2022-06-05 00:23:13.1000000,82,2
7115,2022-06-05 00:23:13.9000000,82,2
7115,2022-06-05 00:23:14.4000000,82,2
7115,2022-06-05 00:23:19.9000000,82,2
7115,2022-06-05 00:23:25.1000000,82,2
7115,2022-06-05 00:23:26.5000000,82,2
7115,2022-06-05 00:23:27.6000000,82,2
7115,2022-06-05 00:23:30.2000000,82,2
7115,2022-06-05 00:23:31.2000000,82,2
7115,2022-06-05 00:23:31.5000000,82,2
7115,2022-06-05 00:23:32.3000000,82,2
7115,2022-06-05 00:23:34.1000000,82,2
7115,2022-06-05 00:23:34.3000000,82,2
7115,2022-06-05 00:23:35.2000000,82,2
7115,2022-06-05 00:23:35.8000000,82,2
7115,2022-06-05 00:23:36.7000000,82,2
7115,2022-06-05 00:23:37.7000000,82,2
7115,2022-06-05 00:23:38.1000000,82,2
7115,2022-06-05 00:23:44.3000000,82,2
7115,2022-06-05 00:23:46.0000000,82,2
7115,2022-06-05 00:23:49.9000000,82,2
7115,2022-06-05 00:23:50.6000000,82,2
7115,2022-06-05 00:23:50.8000000,82,2
7115,2022-06-05 00:23:53.7000000,82,2
7115,2022-06-05 00:23:54.0000000,82,2
7115,2022-06-05 00:23:56.0000000,82,2
7115,2022-06-05 00:23:56.3000000,82,2
7115,2022-06-05 00:23:56.6000000,82,2
7115,2022-06-05 00:24:01.5000000,82,2
7115,2022-06-05 00:24:02.5000000,82,2
7115,2022-06-05 00:24:03.4000000,82,2
7115,2022-06-05 00:24:04.4000000,82,2
7115,2022-06-05 00:24:08.9000000,82,2
7115,2022-06-05 00:24:11.1000000,82,2
7115,2022-06-05 00:24:11.5000000,82,2
7115,2022-06-05 00:24:16.8000000,82,2
7115,2022-06-05 00:24:17.6000000,82,2
7115,2022-06-05 00:24:18.8000000,82,2
7115,2022-06-05 00:24:19.0000000,82,2
7115,2022-06-05 00:24:20.0000000,82,2
7115,2022-06-05 00:24:21.0000000,82,2
7115,2022-06-05 00:24:22.4000000,82,2
7115,2022-06-05 00:24:24.8000000,82,2
7115,2022-06-05 00:24:26.3000000,82,2
7115,2022-06-05 00:24:31.4000000,82,2
7115,2022-06-05 00:24:33.0000000,82,2
7115,2022-06-05 00:24:34.0000000,82,2
7115,2022-06-05 00:24:34.3000000,82,2
7115,2022-06-05 00:24:35.6000000,82,2
7115,2022-06-05 00:24:35.8000000,82,2
7115,2022-06-05 00:24:36.1000000,82,2
7115,2022-06-05 00:24:36.6000000,82,2
7115,2022-06-05 00:24:36.9000000,82,2
7115,2022-06-05 00:24:38.4000000,82,2
7115,2022-06-05 00:24:38.7000000,82,2
7115,2022-06-05 00:24:39.1000000,82,2
7115,2022-06-05 00:24:39.6000000,82,2
7115,2022-06-05 00:24:40.1000000,82,2
7115,2022-06-05 00:24:46.9000000,82,2
7115,2022-06-05 00:24:47.3000000,82,2
7115,2022-06-05 00:24:48.9000000,82,2
7115,2022-06-05 00:24:52.5000000,82,2
7115,2022-06-05 00:24:55.2000000,82,2
7115,2022-06-05 00:24:55.4000000,82,2
7115,2022-06-05 00:24:56.4000000,82,2
7115,2022-06-05 00:24:58.8000000,82,2
7115,2022-06-05 00:24:59.2000000,82,2
7115,2022-06-05 00:25:01.3000000,82,2
7115,2022-06-05 00:25:01.6000000,82,2
7115,2022-06-05 00:25:01.9000000,82,2
7115,2022-06-05 00:25:03.0000000,82,2
7115,2022-06-05 00:25:03.2000000,82,2
7115,2022-06-05 00:25:03.5000000,82,2
7115,2022-06-05 00:25:06.6000000,82,2
7115,2022-06-05 00:25:23.5000000,82,2
7115,2022-06-05 00:25:24.2000000,82,2
7115,2022-06-05 00:25:25.9000000,82,2
7115,2022-06-05 00:25:27.5000000,82,2
7115,2022-06-05 00:25:31.7000000,82,2
7115,2022-06-05 00:25:32.0000000,82,2
7115,2022-06-05 00:25:32.2000000,82,2
7115,2022-06-05 00:25:32.5000000,82,2
7115,2022-06-05 00:25:36.5000000,82,2
7115,2022-06-05 00:25:38.5000000,82,2
7115,2022-06-05 00:25:39.3000000,82,2
7115,2022-06-05 00:25:42.8000000,82,2
7115,2022-06-05 00:25:51.3000000,82,2
7115,2022-06-05 00:25:54.3000000,82,2
7115,2022-06-05 00:25:55.9000000,82,2
7115,2022-06-05 00:25:58.1000000,82,2
7115,2022-06-05 00:25:58.5000000,82,2
7115,2022-06-05 00:26:01.1000000,82,2
7115,2022-06-05 00:26:03.4000000,82,2
7115,2022-06-05 00:26:03.7000000,82,2
7115,2022-06-05 00:26:04.2000000,82,2
7115,2022-06-05 00:26:05.1000000,82,2
7115,2022-06-05 00:26:05.5000000,82,2
7115,2022-06-05 00:26:06.5000000,82,2
7115,2022-06-05 00:26:08.0000000,82,2
7115,2022-06-05 00:26:09.0000000,82,2
7115,2022-06-05 00:26:09.4000000,82,2
7115,2022-06-05 00:26:12.0000000,82,2
7115,2022-06-05 00:26:12.5000000,82,2
7115,2022-06-05 00:26:12.8000000,82,2
7115,2022-06-05 00:26:14.5000000,82,2
7115,2022-06-05 00:26:15.1000000,82,2
7115,2022-06-05 00:26:15.9000000,82,2
7115,2022-06-05 00:26:18.4000000,82,2
7115,2022-06-05 00:26:21.9000000,82,2
7115,2022-06-05 00:26:23.2000000,82,2
7115,2022-06-05 00:26:25.6000000,82,2
7115,2022-06-05 00:26:26.9000000,82,2
7115,2022-06-05 00:26:34.1000000,82,2
7115,2022-06-05 00:26:35.3000000,82,2
7115,2022-06-05 00:26:43.8000000,82,2
7115,2022-06-05 00:26:46.2000000,82,2
7115,2022-06-05 00:26:46.4000000,82,2
7115,2022-06-05 00:26:56.6000000,82,2
7115,2022-06-05 00:26:57.0000000,82,2
7115,2022-06-05 00:27:01.5000000,82,2
7115,2022-06-05 00:27:05.9000000,82,2
7115,2022-06-05 00:27:10.2000000,82,2
7115,2022-06-05 00:27:10.6000000,82,2
7115,2022-06-05 00:27:21.3000000,82,2
7115,2022-06-05 00:27:22.5000000,82,2
7115,2022-06-05 00:27:24.5000000,82,2
7115,2022-06-05 00:27:24.8000000,82,2
7115,2022-06-05 00:27:25.7000000,82,2
7115,2022-06-05 00:27:26.7000000,82,2
7115,2022-06-05 00:27:27.5000000,82,2
7115,2022-06-05 00:27:28.6000000,82,2
7115,2022-06-05 00:27:30.1000000,82,2
7115,2022-06-05 00:27:33.1000000,82,2
7115,2022-06-05 00:27:33.4000000,82,2
7115,2022-06-05 00:27:35.6000000,82,2
7115,2022-06-05 00:27:36.0000000,82,2
7115,2022-06-05 00:27:36.5000000,82,2
7115,2022-06-05 00:27:40.3000000,82,2
7115,2022-06-05 00:27:41.7000000,82,2
7115,2022-06-05 00:27:42.9000000,82,2
7115,2022-06-05 00:27:43.1000000,82,2
7115,2022-06-05 00:27:43.4000000,82,2
7115,2022-06-05 00:27:46.2000000,82,2
7115,2022-06-05 00:27:49.6000000,82,2
7115,2022-06-05 00:27:58.1000000,82,2
7115,2022-06-05 00:28:01.5000000,82,2
7115,2022-06-05 00:28:10.3000000,82,2
7115,2022-06-05 00:28:21.7000000,82,2
7115,2022-06-05 00:28:22.3000000,82,2
7115,2022-06-05 00:28:26.7000000,82,2
7115,2022-06-05 00:28:27.3000000,82,2
7115,2022-06-05 00:28:31.6000000,82,2
7115,2022-06-05 00:28:32.0000000,82,2
7115,2022-06-05 00:28:32.3000000,82,2
7115,2022-06-05 00:28:33.7000000,82,2
7115,2022-06-05 00:28:34.1000000,82,2
7115,2022-06-05 00:28:46.6000000,82,2
7115,2022-06-05 00:28:48.1000000,82,2
7115,2022-06-05 00:28:51.1000000,82,2
7115,2022-06-05 00:28:53.3000000,82,2
7115,2022-06-05 00:28:53.6000000,82,2
7115,2022-06-05 00:28:58.1000000,82,2
7115,2022-06-05 00:29:00.0000000,82,2
7115,2022-06-05 00:29:02.4000000,82,2
7115,2022-06-05 00:29:04.0000000,82,2
7115,2022-06-05 00:29:06.2000000,82,2
7115,2022-06-05 00:29:12.8000000,82,2
7115,2022-06-05 00:29:28.3000000,82,2
7115,2022-06-05 00:29:29.3000000,82,2
7115,2022-06-05 00:29:30.3000000,82,2
7115,2022-06-05 00:29:33.1000000,82,2
7115,2022-06-05 00:29:34.8000000,82,2
7115,2022-06-05 00:29:43.3000000,82,2
7115,2022-06-05 00:29:51.0000000,82,2
7115,2022-06-05 00:30:26.0000000,82,2
7115,2022-06-05 00:30:28.8000000,82,2
7115,2022-06-05 00:30:32.5000000,82,2
7115,2022-06-05 00:30:37.7000000,82,2
7115,2022-06-05 00:30:39.0000000,82,2
7115,2022-06-05 00:30:43.5000000,82,2
7115,2022-06-05 00:30:45.3000000,82,2
7115,2022-06-05 00:30:49.4000000,82,2
7115,2022-06-05 00:30:52.7000000,82,2
7115,2022-06-05 00:30:53.2000000,82,2
7115,2022-06-05 00:30:53.6000000,82,2
7115,2022-06-05 00:30:54.4000000,82,2
7115,2022-06-05 00:30:55.5000000,82,2
7115,2022-06-05 00:30:58.3000000,82,2
7115,2022-06-05 00:30:58.9000000,82,2
7115,2022-06-05 00:30:59.7000000,82,2
7115,2022-06-05 00:31:00.1000000,82,2
7115,2022-06-05 00:31:00.6000000,82,2
7115,2022-06-05 00:31:00.9000000,82,2
7115,2022-06-05 00:31:01.5000000,82,2
7115,2022-06-05 00:31:01.8000000,82,2
7115,2022-06-05 00:31:15.3000000,82,2
7115,2022-06-05 00:31:21.0000000,82,2
7115,2022-06-05 00:31:22.2000000,82,2
7115,2022-06-05 00:31:26.5000000,82,2
7115,2022-06-05 00:31:27.7000000,82,2
7115,2022-06-05 00:31:34.0000000,82,2
7115,2022-06-05 00:31:37.4000000,82,2
7115,2022-06-05 00:31:38.7000000,82,2
7115,2022-06-05 00:31:39.2000000,82,2
7115,2022-06-05 00:31:42.2000000,82,2
7115,2022-06-05 00:31:42.5000000,82,2
7115,2022-06-05 00:31:43.0000000,82,2
7115,2022-06-05 00:31:51.5000000,82,2
7115,2022-06-05 00:31:51.7000000,82,2
7115,2022-06-05 00:31:52.2000000,82,2
7115,2022-06-05 00:31:52.9000000,82,2
7115,2022-06-05 00:31:54.3000000,82,2
7115,2022-06-05 00:31:55.0000000,82,2
7115,2022-06-05 00:31:55.8000000,82,2
7115,2022-06-05 00:31:58.6000000,82,2
7115,2022-06-05 00:31:58.9000000,82,2
7115,2022-06-05 00:32:00.4000000,82,2
