7115,4/17/2023 19:00:03.0,11,2
7115,4/17/2023 19:00:16.2,1,4
7115,4/17/2023 19:00:33.1,4,4
7115,4/17/2023 19:00:33.1,7,4
7115,4/17/2023 19:00:38.9,1,2
7115,4/17/2023 19:00:38.9,11,4
7115,4/17/2023 19:00:38.9,21,2
7115,4/17/2023 19:01:59.5,23,2
7115,4/17/2023 19:02:06.8,6,2
7115,4/17/2023 19:02:06.8,7,2
7115,4/17/2023 19:02:13.5,1,4
7115,4/17/2023 19:02:13.5,11,2
7115,4/17/2023 19:02:37.4,4,4
7115,4/17/2023 19:02:37.4,7,4
7115,4/17/2023 19:02:43.2,1,2
7115,4/17/2023 19:02:43.2,11,4
7115,4/17/2023 19:02:43.2,21,2
7115,4/17/2023 19:03:58.3,6,2
7115,4/17/2023 19:03:58.3,7,2
7115,4/17/2023 19:03:58.3,23,2
7115,4/17/2023 19:04:05.0,11,2
7115,4/17/2023 19:04:18.9,1,4
7115,4/17/2023 19:04:18.9,21,4
7115,4/17/2023 19:04:45.9,4,4
7115,4/17/2023 19:04:45.9,7,4
7115,4/17/2023 19:04:45.9,23,4
7115,4/17/2023 19:04:51.7,1,2
7115,4/17/2023 19:04:51.7,11,4
7115,4/17/2023 19:04:51.7,21,2
7115,4/17/2023 19:05:46.3,23,2
7115,4/17/2023 19:05:50.5,6,2
7115,4/17/2023 19:05:50.5,7,2
7115,4/17/2023 19:05:57.2,1,4
7115,4/17/2023 19:05:57.2,11,2
7115,4/17/2023 19:06:09.5,4,4
7115,4/17/2023 19:06:09.5,7,4
7115,4/17/2023 19:06:15.3,1,2
7115,4/17/2023 19:06:15.3,11,4
7115,4/17/2023 19:06:15.3,21,2
7115,4/17/2023 19:07:34.3,23,2
7115,4/17/2023 19:07:38.5,6,2
7115,4/17/2023 19:07:38.5,7,2
7115,4/17/2023 19:07:45.2,1,4
7115,4/17/2023 19:07:45.2,11,2
7115,4/17/2023 19:08:11.3,4,4
7115,4/17/2023 19:08:11.3,7,4
7115,4/17/2023 19:08:17.1,1,2
7115,4/17/2023 19:08:17.1,11,4
7115,4/17/2023 19:08:17.1,21,2
7115,4/17/2023 19:09:22.3,6,2
7115,4/17/2023 19:09:22.3,7,2
7115,4/17/2023 19:09:22.3,23,2
7115,4/17/2023 19:09:29.0,11,2
7115,4/17/2023 19:09:44.0,1,4
7115,4/17/2023 19:09:59.4,4,4
7115,4/17/2023 19:09:59.4,7,4
7115,4/17/2023 19:10:05.2,1,2
7115,4/17/2023 19:10:05.2,11,4
7115,4/17/2023 19:10:05.2,21,2
7115,4/17/2023 19:12:01.2,6,4
7115,4/17/2023 19:12:01.2,7,4
7115,4/17/2023 19:12:07.0,1,2
7115,4/17/2023 19:12:07.0,11,4
7115,4/17/2023 19:12:07.0,21,2
7115,4/17/2023 19:12:58.3,23,2
7115,4/17/2023 19:13:02.5,6,2
7115,4/17/2023 19:13:02.5,7,2
7115,4/17/2023 19:13:09.2,1,4
7115,4/17/2023 19:13:09.2,11,2
7115,4/17/2023 19:13:38.4,4,4
7115,4/17/2023 19:13:38.4,7,4
7115,4/17/2023 19:13:44.2,11,4
7115,4/17/2023 19:13:58.7,1,2
7115,4/17/2023 19:13:58.7,21,2
7115,4/17/2023 19:14:46.3,23,2
7115,4/17/2023 19:14:50.5,6,2
7115,4/17/2023 19:14:50.5,7,2
7115,4/17/2023 19:14:57.2,1,4
7115,4/17/2023 19:14:57.2,11,2
7115,4/17/2023 19:15:18.7,4,4
7115,4/17/2023 19:15:18.7,7,4
7115,4/17/2023 19:15:24.5,1,2
7115,4/17/2023 19:15:24.5,11,4
7115,4/17/2023 19:15:24.5,21,2
7115,4/17/2023 19:16:34.3,23,2
7115,4/17/2023 19:16:38.5,6,2
7115,4/17/2023 19:16:38.5,7,2
7115,4/17/2023 19:16:45.2,1,4
7115,4/17/2023 19:16:45.2,11,2
7115,4/17/2023 19:17:14.3,4,4
7115,4/17/2023 19:17:14.3,7,4
7115,4/17/2023 19:17:20.1,1,2
7115,4/17/2023 19:17:20.1,11,4
7115,4/17/2023 19:17:20.1,21,2
7115,4/17/2023 19:18:22.3,23,2
7115,4/17/2023 19:18:26.5,6,2
7115,4/17/2023 19:18:26.5,7,2
7115,4/17/2023 19:18:33.2,1,4
7115,4/17/2023 19:18:33.2,11,2
7115,4/17/2023 19:18:52.6,4,4
7115,4/17/2023 19:18:52.6,7,4
7115,4/17/2023 19:18:58.4,1,2
7115,4/17/2023 19:18:58.4,11,4
7115,4/17/2023 19:18:58.4,21,2
7115,4/17/2023 19:20:10.3,6,2
7115,4/17/2023 19:20:10.3,7,2
7115,4/17/2023 19:20:10.3,23,2
7115,4/17/2023 19:20:17.0,1,4
7115,4/17/2023 19:20:17.0,11,2
7115,4/17/2023 19:20:51.8,4,4
7115,4/17/2023 19:20:51.8,7,4
7115,4/17/2023 19:20:57.6,1,2
7115,4/17/2023 19:20:57.6,11,4
7115,4/17/2023 19:20:57.6,21,2
7115,4/17/2023 19:21:58.3,23,2
7115,4/17/2023 19:22:02.5,6,2
7115,4/17/2023 19:22:02.5,7,2
7115,4/17/2023 19:22:09.2,1,4
7115,4/17/2023 19:22:09.2,11,2
7115,4/17/2023 19:22:25.9,4,4
7115,4/17/2023 19:22:25.9,7,4
7115,4/17/2023 19:22:31.7,1,2
7115,4/17/2023 19:22:31.7,11,4
7115,4/17/2023 19:22:31.7,21,2
7115,4/17/2023 19:23:46.3,23,2
7115,4/17/2023 19:23:50.5,6,2
7115,4/17/2023 19:23:50.5,7,2
7115,4/17/2023 19:23:57.2,1,4
7115,4/17/2023 19:23:57.2,11,2
7115,4/17/2023 19:23:57.2,21,4
7115,4/17/2023 19:24:24.2,4,4
7115,4/17/2023 19:24:24.2,7,4
7115,4/17/2023 19:24:24.2,23,4
7115,4/17/2023 19:24:30.0,1,2
7115,4/17/2023 19:24:30.0,11,4
7115,4/17/2023 19:24:30.0,21,2
7115,4/17/2023 19:25:34.3,23,2
7115,4/17/2023 19:25:38.5,6,2
7115,4/17/2023 19:25:38.5,7,2
7115,4/17/2023 19:25:45.2,1,4
7115,4/17/2023 19:25:45.2,11,2
7115,4/17/2023 19:26:25.2,6,4
7115,4/17/2023 19:26:25.2,7,4
7115,4/17/2023 19:26:31.0,1,2
7115,4/17/2023 19:26:31.0,11,4
7115,4/17/2023 19:26:31.0,21,2
7115,4/17/2023 19:27:22.3,23,2
7115,4/17/2023 19:27:26.5,6,2
7115,4/17/2023 19:27:26.5,7,2
7115,4/17/2023 19:27:33.2,1,4
7115,4/17/2023 19:27:33.2,11,2
7115,4/17/2023 19:27:33.2,21,4
7115,4/17/2023 19:28:00.2,23,4
7115,4/17/2023 19:28:03.1,4,4
7115,4/17/2023 19:28:03.1,7,4
7115,4/17/2023 19:28:08.9,1,2
7115,4/17/2023 19:28:08.9,11,4
7115,4/17/2023 19:28:08.9,21,2
7115,4/17/2023 19:29:10.3,23,2
7115,4/17/2023 19:29:14.5,6,2
7115,4/17/2023 19:29:14.5,7,2
7115,4/17/2023 19:29:21.2,1,4
7115,4/17/2023 19:29:21.2,11,2
7115,4/17/2023 19:29:21.2,21,4
7115,4/17/2023 19:29:48.2,4,4
7115,4/17/2023 19:29:48.2,7,4
7115,4/17/2023 19:29:48.2,23,4
7115,4/17/2023 19:29:54.0,1,2
7115,4/17/2023 19:29:54.0,11,4
7115,4/17/2023 19:29:54.0,21,2
7115,4/17/2023 19:30:58.3,23,2
7115,4/17/2023 19:32:46.3,6,2
7115,4/17/2023 19:32:46.3,7,2
7115,4/17/2023 19:32:46.3,23,2
7115,4/17/2023 19:32:53.0,11,2
7115,4/17/2023 19:33:03.5,1,4
7115,4/17/2023 19:33:10.5,4,4
7115,4/17/2023 19:33:10.5,7,4
7115,4/17/2023 19:33:16.3,1,2
7115,4/17/2023 19:33:16.3,11,4
7115,4/17/2023 19:33:16.3,21,2
7115,4/17/2023 19:34:34.3,23,2
7115,4/17/2023 19:34:38.5,6,2
7115,4/17/2023 19:34:38.5,7,2
7115,4/17/2023 19:34:45.2,1,4
7115,4/17/2023 19:34:45.2,11,2
7115,4/17/2023 19:35:12.8,4,4
7115,4/17/2023 19:35:12.8,7,4
7115,4/17/2023 19:35:18.6,11,4
7115,4/17/2023 19:35:29.5,1,2
7115,4/17/2023 19:35:29.5,21,2
7115,4/17/2023 19:36:22.3,23,2
7115,4/17/2023 19:36:23.3,6,2
7115,4/17/2023 19:36:23.3,7,2
7115,4/17/2023 19:36:30.0,1,4
7115,4/17/2023 19:36:30.0,11,2
7115,4/17/2023 19:36:53.3,4,4
7115,4/17/2023 19:36:53.3,7,4
7115,4/17/2023 19:36:59.1,1,2
7115,4/17/2023 19:36:59.1,11,4
7115,4/17/2023 19:36:59.1,21,2
7115,4/17/2023 19:38:10.3,23,2
7115,4/17/2023 19:38:12.9,6,2
7115,4/17/2023 19:38:12.9,7,2
7115,4/17/2023 19:38:19.6,11,2
7115,4/17/2023 19:38:31.4,1,4
7115,4/17/2023 19:38:39.4,4,4
7115,4/17/2023 19:38:39.4,7,4
7115,4/17/2023 19:38:45.2,1,2
7115,4/17/2023 19:38:45.2,11,4
7115,4/17/2023 19:38:45.2,21,2
7115,4/17/2023 19:39:58.3,23,2
7115,4/17/2023 19:40:02.5,6,2
7115,4/17/2023 19:40:02.5,7,2
7115,4/17/2023 19:40:09.2,1,4
7115,4/17/2023 19:40:09.2,11,2
7115,4/17/2023 19:40:23.6,4,4
7115,4/17/2023 19:40:23.6,7,4
7115,4/17/2023 19:40:29.4,1,2
7115,4/17/2023 19:40:29.4,11,4
7115,4/17/2023 19:40:29.4,21,2
7115,4/17/2023 19:41:46.3,23,2
7115,4/17/2023 19:41:50.5,6,2
7115,4/17/2023 19:41:50.5,7,2
7115,4/17/2023 19:41:57.2,1,4
7115,4/17/2023 19:41:57.2,11,2
7115,4/17/2023 19:42:07.1,4,4
7115,4/17/2023 19:42:07.1,7,4
7115,4/17/2023 19:42:12.9,1,2
7115,4/17/2023 19:42:12.9,11,4
7115,4/17/2023 19:42:12.9,21,2
7115,4/17/2023 19:43:34.3,23,2
7115,4/17/2023 19:43:38.5,6,2
7115,4/17/2023 19:43:38.5,7,2
7115,4/17/2023 19:43:45.2,1,4
7115,4/17/2023 19:43:45.2,11,2
7115,4/17/2023 19:44:08.2,4,4
7115,4/17/2023 19:44:08.2,7,4
7115,4/17/2023 19:44:14.0,1,2
7115,4/17/2023 19:44:14.0,11,4
7115,4/17/2023 19:44:14.0,21,2
7115,4/17/2023 19:45:22.3,23,2
7115,4/17/2023 19:45:26.5,6,2
7115,4/17/2023 19:45:26.5,7,2
7115,4/17/2023 19:45:33.2,1,4
7115,4/17/2023 19:45:33.2,11,2
7115,4/17/2023 19:45:45.4,4,4
7115,4/17/2023 19:45:45.4,7,4
7115,4/17/2023 19:45:51.2,1,2
7115,4/17/2023 19:45:51.2,11,4
7115,4/17/2023 19:45:51.2,21,2
7115,4/17/2023 19:47:10.3,6,2
7115,4/17/2023 19:47:10.3,7,2
7115,4/17/2023 19:47:10.3,23,2
7115,4/17/2023 19:47:17.0,1,4
7115,4/17/2023 19:47:17.0,11,2
7115,4/17/2023 19:47:48.1,4,4
7115,4/17/2023 19:47:48.1,7,4
7115,4/17/2023 19:47:53.9,11,4
7115,4/17/2023 19:48:11.0,1,2
7115,4/17/2023 19:48:11.0,21,2
7115,4/17/2023 19:48:58.3,6,2
7115,4/17/2023 19:48:58.3,7,2
7115,4/17/2023 19:48:58.3,23,2
7115,4/17/2023 19:49:05.0,1,4
7115,4/17/2023 19:49:05.0,11,2
7115,4/17/2023 19:49:05.0,21,4
7115,4/17/2023 19:49:32.0,4,4
7115,4/17/2023 19:49:32.0,7,4
7115,4/17/2023 19:49:32.0,23,4
7115,4/17/2023 19:49:37.8,1,2
7115,4/17/2023 19:49:37.8,11,4
7115,4/17/2023 19:49:37.8,21,2
7115,4/17/2023 19:50:46.3,6,2
7115,4/17/2023 19:50:46.3,7,2
7115,4/17/2023 19:50:46.3,23,2
7115,4/17/2023 19:50:53.0,1,4
7115,4/17/2023 19:50:53.0,11,2
7115,4/17/2023 19:51:53.0,1,2
7115,4/17/2023 19:51:53.0,21,2
7115,4/17/2023 19:52:34.3,23,2
7115,4/17/2023 19:52:38.5,6,2
7115,4/17/2023 19:52:38.5,7,2
7115,4/17/2023 19:52:45.2,1,4
7115,4/17/2023 19:52:45.2,11,2
7115,4/17/2023 19:53:01.3,4,4
7115,4/17/2023 19:53:01.3,7,4
7115,4/17/2023 19:53:07.1,1,2
7115,4/17/2023 19:53:07.1,11,4
7115,4/17/2023 19:53:07.1,21,2
7115,4/17/2023 19:54:22.3,23,2
7115,4/17/2023 19:54:26.5,6,2
7115,4/17/2023 19:54:26.5,7,2
7115,4/17/2023 19:54:33.2,1,4
7115,4/17/2023 19:54:33.2,11,2
7115,4/17/2023 19:54:41.5,4,4
7115,4/17/2023 19:54:41.5,7,4
7115,4/17/2023 19:54:47.3,1,2
7115,4/17/2023 19:54:47.3,11,4
7115,4/17/2023 19:54:47.3,21,2
7115,4/17/2023 19:56:10.3,6,2
7115,4/17/2023 19:56:10.3,7,2
7115,4/17/2023 19:56:10.3,23,2
7115,4/17/2023 19:56:17.0,1,4
7115,4/17/2023 19:56:17.0,11,2
7115,4/17/2023 19:56:17.0,21,4
7115,4/17/2023 19:56:44.0,4,4
7115,4/17/2023 19:56:44.0,7,4
7115,4/17/2023 19:56:44.0,23,4
7115,4/17/2023 19:56:49.8,1,2
7115,4/17/2023 19:56:49.8,11,4
7115,4/17/2023 19:56:49.8,21,2
7115,4/17/2023 19:57:58.3,23,2
7115,4/17/2023 19:58:02.5,6,2
7115,4/17/2023 19:58:02.5,7,2
7115,4/17/2023 19:58:09.2,1,4
7115,4/17/2023 19:58:09.2,11,2
7115,4/17/2023 19:58:27.1,4,4
7115,4/17/2023 19:58:27.1,7,4
7115,4/17/2023 19:58:32.9,1,2
7115,4/17/2023 19:58:32.9,11,4
7115,4/17/2023 19:58:32.9,21,2
7115,4/17/2023 19:59:46.3,23,2
7115,4/17/2023 19:59:50.5,6,2
7115,4/17/2023 19:59:50.5,7,2
7115,4/17/2023 19:59:57.2,1,4
7115,4/17/2023 19:59:57.2,11,2
7115,4/17/2023 20:00:11.3,4,4
7115,4/17/2023 20:00:11.3,7,4
7115,4/17/2023 20:00:17.1,1,2
7115,4/17/2023 20:00:17.1,11,4
7115,4/17/2023 20:00:17.1,21,2
7115,4/17/2023 20:02:08.2,4,4
7115,4/17/2023 20:02:08.2,7,4
7115,4/17/2023 20:02:14.0,1,2
7115,4/17/2023 20:02:14.0,11,4
7115,4/17/2023 20:02:14.0,21,2
7115,4/17/2023 20:03:22.3,23,2
7115,4/17/2023 20:03:26.5,6,2
7115,4/17/2023 20:03:26.5,7,2
7115,4/17/2023 20:03:33.2,1,4
7115,4/17/2023 20:03:33.2,11,2
7115,4/17/2023 20:03:45.3,4,4
7115,4/17/2023 20:03:45.3,7,4
7115,4/17/2023 20:03:51.1,1,2
7115,4/17/2023 20:03:51.1,11,4
7115,4/17/2023 20:03:51.1,21,2
7115,4/17/2023 20:05:10.3,23,2
7115,4/17/2023 20:05:14.5,6,2
7115,4/17/2023 20:05:14.5,7,2
7115,4/17/2023 20:05:21.2,1,4
7115,4/17/2023 20:05:21.2,11,2
7115,4/17/2023 20:05:21.2,21,4
7115,4/17/2023 20:05:48.2,23,4
7115,4/17/2023 20:05:49.7,4,4
7115,4/17/2023 20:05:49.7,7,4
7115,4/17/2023 20:05:55.5,1,2
7115,4/17/2023 20:05:55.5,11,4
7115,4/17/2023 20:05:55.5,21,2
7115,4/17/2023 20:06:58.3,6,2
7115,4/17/2023 20:06:58.3,7,2
7115,4/17/2023 20:06:58.3,23,2
7115,4/17/2023 20:07:05.0,1,4
7115,4/17/2023 20:07:05.0,11,2
7115,4/17/2023 20:07:05.0,21,4
7115,4/17/2023 20:07:32.0,4,4
7115,4/17/2023 20:07:32.0,7,4
7115,4/17/2023 20:07:32.0,23,4
7115,4/17/2023 20:07:37.8,11,4
7115,4/17/2023 20:07:52.9,1,2
7115,4/17/2023 20:07:52.9,21,2
7115,4/17/2023 20:08:46.3,23,2
7115,4/17/2023 20:08:50.5,6,2
7115,4/17/2023 20:08:50.5,7,2
7115,4/17/2023 20:08:57.2,1,4
7115,4/17/2023 20:08:57.2,11,2
7115,4/17/2023 20:09:18.3,4,4
7115,4/17/2023 20:09:18.3,7,4
7115,4/17/2023 20:09:24.1,1,2
7115,4/17/2023 20:09:24.1,11,4
7115,4/17/2023 20:09:24.1,21,2
7115,4/17/2023 20:10:34.3,23,2
7115,4/17/2023 20:10:38.5,6,2
7115,4/17/2023 20:10:38.5,7,2
7115,4/17/2023 20:10:45.2,1,4
7115,4/17/2023 20:10:45.2,11,2
7115,4/17/2023 20:10:57.2,4,4
7115,4/17/2023 20:10:57.2,7,4
7115,4/17/2023 20:12:22.3,23,2
7115,4/17/2023 20:12:26.5,6,2
7115,4/17/2023 20:12:26.5,7,2
7115,4/17/2023 20:12:33.2,1,4
7115,4/17/2023 20:12:33.2,11,2
7115,4/17/2023 20:12:44.3,4,4
7115,4/17/2023 20:12:44.3,7,4
7115,4/17/2023 20:12:50.1,1,2
7115,4/17/2023 20:12:50.1,11,4
7115,4/17/2023 20:12:50.1,21,2
7115,4/17/2023 20:14:10.3,6,2
7115,4/17/2023 20:14:10.3,7,2
7115,4/17/2023 20:14:10.3,23,2
7115,4/17/2023 20:14:17.0,11,2
7115,4/17/2023 20:14:32.0,1,4
7115,4/17/2023 20:14:45.5,4,4
7115,4/17/2023 20:14:45.5,7,4
7115,4/17/2023 20:14:51.3,1,2
7115,4/17/2023 20:14:51.3,11,4
7115,4/17/2023 20:14:51.3,21,2
7115,4/17/2023 20:15:58.3,6,2
7115,4/17/2023 20:15:58.3,7,2
7115,4/17/2023 20:15:58.3,23,2
7115,4/17/2023 20:16:05.0,1,4
7115,4/17/2023 20:16:05.0,11,2
7115,4/17/2023 20:16:24.6,4,4
7115,4/17/2023 20:16:24.6,7,4
7115,4/17/2023 20:16:30.4,1,2
7115,4/17/2023 20:16:30.4,11,4
7115,4/17/2023 20:16:30.4,21,2
7115,4/17/2023 20:17:46.3,23,2
7115,4/17/2023 20:17:50.5,6,2
7115,4/17/2023 20:17:50.5,7,2
7115,4/17/2023 20:17:57.2,1,4
7115,4/17/2023 20:17:57.2,11,2
7115,4/17/2023 20:18:16.0,4,4
7115,4/17/2023 20:18:16.0,7,4
7115,4/17/2023 20:18:21.8,1,2
7115,4/17/2023 20:18:21.8,11,4
7115,4/17/2023 20:18:21.8,21,2
7115,4/17/2023 20:19:34.3,23,2
7115,4/17/2023 20:19:38.5,6,2
7115,4/17/2023 20:19:38.5,7,2
7115,4/17/2023 20:19:45.2,1,4
7115,4/17/2023 20:19:45.2,11,2
7115,4/17/2023 20:20:03.2,4,4
7115,4/17/2023 20:20:03.2,7,4
7115,4/17/2023 20:20:09.0,1,2
7115,4/17/2023 20:20:09.0,11,4
7115,4/17/2023 20:20:09.0,21,2
7115,4/17/2023 20:21:50.6,4,4
7115,4/17/2023 20:21:50.6,7,4
7115,4/17/2023 20:21:56.4,1,2
7115,4/17/2023 20:21:56.4,11,4
7115,4/17/2023 20:21:56.4,21,2
7115,4/17/2023 20:23:10.3,23,2
7115,4/17/2023 20:23:14.5,6,2
7115,4/17/2023 20:23:14.5,7,2
7115,4/17/2023 20:23:21.2,1,4
7115,4/17/2023 20:23:21.2,11,2
7115,4/17/2023 20:23:47.9,4,4
7115,4/17/2023 20:23:47.9,7,4
7115,4/17/2023 20:23:53.7,1,2
7115,4/17/2023 20:23:53.7,11,4
7115,4/17/2023 20:23:53.7,21,2
7115,4/17/2023 20:24:58.3,6,2
7115,4/17/2023 20:24:58.3,7,2
7115,4/17/2023 20:24:58.3,23,2
7115,4/17/2023 20:25:05.0,1,4
7115,4/17/2023 20:25:05.0,11,2
7115,4/17/2023 20:25:21.5,4,4
7115,4/17/2023 20:25:21.5,7,4
7115,4/17/2023 20:25:27.3,1,2
7115,4/17/2023 20:25:27.3,11,4
7115,4/17/2023 20:25:27.3,21,2
7115,4/17/2023 20:26:46.3,23,2
7115,4/17/2023 20:26:50.5,6,2
7115,4/17/2023 20:26:50.5,7,2
7115,4/17/2023 20:26:57.2,1,4
7115,4/17/2023 20:26:57.2,11,2
7115,4/17/2023 20:27:11.2,4,4
7115,4/17/2023 20:27:11.2,7,4
7115,4/17/2023 20:27:17.0,1,2
7115,4/17/2023 20:27:17.0,11,4
7115,4/17/2023 20:27:17.0,21,2
7115,4/17/2023 20:28:34.3,23,2
7115,4/17/2023 20:28:38.5,6,2
7115,4/17/2023 20:28:38.5,7,2
7115,4/17/2023 20:28:45.2,1,4
7115,4/17/2023 20:28:45.2,11,2
7115,4/17/2023 20:29:00.3,4,4
7115,4/17/2023 20:29:00.3,7,4
7115,4/17/2023 20:29:06.1,1,2
7115,4/17/2023 20:29:06.1,11,4
7115,4/17/2023 20:29:06.1,21,2
7115,4/17/2023 20:30:22.3,23,2
7115,4/17/2023 20:30:26.5,6,2
7115,4/17/2023 20:30:26.5,7,2
7115,4/17/2023 20:30:33.2,1,4
7115,4/17/2023 20:30:33.2,11,2
7115,4/17/2023 20:30:54.2,4,4
7115,4/17/2023 20:30:54.2,7,4
7115,4/17/2023 20:32:10.3,6,2
7115,4/17/2023 20:32:10.3,7,2
7115,4/17/2023 20:32:10.3,23,2
7115,4/17/2023 20:32:17.0,11,2
7115,4/17/2023 20:32:31.0,1,4
7115,4/17/2023 20:32:44.3,4,4
7115,4/17/2023 20:32:44.3,7,4
7115,4/17/2023 20:32:50.1,11,4
7115,4/17/2023 20:33:04.8,1,2
7115,4/17/2023 20:33:04.8,21,2
7115,4/17/2023 20:33:58.3,23,2
7115,4/17/2023 20:34:02.5,6,2
7115,4/17/2023 20:34:02.5,7,2
7115,4/17/2023 20:34:09.2,1,4
7115,4/17/2023 20:34:09.2,11,2
7115,4/17/2023 20:34:20.2,4,4
7115,4/17/2023 20:34:20.2,7,4
7115,4/17/2023 20:34:26.0,1,2
7115,4/17/2023 20:34:26.0,11,4
7115,4/17/2023 20:34:26.0,21,2
7115,4/17/2023 20:35:46.3,23,2
7115,4/17/2023 20:35:50.5,6,2
7115,4/17/2023 20:35:50.5,7,2
7115,4/17/2023 20:35:57.2,1,4
7115,4/17/2023 20:35:57.2,11,2
7115,4/17/2023 20:36:15.0,4,4
7115,4/17/2023 20:36:15.0,7,4
7115,4/17/2023 20:36:20.8,1,2
7115,4/17/2023 20:36:20.8,11,4
7115,4/17/2023 20:36:20.8,21,2
7115,4/17/2023 20:37:34.3,23,2
7115,4/17/2023 20:37:38.5,6,2
7115,4/17/2023 20:37:38.5,7,2
7115,4/17/2023 20:37:45.2,1,4
7115,4/17/2023 20:37:45.2,11,2
7115,4/17/2023 20:38:01.1,4,4
7115,4/17/2023 20:38:01.1,7,4
7115,4/17/2023 20:38:06.9,1,2
7115,4/17/2023 20:38:06.9,11,4
7115,4/17/2023 20:38:06.9,21,2
7115,4/17/2023 20:39:22.3,23,2
7115,4/17/2023 20:39:26.5,6,2
7115,4/17/2023 20:39:26.5,7,2
7115,4/17/2023 20:39:33.2,1,4
7115,4/17/2023 20:39:33.2,11,2
7115,4/17/2023 20:39:55.7,4,4
7115,4/17/2023 20:39:55.7,7,4
7115,4/17/2023 20:40:01.5,1,2
7115,4/17/2023 20:40:01.5,11,4
7115,4/17/2023 20:40:01.5,21,2
7115,4/17/2023 20:42:58.3,23,2
7115,4/17/2023 20:43:02.5,6,2
7115,4/17/2023 20:43:02.5,7,2
7115,4/17/2023 20:43:09.2,1,4
7115,4/17/2023 20:43:09.2,11,2
7115,4/17/2023 20:43:29.8,4,4
7115,4/17/2023 20:43:29.8,7,4
7115,4/17/2023 20:43:35.6,1,2
7115,4/17/2023 20:43:35.6,11,4
7115,4/17/2023 20:43:35.6,21,2
7115,4/17/2023 20:44:46.3,6,2
7115,4/17/2023 20:44:46.3,7,2
7115,4/17/2023 20:44:46.3,23,2
7115,4/17/2023 20:44:53.0,1,4
7115,4/17/2023 20:44:53.0,11,2
7115,4/17/2023 20:45:24.2,4,4
7115,4/17/2023 20:45:24.2,7,4
7115,4/17/2023 20:45:30.0,1,2
7115,4/17/2023 20:45:30.0,11,4
7115,4/17/2023 20:45:30.0,21,2
7115,4/17/2023 20:46:34.3,23,2
7115,4/17/2023 20:46:38.5,6,2
7115,4/17/2023 20:46:38.5,7,2
7115,4/17/2023 20:46:45.2,1,4
7115,4/17/2023 20:46:45.2,11,2
7115,4/17/2023 20:46:58.3,4,4
7115,4/17/2023 20:46:58.3,7,4
7115,4/17/2023 20:47:04.1,1,2
7115,4/17/2023 20:47:04.1,11,4
7115,4/17/2023 20:47:04.1,21,2
7115,4/17/2023 20:48:22.3,6,2
7115,4/17/2023 20:48:22.3,7,2
7115,4/17/2023 20:48:22.3,23,2
7115,4/17/2023 20:48:29.0,1,4
7115,4/17/2023 20:48:29.0,11,2
7115,4/17/2023 20:48:43.6,4,4
7115,4/17/2023 20:48:43.6,7,4
7115,4/17/2023 20:48:49.4,1,2
7115,4/17/2023 20:48:49.4,11,4
7115,4/17/2023 20:48:49.4,21,2
7115,4/17/2023 20:50:10.3,23,2
7115,4/17/2023 20:50:14.5,6,2
7115,4/17/2023 20:50:14.5,7,2
7115,4/17/2023 20:50:21.2,1,4
7115,4/17/2023 20:50:21.2,11,2
7115,4/17/2023 20:50:34.3,4,4
7115,4/17/2023 20:50:34.3,7,4
7115,4/17/2023 20:50:40.1,1,2
7115,4/17/2023 20:50:40.1,11,4
7115,4/17/2023 20:50:40.1,21,2
7115,4/17/2023 20:51:58.3,23,2
7115,4/17/2023 20:52:02.5,6,2
7115,4/17/2023 20:52:02.5,7,2
7115,4/17/2023 20:52:09.2,1,4
7115,4/17/2023 20:52:09.2,11,2
7115,4/17/2023 20:52:18.0,4,4
7115,4/17/2023 20:52:18.0,7,4
7115,4/17/2023 20:52:23.8,1,2
7115,4/17/2023 20:52:23.8,11,4
7115,4/17/2023 20:52:23.8,21,2
7115,4/17/2023 20:53:46.3,23,2
7115,4/17/2023 20:53:50.5,6,2
7115,4/17/2023 20:53:50.5,7,2
7115,4/17/2023 20:53:57.2,1,4
7115,4/17/2023 20:53:57.2,11,2
7115,4/17/2023 20:54:11.3,4,4
7115,4/17/2023 20:54:11.3,7,4
7115,4/17/2023 20:54:17.1,1,2
7115,4/17/2023 20:54:17.1,11,4
7115,4/17/2023 20:54:17.1,21,2
7115,4/17/2023 20:55:34.3,23,2
7115,4/17/2023 20:55:38.5,6,2
7115,4/17/2023 20:55:38.5,7,2
7115,4/17/2023 20:55:45.2,1,4
7115,4/17/2023 20:55:45.2,11,2
7115,4/17/2023 20:56:03.9,4,4
7115,4/17/2023 20:56:03.9,7,4
7115,4/17/2023 20:56:09.7,1,2
7115,4/17/2023 20:56:09.7,11,4
7115,4/17/2023 20:56:09.7,21,2
7115,4/17/2023 20:57:22.3,6,2
7115,4/17/2023 20:57:22.3,7,2
7115,4/17/2023 20:57:22.3,23,2
7115,4/17/2023 20:57:29.0,1,4
7115,4/17/2023 20:57:29.0,11,2
7115,4/17/2023 20:57:53.6,4,4
7115,4/17/2023 20:57:53.6,7,4
7115,4/17/2023 20:57:59.4,1,2
7115,4/17/2023 20:57:59.4,11,4
7115,4/17/2023 20:57:59.4,21,2
7115,4/17/2023 20:59:10.3,23,2
7115,4/17/2023 20:59:14.5,6,2
7115,4/17/2023 20:59:14.5,7,2
7115,4/17/2023 20:59:21.2,1,4
7115,4/17/2023 20:59:21.2,11,2
7115,4/17/2023 20:59:36.0,4,4
7115,4/17/2023 20:59:36.0,7,4
7115,4/17/2023 20:59:41.8,1,2
7115,4/17/2023 20:59:41.8,11,4
7115,4/17/2023 20:59:41.8,21,2
7115,4/17/2023 21:00:14.0,23,2
7115,4/17/2023 21:00:15.0,4,2
7115,4/17/2023 21:00:15.0,7,2
7115,4/17/2023 21:00:21.7,1,4
7115,4/17/2023 21:00:21.7,11,2
7115,4/17/2023 21:00:29.6,4,4
7115,4/17/2023 21:00:29.6,7,4
7115,4/17/2023 21:00:35.4,1,2
7115,4/17/2023 21:00:35.4,11,4
7115,4/17/2023 21:00:50.6,4,2
7115,4/17/2023 21:00:50.6,7,2
7115,4/17/2023 21:00:57.3,1,4
7115,4/17/2023 21:00:57.3,11,2
7115,4/17/2023 21:01:46.9,1,2
7115,4/17/2023 21:01:46.9,11,4
7115,4/17/2023 21:02:06.3,4,2
7115,4/17/2023 21:02:06.3,7,2
7115,4/17/2023 21:02:13.0,1,4
7115,4/17/2023 21:02:13.0,11,2
7115,4/17/2023 21:02:26.8,4,4
7115,4/17/2023 21:02:26.8,7,4
7115,4/17/2023 21:02:32.6,1,2
7115,4/17/2023 21:02:32.6,11,4
7115,4/17/2023 21:02:47.6,4,2
7115,4/17/2023 21:02:47.6,7,2
7115,4/17/2023 21:02:54.3,1,4
7115,4/17/2023 21:02:54.3,11,2
7115,4/17/2023 21:02:59.3,4,4
7115,4/17/2023 21:02:59.3,7,4
7115,4/17/2023 21:03:05.1,1,2
7115,4/17/2023 21:03:05.1,11,4
7115,4/17/2023 21:03:33.2,4,2
7115,4/17/2023 21:03:33.2,7,2
7115,4/17/2023 21:03:39.9,1,4
7115,4/17/2023 21:03:39.9,11,2
7115,4/17/2023 21:03:49.3,4,4
7115,4/17/2023 21:03:49.3,7,4
7115,4/17/2023 21:03:55.1,1,2
7115,4/17/2023 21:03:55.1,11,4
7115,4/17/2023 21:04:10.4,4,2
7115,4/17/2023 21:04:10.4,7,2
7115,4/17/2023 21:04:17.1,1,4
7115,4/17/2023 21:04:17.1,11,2
7115,4/17/2023 21:04:24.9,4,4
7115,4/17/2023 21:04:24.9,7,4
7115,4/17/2023 21:04:30.7,1,2
7115,4/17/2023 21:04:30.7,11,4
7115,4/17/2023 21:04:58.3,4,2
7115,4/17/2023 21:04:58.3,7,2
7115,4/17/2023 21:05:05.0,1,4
7115,4/17/2023 21:05:05.0,11,2
7115,4/17/2023 21:05:14.2,4,4
7115,4/17/2023 21:05:14.2,7,4
7115,4/17/2023 21:05:20.0,1,2
7115,4/17/2023 21:05:20.0,11,4
7115,4/17/2023 21:06:03.8,4,2
7115,4/17/2023 21:06:03.8,7,2
7115,4/17/2023 21:06:10.5,1,4
7115,4/17/2023 21:06:10.5,11,2
7115,4/17/2023 21:06:17.2,4,4
7115,4/17/2023 21:06:17.2,7,4
7115,4/17/2023 21:06:23.0,1,2
7115,4/17/2023 21:06:23.0,11,4
7115,4/17/2023 21:06:52.2,4,2
7115,4/17/2023 21:06:52.2,7,2
7115,4/17/2023 21:06:58.9,1,4
7115,4/17/2023 21:06:58.9,11,2
7115,4/17/2023 21:07:09.5,4,4
7115,4/17/2023 21:07:09.5,7,4
7115,4/17/2023 21:07:15.3,1,2
7115,4/17/2023 21:07:15.3,11,4
7115,4/17/2023 21:07:34.9,4,2
7115,4/17/2023 21:07:34.9,7,2
7115,4/17/2023 21:07:41.6,1,4
7115,4/17/2023 21:07:41.6,11,2
7115,4/17/2023 21:07:52.9,4,4
7115,4/17/2023 21:07:52.9,7,4
7115,4/17/2023 21:07:58.7,1,2
7115,4/17/2023 21:07:58.7,11,4
7115,4/17/2023 21:08:31.7,4,2
7115,4/17/2023 21:08:31.7,7,2
7115,4/17/2023 21:08:38.4,1,4
7115,4/17/2023 21:08:38.4,11,2
7115,4/17/2023 21:08:43.4,4,4
7115,4/17/2023 21:08:43.4,7,4
7115,4/17/2023 21:08:49.2,1,2
7115,4/17/2023 21:08:49.2,11,4
7115,4/17/2023 21:08:49.2,21,2
7115,4/17/2023 21:09:10.2,23,2
7115,4/17/2023 21:09:16.6,4,2
7115,4/17/2023 21:09:16.6,7,2
7115,4/17/2023 21:09:23.3,1,4
7115,4/17/2023 21:09:23.3,11,2
7115,4/17/2023 21:09:28.3,4,4
7115,4/17/2023 21:09:28.3,7,4
7115,4/17/2023 21:09:34.1,1,2
7115,4/17/2023 21:09:34.1,11,4
7115,4/17/2023 21:10:08.4,4,2
7115,4/17/2023 21:10:08.4,7,2
7115,4/17/2023 21:10:15.1,1,4
7115,4/17/2023 21:10:15.1,11,2
7115,4/17/2023 21:10:22.4,4,4
7115,4/17/2023 21:10:22.4,7,4
7115,4/17/2023 21:10:28.2,1,2
7115,4/17/2023 21:10:28.2,11,4
7115,4/17/2023 21:10:50.1,4,2
7115,4/17/2023 21:10:50.1,7,2
7115,4/17/2023 21:10:56.8,1,4
7115,4/17/2023 21:10:56.8,11,2
7115,4/17/2023 21:11:47.5,1,4
7115,4/17/2023 21:11:47.5,11,2
7115,4/17/2023 21:11:54.0,4,4
7115,4/17/2023 21:11:54.0,7,4
7115,4/17/2023 21:11:59.8,1,2
7115,4/17/2023 21:11:59.8,11,4
7115,4/17/2023 21:12:14.8,4,2
7115,4/17/2023 21:12:14.8,7,2
7115,4/17/2023 21:12:21.5,1,4
7115,4/17/2023 21:12:21.5,11,2
7115,4/17/2023 21:12:28.9,4,4
7115,4/17/2023 21:12:28.9,7,4
7115,4/17/2023 21:12:34.7,1,2
7115,4/17/2023 21:12:34.7,11,4
7115,4/17/2023 21:12:59.4,4,2
7115,4/17/2023 21:12:59.4,7,2
7115,4/17/2023 21:13:06.1,1,4
7115,4/17/2023 21:13:06.1,11,2
7115,4/17/2023 21:13:14.5,4,4
7115,4/17/2023 21:13:14.5,7,4
7115,4/17/2023 21:13:20.3,1,2
7115,4/17/2023 21:13:20.3,11,4
7115,4/17/2023 21:13:39.0,4,2
7115,4/17/2023 21:13:39.0,7,2
7115,4/17/2023 21:13:45.7,1,4
7115,4/17/2023 21:13:45.7,11,2
7115,4/17/2023 21:13:53.9,4,4
7115,4/17/2023 21:13:53.9,7,4
7115,4/17/2023 21:13:59.7,1,2
7115,4/17/2023 21:13:59.7,11,4
7115,4/17/2023 21:14:14.7,4,2
7115,4/17/2023 21:14:14.7,7,2
7115,4/17/2023 21:14:21.4,1,4
7115,4/17/2023 21:14:21.4,11,2
7115,4/17/2023 21:14:29.8,4,4
7115,4/17/2023 21:14:29.8,7,4
7115,4/17/2023 21:14:35.6,1,2
7115,4/17/2023 21:14:35.6,11,4
7115,4/17/2023 21:15:12.7,4,2
7115,4/17/2023 21:15:12.7,7,2
7115,4/17/2023 21:15:19.4,1,4
7115,4/17/2023 21:15:19.4,11,2
7115,4/17/2023 21:15:29.5,4,4
7115,4/17/2023 21:15:29.5,7,4
7115,4/17/2023 21:15:35.3,1,2
7115,4/17/2023 21:15:35.3,11,4
7115,4/17/2023 21:15:52.9,4,2
7115,4/17/2023 21:15:52.9,7,2
7115,4/17/2023 21:15:59.6,1,4
7115,4/17/2023 21:15:59.6,11,2
7115,4/17/2023 21:16:04.6,4,4
7115,4/17/2023 21:16:04.6,7,4
7115,4/17/2023 21:16:10.4,1,2
7115,4/17/2023 21:16:10.4,11,4
7115,4/17/2023 21:16:41.0,4,2
7115,4/17/2023 21:16:41.0,7,2
7115,4/17/2023 21:16:47.7,1,4
7115,4/17/2023 21:16:47.7,11,2
7115,4/17/2023 21:16:54.3,4,4
7115,4/17/2023 21:16:54.3,7,4
7115,4/17/2023 21:17:00.1,1,2
7115,4/17/2023 21:17:00.1,11,4
7115,4/17/2023 21:17:33.3,4,2
7115,4/17/2023 21:17:33.3,7,2
7115,4/17/2023 21:17:40.0,1,4
7115,4/17/2023 21:17:40.0,11,2
7115,4/17/2023 21:17:49.9,4,4
7115,4/17/2023 21:17:49.9,7,4
7115,4/17/2023 21:17:55.7,1,2
7115,4/17/2023 21:17:55.7,11,4
7115,4/17/2023 21:18:10.7,4,2
7115,4/17/2023 21:18:10.7,7,2
7115,4/17/2023 21:18:17.4,1,4
7115,4/17/2023 21:18:17.4,11,2
7115,4/17/2023 21:18:26.2,4,4
7115,4/17/2023 21:18:26.2,7,4
7115,4/17/2023 21:18:32.0,1,2
7115,4/17/2023 21:18:32.0,11,4
7115,4/17/2023 21:18:51.4,4,2
7115,4/17/2023 21:18:51.4,7,2
7115,4/17/2023 21:18:58.1,1,4
7115,4/17/2023 21:18:58.1,11,2
7115,4/17/2023 21:19:04.8,4,4
7115,4/17/2023 21:19:04.8,7,4
7115,4/17/2023 21:19:10.6,1,2
7115,4/17/2023 21:19:10.6,11,4
7115,4/17/2023 21:19:35.9,4,2
7115,4/17/2023 21:19:35.9,7,2
7115,4/17/2023 21:19:42.6,1,4
7115,4/17/2023 21:19:42.6,11,2
7115,4/17/2023 21:19:53.8,4,4
7115,4/17/2023 21:19:53.8,7,4
7115,4/17/2023 21:19:59.6,1,2
7115,4/17/2023 21:19:59.6,11,4
7115,4/17/2023 21:20:18.8,4,2
7115,4/17/2023 21:20:18.8,7,2
7115,4/17/2023 21:20:25.5,1,4
7115,4/17/2023 21:20:25.5,11,2
7115,4/17/2023 21:20:35.1,4,4
7115,4/17/2023 21:20:35.1,7,4
7115,4/17/2023 21:20:40.9,1,2
7115,4/17/2023 21:20:40.9,11,4
7115,4/17/2023 21:20:57.8,4,2
7115,4/17/2023 21:20:57.8,7,2
7115,4/17/2023 21:21:50.2,1,4
7115,4/17/2023 21:21:50.2,11,2
7115,4/17/2023 21:21:58.2,4,4
7115,4/17/2023 21:21:58.2,7,4
7115,4/17/2023 21:22:04.0,1,2
7115,4/17/2023 21:22:04.0,11,4
7115,4/17/2023 21:22:20.6,4,2
7115,4/17/2023 21:22:20.6,7,2
7115,4/17/2023 21:22:27.3,1,4
7115,4/17/2023 21:22:27.3,11,2
7115,4/17/2023 21:22:33.7,4,4
7115,4/17/2023 21:22:33.7,7,4
7115,4/17/2023 21:22:39.5,1,2
7115,4/17/2023 21:22:39.5,11,4
7115,4/17/2023 21:23:02.0,4,2
7115,4/17/2023 21:23:02.0,7,2
7115,4/17/2023 21:23:08.7,1,4
7115,4/17/2023 21:23:08.7,11,2
7115,4/17/2023 21:23:17.6,4,4
7115,4/17/2023 21:23:17.6,7,4
7115,4/17/2023 21:23:23.4,1,2
7115,4/17/2023 21:23:23.4,11,4
7115,4/17/2023 21:23:40.1,4,2
7115,4/17/2023 21:23:40.1,7,2
7115,4/17/2023 21:23:46.8,1,4
7115,4/17/2023 21:23:46.8,11,2
7115,4/17/2023 21:23:52.7,4,4
7115,4/17/2023 21:23:52.7,7,4
7115,4/17/2023 21:23:58.5,1,2
7115,4/17/2023 21:23:58.5,11,4
7115,4/17/2023 21:24:23.4,4,2
7115,4/17/2023 21:24:23.4,7,2
7115,4/17/2023 21:24:30.1,1,4
7115,4/17/2023 21:24:30.1,11,2
7115,4/17/2023 21:24:36.1,4,4
7115,4/17/2023 21:24:36.1,7,4
7115,4/17/2023 21:24:41.9,1,2
7115,4/17/2023 21:24:41.9,11,4
7115,4/17/2023 21:25:01.3,4,2
7115,4/17/2023 21:25:01.3,7,2
7115,4/17/2023 21:25:08.0,1,4
7115,4/17/2023 21:25:08.0,11,2
7115,4/17/2023 21:25:16.8,4,4
7115,4/17/2023 21:25:16.8,7,4
7115,4/17/2023 21:25:22.6,1,2
7115,4/17/2023 21:25:22.6,11,4
7115,4/17/2023 21:25:41.8,4,2
7115,4/17/2023 21:25:41.8,7,2
7115,4/17/2023 21:25:48.5,1,4
7115,4/17/2023 21:25:48.5,11,2
7115,4/17/2023 21:25:53.7,4,4
7115,4/17/2023 21:25:53.7,7,4
7115,4/17/2023 21:25:59.5,1,2
7115,4/17/2023 21:25:59.5,11,4
7115,4/17/2023 21:26:17.2,4,2
7115,4/17/2023 21:26:17.2,7,2
7115,4/17/2023 21:26:23.9,1,4
7115,4/17/2023 21:26:23.9,11,2
7115,4/17/2023 21:26:30.8,4,4
7115,4/17/2023 21:26:30.8,7,4
7115,4/17/2023 21:26:36.6,1,2
7115,4/17/2023 21:26:36.6,11,4
7115,4/17/2023 21:26:51.6,4,2
7115,4/17/2023 21:26:51.6,7,2
7115,4/17/2023 21:26:58.3,1,4
7115,4/17/2023 21:26:58.3,11,2
7115,4/17/2023 21:27:10.5,4,4
7115,4/17/2023 21:27:10.5,7,4
7115,4/17/2023 21:27:16.3,1,2
7115,4/17/2023 21:27:16.3,11,4
7115,4/17/2023 21:27:35.6,4,2
7115,4/17/2023 21:27:35.6,7,2
7115,4/17/2023 21:27:42.3,1,4
7115,4/17/2023 21:27:42.3,11,2
7115,4/17/2023 21:27:52.8,4,4
7115,4/17/2023 21:27:52.8,7,4
7115,4/17/2023 21:27:58.6,1,2
7115,4/17/2023 21:27:58.6,11,4
7115,4/17/2023 21:28:27.0,4,2
7115,4/17/2023 21:28:27.0,7,2
7115,4/17/2023 21:28:33.7,1,4
7115,4/17/2023 21:28:33.7,11,2
7115,4/17/2023 21:28:44.1,4,4
7115,4/17/2023 21:28:44.1,7,4
7115,4/17/2023 21:28:49.9,1,2
7115,4/17/2023 21:28:49.9,11,4
7115,4/17/2023 21:29:43.6,4,2
7115,4/17/2023 21:29:43.6,7,2
7115,4/17/2023 21:29:50.3,1,4
7115,4/17/2023 21:29:50.3,11,2
7115,4/17/2023 21:30:00.0,4,4
7115,4/17/2023 21:30:00.0,7,4
7115,4/17/2023 21:30:05.8,1,2
7115,4/17/2023 21:30:05.8,11,4
7115,4/17/2023 21:30:20.8,4,2
7115,4/17/2023 21:30:20.8,7,2
7115,4/17/2023 21:30:27.5,1,4
7115,4/17/2023 21:30:27.5,11,2
7115,4/17/2023 21:30:33.9,4,4
7115,4/17/2023 21:30:33.9,7,4
7115,4/17/2023 21:30:39.7,1,2
7115,4/17/2023 21:30:39.7,11,4
7115,4/17/2023 21:30:54.7,4,2
7115,4/17/2023 21:30:54.7,7,2
7115,4/17/2023 21:32:05.2,4,2
7115,4/17/2023 21:32:05.2,7,2
7115,4/17/2023 21:32:11.9,1,4
7115,4/17/2023 21:32:11.9,11,2
7115,4/17/2023 21:32:19.8,4,4
7115,4/17/2023 21:32:19.8,7,4
7115,4/17/2023 21:32:25.6,1,2
7115,4/17/2023 21:32:25.6,11,4
7115,4/17/2023 21:32:40.6,4,2
7115,4/17/2023 21:32:40.6,7,2
7115,4/17/2023 21:32:47.3,1,4
7115,4/17/2023 21:32:47.3,11,2
7115,4/17/2023 21:32:58.1,4,4
7115,4/17/2023 21:32:58.1,7,4
7115,4/17/2023 21:33:03.9,1,2
7115,4/17/2023 21:33:03.9,11,4
7115,4/17/2023 21:33:30.3,4,2
7115,4/17/2023 21:33:30.3,7,2
7115,4/17/2023 21:33:37.0,1,4
7115,4/17/2023 21:33:37.0,11,2
7115,4/17/2023 21:33:44.7,4,4
7115,4/17/2023 21:33:44.7,7,4
7115,4/17/2023 21:33:50.5,1,2
7115,4/17/2023 21:33:50.5,11,4
7115,4/17/2023 21:34:05.5,4,2
7115,4/17/2023 21:34:05.5,7,2
7115,4/17/2023 21:34:12.2,1,4
7115,4/17/2023 21:34:12.2,11,2
7115,4/17/2023 21:34:24.6,4,4
7115,4/17/2023 21:34:24.6,7,4
7115,4/17/2023 21:34:30.4,1,2
7115,4/17/2023 21:34:30.4,11,4
7115,4/17/2023 21:35:32.2,4,2
7115,4/17/2023 21:35:32.2,7,2
7115,4/17/2023 21:35:38.9,1,4
7115,4/17/2023 21:35:38.9,11,2
7115,4/17/2023 21:35:46.6,4,4
7115,4/17/2023 21:35:46.6,7,4
7115,4/17/2023 21:35:52.4,1,2
7115,4/17/2023 21:35:52.4,11,4
7115,4/17/2023 21:36:16.4,4,2
7115,4/17/2023 21:36:16.4,7,2
7115,4/17/2023 21:36:23.1,1,4
7115,4/17/2023 21:36:23.1,11,2
7115,4/17/2023 21:36:32.0,4,4
7115,4/17/2023 21:36:32.0,7,4
7115,4/17/2023 21:36:37.8,1,2
7115,4/17/2023 21:36:37.8,11,4
7115,4/17/2023 21:36:57.7,4,2
7115,4/17/2023 21:36:57.7,7,2
7115,4/17/2023 21:37:04.4,1,4
7115,4/17/2023 21:37:04.4,11,2
7115,4/17/2023 21:37:11.6,4,4
7115,4/17/2023 21:37:11.6,7,4
7115,4/17/2023 21:37:17.4,1,2
7115,4/17/2023 21:37:17.4,11,4
7115,4/17/2023 21:37:32.4,4,2
7115,4/17/2023 21:37:32.4,7,2
7115,4/17/2023 21:37:39.1,1,4
7115,4/17/2023 21:37:39.1,11,2
7115,4/17/2023 21:37:47.1,4,4
7115,4/17/2023 21:37:47.1,7,4
7115,4/17/2023 21:37:52.9,1,2
7115,4/17/2023 21:37:52.9,11,4
7115,4/17/2023 21:38:26.3,4,2
7115,4/17/2023 21:38:26.3,7,2
7115,4/17/2023 21:38:33.0,1,4
7115,4/17/2023 21:38:33.0,11,2
7115,4/17/2023 21:38:38.9,4,4
7115,4/17/2023 21:38:38.9,7,4
7115,4/17/2023 21:38:44.7,1,2
7115,4/17/2023 21:38:44.7,11,4
7115,4/17/2023 21:41:49.9,4,4
7115,4/17/2023 21:41:49.9,7,4
7115,4/17/2023 21:41:55.7,1,2
7115,4/17/2023 21:41:55.7,11,4
7115,4/17/2023 21:42:20.3,4,2
7115,4/17/2023 21:42:20.3,7,2
7115,4/17/2023 21:42:26.8,1,4
7115,4/17/2023 21:42:26.8,11,2
7115,4/17/2023 21:42:27.0,1,4
7115,4/17/2023 21:42:27.0,11,2
7115,4/17/2023 21:42:36.6,4,4
7115,4/17/2023 21:42:36.6,7,4
7115,4/17/2023 21:42:42.4,1,2
7115,4/17/2023 21:42:42.4,11,4
7115,4/17/2023 21:42:58.3,4,2
7115,4/17/2023 21:42:58.3,7,2
7115,4/17/2023 21:43:05.0,1,4
7115,4/17/2023 21:43:05.0,11,2
7115,4/17/2023 21:43:17.4,4,4
7115,4/17/2023 21:43:17.4,7,4
7115,4/17/2023 21:43:23.2,1,2
7115,4/17/2023 21:43:23.2,11,4
7115,4/17/2023 21:43:38.2,4,2
7115,4/17/2023 21:43:38.2,7,2
7115,4/17/2023 21:43:44.9,1,4
7115,4/17/2023 21:43:44.9,11,2
7115,4/17/2023 21:43:52.5,4,4
7115,4/17/2023 21:43:52.5,7,4
7115,4/17/2023 21:43:58.3,1,2
7115,4/17/2023 21:43:58.3,11,4
7115,4/17/2023 21:44:14.0,4,2
7115,4/17/2023 21:44:14.0,7,2
7115,4/17/2023 21:44:20.7,1,4
7115,4/17/2023 21:44:20.7,11,2
7115,4/17/2023 21:44:38.6,4,4
7115,4/17/2023 21:44:38.6,7,4
7115,4/17/2023 21:44:44.4,1,2
7115,4/17/2023 21:44:44.4,11,4
7115,4/17/2023 21:45:37.5,4,2
7115,4/17/2023 21:45:37.5,7,2
7115,4/17/2023 21:45:44.2,1,4
7115,4/17/2023 21:45:44.2,11,2
7115,4/17/2023 21:45:51.3,4,4
7115,4/17/2023 21:45:51.3,7,4
7115,4/17/2023 21:45:57.1,1,2
7115,4/17/2023 21:45:57.1,11,4
7115,4/17/2023 21:46:20.2,4,2
7115,4/17/2023 21:46:20.2,7,2
7115,4/17/2023 21:46:26.9,1,4
7115,4/17/2023 21:46:26.9,11,2
7115,4/17/2023 21:46:34.3,4,4
7115,4/17/2023 21:46:34.3,7,4
7115,4/17/2023 21:46:40.1,1,2
7115,4/17/2023 21:46:40.1,11,4
7115,4/17/2023 21:47:04.7,4,2
7115,4/17/2023 21:47:04.7,7,2
7115,4/17/2023 21:47:11.4,1,4
7115,4/17/2023 21:47:11.4,11,2
7115,4/17/2023 21:47:18.1,4,4
7115,4/17/2023 21:47:18.1,7,4
7115,4/17/2023 21:47:23.9,1,2
7115,4/17/2023 21:47:23.9,11,4
7115,4/17/2023 21:47:55.6,4,2
7115,4/17/2023 21:47:55.6,7,2
7115,4/17/2023 21:48:02.3,1,4
7115,4/17/2023 21:48:02.3,11,2
7115,4/17/2023 21:48:09.4,4,4
7115,4/17/2023 21:48:09.4,7,4
7115,4/17/2023 21:48:15.2,1,2
7115,4/17/2023 21:48:15.2,11,4
7115,4/17/2023 21:49:08.6,4,2
7115,4/17/2023 21:49:08.6,7,2
7115,4/17/2023 21:49:15.3,1,4
7115,4/17/2023 21:49:15.3,11,2
7115,4/17/2023 21:49:21.2,4,4
7115,4/17/2023 21:49:21.2,7,4
7115,4/17/2023 21:49:27.0,1,2
7115,4/17/2023 21:49:27.0,11,4
7115,4/17/2023 21:49:44.5,4,2
7115,4/17/2023 21:49:44.5,7,2
7115,4/17/2023 21:49:51.2,1,4
7115,4/17/2023 21:49:51.2,11,2
7115,4/17/2023 21:50:01.7,4,4
7115,4/17/2023 21:50:01.7,7,4
7115,4/17/2023 21:50:07.5,1,2
7115,4/17/2023 21:50:07.5,11,4
7115,4/17/2023 21:50:23.2,4,2
7115,4/17/2023 21:50:23.2,7,2
7115,4/17/2023 21:50:29.9,1,4
7115,4/17/2023 21:50:29.9,11,2
7115,4/17/2023 21:50:37.8,4,4
7115,4/17/2023 21:50:37.8,7,4
7115,4/17/2023 21:50:43.6,1,2
7115,4/17/2023 21:50:43.6,11,4
7115,4/17/2023 21:51:52.7,1,2
7115,4/17/2023 21:51:52.7,11,4
7115,4/17/2023 21:52:31.1,4,2
7115,4/17/2023 21:52:31.1,7,2
7115,4/17/2023 21:52:34.4,4,4
7115,4/17/2023 21:52:34.4,7,4
7115,4/17/2023 21:52:37.8,1,4
7115,4/17/2023 21:52:37.8,11,2
7115,4/17/2023 21:52:42.8,4,4
7115,4/17/2023 21:52:42.8,7,4
7115,4/17/2023 21:52:48.6,1,2
7115,4/17/2023 21:52:48.6,11,4
7115,4/17/2023 21:53:07.0,4,2
7115,4/17/2023 21:53:07.0,7,2
7115,4/17/2023 21:53:13.7,1,4
7115,4/17/2023 21:53:13.7,11,2
7115,4/17/2023 21:53:19.6,4,4
7115,4/17/2023 21:53:19.6,7,4
7115,4/17/2023 21:53:25.4,1,2
7115,4/17/2023 21:53:25.4,11,4
7115,4/17/2023 21:53:47.8,4,2
7115,4/17/2023 21:53:47.8,7,2
7115,4/17/2023 21:53:54.5,1,4
7115,4/17/2023 21:53:54.5,11,2
7115,4/17/2023 21:54:10.8,4,4
7115,4/17/2023 21:54:10.8,7,4
7115,4/17/2023 21:54:16.6,1,2
7115,4/17/2023 21:54:16.6,11,4
7115,4/17/2023 21:54:35.6,4,2
7115,4/17/2023 21:54:35.6,7,2
7115,4/17/2023 21:54:42.3,1,4
7115,4/17/2023 21:54:42.3,11,2
7115,4/17/2023 21:54:50.8,4,4
7115,4/17/2023 21:54:50.8,7,4
7115,4/17/2023 21:54:56.6,1,2
7115,4/17/2023 21:54:56.6,11,4
7115,4/17/2023 21:55:23.4,4,2
7115,4/17/2023 21:55:23.4,7,2
7115,4/17/2023 21:55:30.1,1,4
7115,4/17/2023 21:55:30.1,11,2
7115,4/17/2023 21:55:36.2,4,4
7115,4/17/2023 21:55:36.2,7,4
7115,4/17/2023 21:55:42.0,1,2
7115,4/17/2023 21:55:42.0,11,4
7115,4/17/2023 21:56:08.1,4,2
7115,4/17/2023 21:56:08.1,7,2
7115,4/17/2023 21:56:14.8,1,4
7115,4/17/2023 21:56:14.8,11,2
7115,4/17/2023 21:56:25.1,4,4
7115,4/17/2023 21:56:25.1,7,4
7115,4/17/2023 21:56:30.9,1,2
7115,4/17/2023 21:56:30.9,11,4
7115,4/17/2023 21:56:45.9,4,2
7115,4/17/2023 21:56:45.9,7,2
7115,4/17/2023 21:56:52.6,1,4
7115,4/17/2023 21:56:52.6,11,2
7115,4/17/2023 21:57:00.1,4,4
7115,4/17/2023 21:57:00.1,7,4
7115,4/17/2023 21:57:05.9,1,2
7115,4/17/2023 21:57:05.9,11,4
7115,4/17/2023 21:57:45.9,4,2
7115,4/17/2023 21:57:45.9,7,2
7115,4/17/2023 21:57:52.6,1,4
7115,4/17/2023 21:57:52.6,11,2
7115,4/17/2023 21:57:59.9,4,4
7115,4/17/2023 21:57:59.9,7,4
7115,4/17/2023 21:58:05.7,1,2
7115,4/17/2023 21:58:05.7,11,4
7115,4/17/2023 21:58:24.9,4,2
7115,4/17/2023 21:58:24.9,7,2
7115,4/17/2023 21:58:31.6,1,4
7115,4/17/2023 21:58:31.6,11,2
7115,4/17/2023 21:58:38.6,4,4
7115,4/17/2023 21:58:38.6,7,4
7115,4/17/2023 21:58:44.4,1,2
7115,4/17/2023 21:58:44.4,11,4
7115,4/17/2023 21:59:01.5,4,2
7115,4/17/2023 21:59:01.5,7,2
7115,4/17/2023 21:59:08.2,11,2
7115,4/17/2023 21:59:24.2,1,2
7115,4/17/2023 21:59:39.2,4,2
7115,4/17/2023 21:59:39.2,7,2
7115,4/17/2023 21:59:45.9,1,4
7115,4/17/2023 21:59:45.9,11,2
7115,4/17/2023 21:59:52.6,4,4
7115,4/17/2023 21:59:52.6,7,4
7115,4/17/2023 21:59:58.4,1,2
7115,4/17/2023 21:59:58.4,11,4
7115,4/17/2023 22:00:18.9,4,2
7115,4/17/2023 22:00:18.9,7,2
7115,4/17/2023 22:00:25.6,1,4
7115,4/17/2023 22:00:25.6,11,2
7115,4/17/2023 22:00:32.3,4,4
7115,4/17/2023 22:00:32.3,7,4
7115,4/17/2023 22:00:38.1,1,2
7115,4/17/2023 22:00:38.1,11,4
7115,4/17/2023 22:02:49.9,4,2
7115,4/17/2023 22:02:49.9,7,2
7115,4/17/2023 22:02:56.6,1,4
7115,4/17/2023 22:02:56.6,11,2
7115,4/17/2023 22:03:03.3,4,4
7115,4/17/2023 22:03:03.3,7,4
7115,4/17/2023 22:03:09.1,1,2
7115,4/17/2023 22:03:09.1,11,4
7115,4/17/2023 22:04:13.9,4,2
7115,4/17/2023 22:04:13.9,7,2
7115,4/17/2023 22:04:20.6,1,4
7115,4/17/2023 22:04:20.6,11,2
7115,4/17/2023 22:04:27.4,4,4
7115,4/17/2023 22:04:27.4,7,4
7115,4/17/2023 22:04:33.2,1,2
7115,4/17/2023 22:04:33.2,11,4
7115,4/17/2023 22:04:56.5,4,2
7115,4/17/2023 22:04:56.5,7,2
7115,4/17/2023 22:05:03.2,1,4
7115,4/17/2023 22:05:03.2,11,2
7115,4/17/2023 22:05:09.2,4,4
7115,4/17/2023 22:05:09.2,7,4
7115,4/17/2023 22:05:15.0,1,2
7115,4/17/2023 22:05:15.0,11,4
7115,4/17/2023 22:05:30.0,4,2
7115,4/17/2023 22:05:30.0,7,2
7115,4/17/2023 22:05:36.7,1,4
7115,4/17/2023 22:05:36.7,11,2
7115,4/17/2023 22:05:42.9,4,4
7115,4/17/2023 22:05:42.9,7,4
7115,4/17/2023 22:05:48.7,1,2
7115,4/17/2023 22:05:48.7,11,4
7115,4/17/2023 22:06:09.2,4,2
7115,4/17/2023 22:06:09.2,7,2
7115,4/17/2023 22:06:15.9,1,4
7115,4/17/2023 22:06:15.9,11,2
7115,4/17/2023 22:06:25.2,4,4
7115,4/17/2023 22:06:25.2,7,4
7115,4/17/2023 22:06:31.0,1,2
7115,4/17/2023 22:06:31.0,11,4
7115,4/17/2023 22:07:14.3,4,2
7115,4/17/2023 22:07:14.3,7,2
7115,4/17/2023 22:07:21.0,11,2
7115,4/17/2023 22:07:30.9,1,4
7115,4/17/2023 22:07:36.2,4,4
7115,4/17/2023 22:07:36.2,7,4
7115,4/17/2023 22:07:42.0,1,2
7115,4/17/2023 22:07:42.0,11,4
7115,4/17/2023 22:09:24.0,4,2
7115,4/17/2023 22:09:24.0,7,2
7115,4/17/2023 22:09:30.7,1,4
7115,4/17/2023 22:09:30.7,11,2
7115,4/17/2023 22:09:38.3,4,4
7115,4/17/2023 22:09:38.3,7,4
7115,4/17/2023 22:09:44.1,1,2
7115,4/17/2023 22:09:44.1,11,4
7115,4/17/2023 22:10:07.5,4,2
7115,4/17/2023 22:10:07.5,7,2
7115,4/17/2023 22:10:14.2,1,4
7115,4/17/2023 22:10:14.2,11,2
7115,4/17/2023 22:10:21.7,4,4
7115,4/17/2023 22:10:21.7,7,4
7115,4/17/2023 22:10:27.5,1,2
7115,4/17/2023 22:10:27.5,11,4
7115,4/17/2023 22:10:58.7,4,2
7115,4/17/2023 22:10:58.7,7,2
7115,4/17/2023 22:12:41.4,4,2
7115,4/17/2023 22:12:41.4,7,2
7115,4/17/2023 22:12:48.1,1,4
7115,4/17/2023 22:12:48.1,11,2
7115,4/17/2023 22:12:55.5,4,4
7115,4/17/2023 22:12:55.5,7,4
7115,4/17/2023 22:13:01.3,1,2
7115,4/17/2023 22:13:01.3,11,4
7115,4/17/2023 22:13:33.1,4,2
7115,4/17/2023 22:13:33.1,7,2
7115,4/17/2023 22:13:39.8,1,4
7115,4/17/2023 22:13:39.8,11,2
7115,4/17/2023 22:13:46.5,4,4
7115,4/17/2023 22:13:46.5,7,4
7115,4/17/2023 22:13:52.3,1,2
7115,4/17/2023 22:13:52.3,11,4
7115,4/17/2023 22:14:08.0,4,2
7115,4/17/2023 22:14:08.0,7,2
7115,4/17/2023 22:14:14.7,1,4
7115,4/17/2023 22:14:14.7,11,2
7115,4/17/2023 22:14:19.8,4,4
7115,4/17/2023 22:14:19.8,7,4
7115,4/17/2023 22:14:25.6,1,2
7115,4/17/2023 22:14:25.6,11,4
7115,4/17/2023 22:14:40.6,4,2
7115,4/17/2023 22:14:40.6,7,2
7115,4/17/2023 22:14:47.3,1,4
7115,4/17/2023 22:14:47.3,11,2
7115,4/17/2023 22:14:54.5,4,4
7115,4/17/2023 22:14:54.5,7,4
7115,4/17/2023 22:15:00.3,1,2
7115,4/17/2023 22:15:00.3,11,4
7115,4/17/2023 22:15:15.3,4,2
7115,4/17/2023 22:15:15.3,7,2
7115,4/17/2023 22:15:22.0,1,4
7115,4/17/2023 22:15:22.0,11,2
7115,4/17/2023 22:15:27.2,4,4
7115,4/17/2023 22:15:27.2,7,4
7115,4/17/2023 22:15:33.0,1,2
7115,4/17/2023 22:15:33.0,11,4
7115,4/17/2023 22:16:13.8,4,2
7115,4/17/2023 22:16:13.8,7,2
7115,4/17/2023 22:16:20.5,1,4
7115,4/17/2023 22:16:20.5,11,2
7115,4/17/2023 22:16:28.8,4,4
7115,4/17/2023 22:16:28.8,7,4
7115,4/17/2023 22:16:34.6,1,2
7115,4/17/2023 22:16:34.6,11,4
7115,4/17/2023 22:17:30.9,4,2
7115,4/17/2023 22:17:30.9,7,2
7115,4/17/2023 22:17:37.6,1,4
7115,4/17/2023 22:17:37.6,11,2
7115,4/17/2023 22:17:48.0,4,4
7115,4/17/2023 22:17:48.0,7,4
7115,4/17/2023 22:17:53.8,1,2
7115,4/17/2023 22:17:53.8,11,4
7115,4/17/2023 22:18:09.2,4,2
7115,4/17/2023 22:18:09.2,7,2
7115,4/17/2023 22:18:15.9,1,4
7115,4/17/2023 22:18:15.9,11,2
7115,4/17/2023 22:18:15.9,21,4
7115,4/17/2023 22:18:42.9,5,4
7115,4/17/2023 22:18:42.9,7,4
7115,4/17/2023 22:18:42.9,23,4
7115,4/17/2023 22:18:48.7,1,2
7115,4/17/2023 22:18:48.7,11,4
7115,4/17/2023 22:19:25.7,4,2
7115,4/17/2023 22:19:25.7,7,2
7115,4/17/2023 22:19:32.4,1,4
7115,4/17/2023 22:19:32.4,11,2
7115,4/17/2023 22:19:37.6,4,4
7115,4/17/2023 22:19:37.6,7,4
7115,4/17/2023 22:19:43.4,1,2
7115,4/17/2023 22:19:43.4,11,4
7115,4/17/2023 22:20:03.6,4,2
7115,4/17/2023 22:20:03.6,7,2
7115,4/17/2023 22:20:10.3,1,4
7115,4/17/2023 22:20:10.3,11,2
7115,4/17/2023 22:20:17.0,4,4
7115,4/17/2023 22:20:17.0,7,4
7115,4/17/2023 22:20:22.8,1,2
7115,4/17/2023 22:20:22.8,11,4
7115,4/17/2023 22:20:38.3,4,2
7115,4/17/2023 22:20:38.3,7,2
7115,4/17/2023 22:20:45.0,1,4
7115,4/17/2023 22:20:45.0,11,2
7115,4/17/2023 22:20:52.6,4,4
7115,4/17/2023 22:20:52.6,7,4
7115,4/17/2023 22:20:58.4,1,2
7115,4/17/2023 22:20:58.4,11,4
7115,4/17/2023 22:21:58.2,4,2
7115,4/17/2023 22:21:58.2,7,2
7115,4/17/2023 22:22:04.9,1,4
7115,4/17/2023 22:22:04.9,11,2
7115,4/17/2023 22:22:14.8,4,4
7115,4/17/2023 22:22:14.8,7,4
7115,4/17/2023 22:22:20.6,1,2
7115,4/17/2023 22:22:20.6,11,4
7115,4/17/2023 22:22:35.9,4,2
7115,4/17/2023 22:22:35.9,7,2
7115,4/17/2023 22:22:42.6,1,4
7115,4/17/2023 22:22:42.6,11,2
7115,4/17/2023 22:22:49.4,4,4
7115,4/17/2023 22:22:49.4,7,4
7115,4/17/2023 22:22:55.2,1,2
7115,4/17/2023 22:22:55.2,11,4
7115,4/17/2023 22:23:21.8,4,2
7115,4/17/2023 22:23:21.8,7,2
7115,4/17/2023 22:23:28.5,1,4
7115,4/17/2023 22:23:28.5,11,2
7115,4/17/2023 22:23:35.6,4,4
7115,4/17/2023 22:23:35.6,7,4
7115,4/17/2023 22:23:41.4,1,2
7115,4/17/2023 22:23:41.4,11,4
7115,4/17/2023 22:24:34.4,4,2
7115,4/17/2023 22:24:34.4,7,2
7115,4/17/2023 22:24:41.1,1,4
7115,4/17/2023 22:24:41.1,11,2
7115,4/17/2023 22:24:50.0,4,4
7115,4/17/2023 22:24:50.0,7,4
7115,4/17/2023 22:24:55.8,1,2
7115,4/17/2023 22:24:55.8,11,4
7115,4/17/2023 22:25:21.3,4,2
7115,4/17/2023 22:25:21.3,7,2
7115,4/17/2023 22:25:28.0,1,4
7115,4/17/2023 22:25:28.0,11,2
7115,4/17/2023 22:25:28.0,21,4
7115,4/17/2023 22:25:55.0,5,4
7115,4/17/2023 22:25:55.0,7,4
7115,4/17/2023 22:25:55.0,23,4
7115,4/17/2023 22:26:00.8,1,2
7115,4/17/2023 22:26:00.8,11,4
7115,4/17/2023 22:26:28.4,4,2
7115,4/17/2023 22:26:28.4,7,2
7115,4/17/2023 22:26:35.1,1,4
7115,4/17/2023 22:26:35.1,11,2
7115,4/17/2023 22:26:40.7,4,4
7115,4/17/2023 22:26:40.7,7,4
7115,4/17/2023 22:26:46.5,1,2
7115,4/17/2023 22:26:46.5,11,4
7115,4/17/2023 22:28:35.4,4,2
7115,4/17/2023 22:28:35.4,7,2
7115,4/17/2023 22:28:42.1,1,4
7115,4/17/2023 22:28:42.1,11,2
7115,4/17/2023 22:28:49.3,4,4
7115,4/17/2023 22:28:49.3,7,4
7115,4/17/2023 22:28:55.1,1,2
7115,4/17/2023 22:28:55.1,11,4
7115,4/17/2023 22:29:45.4,4,2
7115,4/17/2023 22:29:45.4,7,2
7115,4/17/2023 22:29:52.1,1,4
7115,4/17/2023 22:29:52.1,11,2
7115,4/17/2023 22:29:59.4,4,4
7115,4/17/2023 22:29:59.4,7,4
7115,4/17/2023 22:30:05.2,1,2
7115,4/17/2023 22:30:05.2,11,4
7115,4/17/2023 22:30:40.2,4,2
7115,4/17/2023 22:30:40.2,7,2
7115,4/17/2023 22:30:46.9,1,4
7115,4/17/2023 22:30:46.9,11,2
7115,4/17/2023 22:30:54.0,4,4
7115,4/17/2023 22:30:54.0,7,4
7115,4/17/2023 22:30:59.8,1,2
7115,4/17/2023 22:30:59.8,11,4
7115,4/17/2023 22:31:48.2,4,4
7115,4/17/2023 22:31:48.2,7,4
7115,4/17/2023 22:31:54.0,1,2
7115,4/17/2023 22:31:54.0,11,4
7115,4/17/2023 22:33:22.6,4,2
7115,4/17/2023 22:33:22.6,7,2
7115,4/17/2023 22:33:29.3,1,4
7115,4/17/2023 22:33:29.3,11,2
7115,4/17/2023 22:33:34.3,4,4
7115,4/17/2023 22:33:34.3,7,4
7115,4/17/2023 22:33:40.1,1,2
7115,4/17/2023 22:33:40.1,11,4
7115,4/17/2023 22:35:18.1,4,2
7115,4/17/2023 22:35:18.1,7,2
7115,4/17/2023 22:35:24.8,1,4
7115,4/17/2023 22:35:24.8,11,2
7115,4/17/2023 22:35:34.2,4,4
7115,4/17/2023 22:35:34.2,7,4
7115,4/17/2023 22:35:40.0,1,2
7115,4/17/2023 22:35:40.0,11,4
7115,4/17/2023 22:35:55.0,4,2
7115,4/17/2023 22:35:55.0,7,2
7115,4/17/2023 22:36:01.7,1,4
7115,4/17/2023 22:36:01.7,11,2
7115,4/17/2023 22:36:07.1,4,4
7115,4/17/2023 22:36:07.1,7,4
7115,4/17/2023 22:36:12.9,1,2
7115,4/17/2023 22:36:12.9,11,4
7115,4/17/2023 22:36:51.4,4,2
7115,4/17/2023 22:36:51.4,7,2
7115,4/17/2023 22:36:58.1,1,4
7115,4/17/2023 22:36:58.1,11,2
7115,4/17/2023 22:37:04.7,4,4
7115,4/17/2023 22:37:04.7,7,4
7115,4/17/2023 22:37:10.5,1,2
7115,4/17/2023 22:37:10.5,11,4
7115,4/17/2023 22:38:28.0,4,2
7115,4/17/2023 22:38:28.0,7,2
7115,4/17/2023 22:38:34.7,1,4
7115,4/17/2023 22:38:34.7,11,2
7115,4/17/2023 22:38:42.7,4,4
7115,4/17/2023 22:38:42.7,7,4
7115,4/17/2023 22:38:48.5,1,2
7115,4/17/2023 22:38:48.5,11,4
7115,4/17/2023 22:40:26.0,4,2
7115,4/17/2023 22:40:26.0,7,2
7115,4/17/2023 22:40:32.7,1,4
7115,4/17/2023 22:40:32.7,11,2
7115,4/17/2023 22:40:39.1,4,4
7115,4/17/2023 22:40:39.1,7,4
7115,4/17/2023 22:40:44.9,1,2
7115,4/17/2023 22:40:44.9,11,4
7115,4/17/2023 22:41:45.6,4,2
7115,4/17/2023 22:41:45.6,7,2
7115,4/17/2023 22:41:52.3,11,2
7115,4/17/2023 22:42:04.5,1,2
7115,4/17/2023 22:43:39.1,4,2
7115,4/17/2023 22:43:39.1,7,2
7115,4/17/2023 22:43:45.8,1,4
7115,4/17/2023 22:43:45.8,11,2
7115,4/17/2023 22:43:57.5,4,4
7115,4/17/2023 22:43:57.5,7,4
7115,4/17/2023 22:44:03.3,1,2
7115,4/17/2023 22:44:03.3,11,4
7115,4/17/2023 22:44:03.3,21,2
7115,4/17/2023 22:44:24.3,4,2
7115,4/17/2023 22:44:24.3,7,2
7115,4/17/2023 22:44:24.3,23,2
7115,4/17/2023 22:44:31.0,1,4
7115,4/17/2023 22:44:31.0,11,2
7115,4/17/2023 22:44:38.2,4,4
7115,4/17/2023 22:44:38.2,7,4
7115,4/17/2023 22:44:44.0,1,2
7115,4/17/2023 22:44:44.0,11,4
7115,4/17/2023 22:45:18.3,4,2
7115,4/17/2023 22:45:18.3,7,2
7115,4/17/2023 22:45:25.0,1,4
7115,4/17/2023 22:45:25.0,11,2
7115,4/17/2023 22:45:30.0,4,4
7115,4/17/2023 22:45:30.0,7,4
7115,4/17/2023 22:45:35.8,1,2
7115,4/17/2023 22:45:35.8,11,4
7115,4/17/2023 22:45:50.8,4,2
7115,4/17/2023 22:45:50.8,7,2
7115,4/17/2023 22:45:57.5,1,4
7115,4/17/2023 22:45:57.5,11,2
7115,4/17/2023 22:46:04.1,4,4
7115,4/17/2023 22:46:04.1,7,4
7115,4/17/2023 22:46:09.9,1,2
7115,4/17/2023 22:46:09.9,11,4
7115,4/17/2023 22:46:26.4,4,2
7115,4/17/2023 22:46:26.4,7,2
7115,4/17/2023 22:46:33.1,1,4
7115,4/17/2023 22:46:33.1,11,2
7115,4/17/2023 22:46:39.7,4,4
7115,4/17/2023 22:46:39.7,7,4
7115,4/17/2023 22:46:45.5,1,2
7115,4/17/2023 22:46:45.5,11,4
7115,4/17/2023 22:47:00.5,4,2
7115,4/17/2023 22:47:00.5,7,2
7115,4/17/2023 22:47:07.2,1,4
7115,4/17/2023 22:47:07.2,11,2
7115,4/17/2023 22:47:14.9,4,4
7115,4/17/2023 22:47:14.9,7,4
7115,4/17/2023 22:47:20.7,1,2
7115,4/17/2023 22:47:20.7,11,4
7115,4/17/2023 22:47:55.6,4,2
7115,4/17/2023 22:47:55.6,7,2
7115,4/17/2023 22:48:02.3,1,4
7115,4/17/2023 22:48:02.3,11,2
7115,4/17/2023 22:48:07.3,4,4
7115,4/17/2023 22:48:07.3,7,4
7115,4/17/2023 22:48:13.1,1,2
7115,4/17/2023 22:48:13.1,11,4
7115,4/17/2023 22:48:28.1,4,2
7115,4/17/2023 22:48:28.1,7,2
7115,4/17/2023 22:48:34.8,1,4
7115,4/17/2023 22:48:34.8,11,2
7115,4/17/2023 22:48:45.2,4,4
7115,4/17/2023 22:48:45.2,7,4
7115,4/17/2023 22:48:51.0,1,2
7115,4/17/2023 22:48:51.0,11,4
7115,4/17/2023 22:49:06.7,4,2
7115,4/17/2023 22:49:06.7,7,2
7115,4/17/2023 22:49:13.4,1,4
7115,4/17/2023 22:49:13.4,11,2
7115,4/17/2023 22:49:21.2,4,4
7115,4/17/2023 22:49:21.2,7,4
7115,4/17/2023 22:49:27.0,1,2
7115,4/17/2023 22:49:27.0,11,4
7115,4/17/2023 22:50:29.7,4,2
7115,4/17/2023 22:50:29.7,7,2
7115,4/17/2023 22:50:36.4,1,4
7115,4/17/2023 22:50:36.4,11,2
7115,4/17/2023 22:50:42.7,4,4
7115,4/17/2023 22:50:42.7,7,4
7115,4/17/2023 22:50:48.5,1,2
7115,4/17/2023 22:50:48.5,11,4
7115,4/17/2023 22:52:00.7,4,2
7115,4/17/2023 22:52:00.7,7,2
7115,4/17/2023 22:52:07.4,1,4
7115,4/17/2023 22:52:07.4,11,2
7115,4/17/2023 22:52:13.4,4,4
7115,4/17/2023 22:52:13.4,7,4
7115,4/17/2023 22:52:19.2,1,2
7115,4/17/2023 22:52:19.2,11,4
7115,4/17/2023 22:55:27.0,4,2
7115,4/17/2023 22:55:27.0,7,2
7115,4/17/2023 22:55:33.7,1,4
7115,4/17/2023 22:55:33.7,11,2
7115,4/17/2023 22:55:51.3,4,4
7115,4/17/2023 22:55:51.3,7,4
7115,4/17/2023 22:55:57.1,1,2
7115,4/17/2023 22:55:57.1,11,4
7115,4/17/2023 22:59:20.0,4,2
7115,4/17/2023 22:59:20.0,7,2
7115,4/17/2023 22:59:26.7,1,4
7115,4/17/2023 22:59:26.7,11,2
7115,4/17/2023 22:59:44.3,4,4
7115,4/17/2023 22:59:44.3,7,4
7115,4/17/2023 22:59:50.1,1,2
7115,4/17/2023 22:59:50.1,11,4
