Signal Id,Timestamp,Event Code,Event Parameter
7115,4/17/2023 8:00:46.00,1,2
7115,4/17/2023 8:01:43.70,8,2
7115,4/17/2023 8:01:48.80,9,2
7115,4/17/2023 8:03:11.70,1,2
7115,4/17/2023 8:04:13.70,8,2
7115,4/17/2023 8:04:18.80,9,2
7115,4/17/2023 8:05:46.00,1,2
7115,4/17/2023 8:06:43.70,8,2
7115,4/17/2023 8:06:48.80,9,2
7115,4/17/2023 8:08:12.00,1,2
7115,4/17/2023 8:09:13.70,8,2
7115,4/17/2023 8:09:18.80,9,2
7115,4/17/2023 8:10:45.90,1,2
7115,4/17/2023 8:11:43.70,8,2
7115,4/17/2023 8:11:48.80,9,2
7115,4/17/2023 8:13:15.10,1,2
7115,4/17/2023 8:14:13.70,8,2
7115,4/17/2023 8:14:18.80,9,2
7115,4/17/2023 8:15:45.70,1,2
7115,4/17/2023 8:16:43.70,8,2
7115,4/17/2023 8:16:48.80,9,2
7115,4/17/2023 8:18:16.00,1,2
7115,4/17/2023 8:19:13.70,8,2
7115,4/17/2023 8:19:18.80,9,2
7115,4/17/2023 8:20:46.00,1,2
7115,4/17/2023 8:21:43.70,8,2
7115,4/17/2023 8:21:48.80,9,2
7115,4/17/2023 8:23:16.00,1,2
7115,4/17/2023 8:24:13.70,8,2
7115,4/17/2023 8:24:18.80,9,2
7115,4/17/2023 8:25:46.00,1,2
7115,4/17/2023 8:26:43.70,8,2
7115,4/17/2023 8:26:48.80,9,2
7115,4/17/2023 8:28:13.60,1,2
7115,4/17/2023 8:29:13.70,8,2
7115,4/17/2023 8:29:18.80,9,2
7115,4/17/2023 8:30:38.40,1,2
7115,4/17/2023 8:31:43.70,8,2
7115,4/17/2023 8:31:48.80,9,2
7115,4/17/2023 8:33:15.00,1,2
7115,4/17/2023 8:34:13.70,8,2
7115,4/17/2023 8:34:18.80,9,2
7115,4/17/2023 8:35:46.00,1,2
7115,4/17/2023 8:36:43.70,8,2
7115,4/17/2023 8:36:48.80,9,2
7115,4/17/2023 8:38:10.50,1,2
7115,4/17/2023 8:39:13.70,8,2
7115,4/17/2023 8:39:18.80,9,2
7115,4/17/2023 8:40:46.00,1,2
7115,4/17/2023 8:41:43.70,8,2
7115,4/17/2023 8:41:48.80,9,2
7115,4/17/2023 8:43:16.00,1,2
7115,4/17/2023 8:44:13.70,8,2
7115,4/17/2023 8:44:18.80,9,2
7115,4/17/2023 8:45:46.00,1,2
7115,4/17/2023 8:46:43.70,8,2
7115,4/17/2023 8:46:48.80,9,2
7115,4/17/2023 8:48:15.60,1,2
7115,4/17/2023 8:49:13.70,8,2
7115,4/17/2023 8:49:18.80,9,2
7115,4/17/2023 8:50:46.00,1,2
7115,4/17/2023 8:51:43.70,8,2
7115,4/17/2023 8:51:48.80,9,2
7115,4/17/2023 8:53:16.00,1,2
7115,4/17/2023 8:54:13.70,8,2
7115,4/17/2023 8:54:18.80,9,2
7115,4/17/2023 8:55:46.00,1,2
7115,4/17/2023 8:56:43.70,8,2
7115,4/17/2023 8:56:48.80,9,2
7115,4/17/2023 8:58:16.00,1,2
7115,4/17/2023 8:59:13.70,8,2
7115,4/17/2023 8:59:18.80,9,2
7115,4/17/2023 9:00:46.00,1,2
