Location Id,Timestamp,Event Code,Event Parameter
7115,4/17/2023 8:00:0.2,82,2
7115,4/17/2023 8:00:2.3,82,2
7115,4/17/2023 8:00:6.3,82,2
7115,4/17/2023 8:00:7.1,82,2
7115,4/17/2023 8:00:7.3,82,2
7115,4/17/2023 8:00:10.5,82,2
7115,4/17/2023 8:00:11.9,82,2
7115,4/17/2023 8:00:12.2,82,2
7115,4/17/2023 8:00:13.1,82,2
7115,4/17/2023 8:00:14.9,82,2
7115,4/17/2023 8:00:15.3,82,2
7115,4/17/2023 8:00:16.4,82,2
7115,4/17/2023 8:00:17.0,82,2
7115,4/17/2023 8:00:20.2,82,2
7115,4/17/2023 8:00:20.5,82,2
7115,4/17/2023 8:00:21.6,82,2
7115,4/17/2023 8:00:23.1,82,2
7115,4/17/2023 8:00:34.4,82,2
7115,4/17/2023 8:00:34.9,82,2
7115,4/17/2023 8:00:37.1,82,2
7115,4/17/2023 8:00:40.1,82,2
7115,4/17/2023 8:00:40.4,82,2
7115,4/17/2023 8:00:41.0,82,2
7115,4/17/2023 8:00:44.8,82,2
7115,4/17/2023 8:00:46.0,82,2
7115,4/17/2023 8:00:48.9,82,2
7115,4/17/2023 8:00:50.2,82,2
7115,4/17/2023 8:00:52.8,82,2
7115,4/17/2023 8:00:54.0,82,2
7115,4/17/2023 8:00:57.5,82,2
7115,4/17/2023 8:01:3.6,82,2
7115,4/17/2023 8:01:5.7,82,2
7115,4/17/2023 8:01:8.2,82,2
7115,4/17/2023 8:01:10.3,82,2
7115,4/17/2023 8:01:10.7,82,2
7115,4/17/2023 8:01:10.9,82,2
7115,4/17/2023 8:01:12.3,82,2
7115,4/17/2023 8:01:12.7,82,2
7115,4/17/2023 8:01:14.6,82,2
7115,4/17/2023 8:01:14.8,82,2
7115,4/17/2023 8:01:17.4,82,2
7115,4/17/2023 8:01:20.5,82,2
7115,4/17/2023 8:01:21.4,82,2
7115,4/17/2023 8:01:22.0,82,2
7115,4/17/2023 8:01:22.2,82,2
7115,4/17/2023 8:01:23.5,82,2
7115,4/17/2023 8:01:24.2,82,2
7115,4/17/2023 8:01:24.4,82,2
7115,4/17/2023 8:01:27.2,82,2
7115,4/17/2023 8:01:28.1,82,2
7115,4/17/2023 8:01:29.4,82,2
7115,4/17/2023 8:01:29.6,82,2
7115,4/17/2023 8:01:30.9,82,2
7115,4/17/2023 8:01:31.9,82,2
7115,4/17/2023 8:01:33.4,82,2
7115,4/17/2023 8:01:37.8,82,2
7115,4/17/2023 8:01:42.8,82,2
7115,4/17/2023 8:01:44.1,82,2
7115,4/17/2023 8:01:44.5,82,2
7115,4/17/2023 8:01:44.7,82,2
7115,4/17/2023 8:01:47.3,82,2
7115,4/17/2023 8:01:48.9,82,2
7115,4/17/2023 8:01:51.2,82,2
7115,4/17/2023 8:01:52.9,82,2
7115,4/17/2023 8:01:54.5,82,2
7115,4/17/2023 8:01:55.4,82,2
7115,4/17/2023 8:01:55.8,82,2
7115,4/17/2023 8:01:58.2,82,2
7115,4/17/2023 8:02:1.5,82,2
7115,4/17/2023 8:02:2.9,82,2
7115,4/17/2023 8:02:3.4,82,2
7115,4/17/2023 8:02:3.7,82,2
7115,4/17/2023 8:02:6.7,82,2
7115,4/17/2023 8:02:7.0,82,2
7115,4/17/2023 8:02:7.9,82,2
7115,4/17/2023 8:02:9.3,82,2
7115,4/17/2023 8:02:9.5,82,2
7115,4/17/2023 8:02:10.3,82,2
7115,4/17/2023 8:02:12.3,82,2
7115,4/17/2023 8:02:12.5,82,2
7115,4/17/2023 8:02:15.1,82,2
7115,4/17/2023 8:02:15.5,82,2
7115,4/17/2023 8:02:17.0,82,2
7115,4/17/2023 8:02:18.1,82,2
7115,4/17/2023 8:02:19.3,82,2
7115,4/17/2023 8:02:19.6,82,2
7115,4/17/2023 8:02:20.1,82,2
7115,4/17/2023 8:02:22.2,82,2
7115,4/17/2023 8:02:23.5,82,2
7115,4/17/2023 8:02:23.7,82,2
7115,4/17/2023 8:02:26.1,82,2
7115,4/17/2023 8:02:26.3,82,2
7115,4/17/2023 8:02:27.1,82,2
7115,4/17/2023 8:02:27.9,82,2
7115,4/17/2023 8:02:30.1,82,2
7115,4/17/2023 8:02:31.5,82,2
7115,4/17/2023 8:02:32.4,82,2
7115,4/17/2023 8:02:33.2,82,2
7115,4/17/2023 8:02:34.3,82,2
7115,4/17/2023 8:02:34.6,82,2
7115,4/17/2023 8:02:36.2,82,2
7115,4/17/2023 8:02:36.5,82,2
7115,4/17/2023 8:02:37.4,82,2
7115,4/17/2023 8:02:39.2,82,2
7115,4/17/2023 8:02:40.2,82,2
7115,4/17/2023 8:02:41.9,82,2
7115,4/17/2023 8:02:42.8,82,2
7115,4/17/2023 8:02:43.1,82,2
7115,4/17/2023 8:02:43.9,82,2
7115,4/17/2023 8:02:44.9,82,2
7115,4/17/2023 8:02:46.2,82,2
7115,4/17/2023 8:02:47.2,82,2
7115,4/17/2023 8:02:48.7,82,2
7115,4/17/2023 8:02:50.2,82,2
7115,4/17/2023 8:02:52.6,82,2
7115,4/17/2023 8:02:54.4,82,2
7115,4/17/2023 8:02:56.2,82,2
7115,4/17/2023 8:02:56.6,82,2
7115,4/17/2023 8:03:0.0,82,2
7115,4/17/2023 8:03:0.2,82,2
7115,4/17/2023 8:03:1.7,82,2
7115,4/17/2023 8:03:2.1,82,2
7115,4/17/2023 8:03:3.2,82,2
7115,4/17/2023 8:03:3.5,82,2
7115,4/17/2023 8:03:4.1,82,2
7115,4/17/2023 8:03:5.8,82,2
7115,4/17/2023 8:03:6.2,82,2
7115,4/17/2023 8:03:7.3,82,2
7115,4/17/2023 8:03:7.9,82,2
7115,4/17/2023 8:03:8.2,82,2
7115,4/17/2023 8:03:9.0,82,2
7115,4/17/2023 8:03:9.7,82,2
7115,4/17/2023 8:03:11.0,82,2
7115,4/17/2023 8:03:11.8,82,2
7115,4/17/2023 8:03:12.3,82,2
7115,4/17/2023 8:03:12.6,82,2
7115,4/17/2023 8:03:12.9,82,2
7115,4/17/2023 8:03:13.1,82,2
7115,4/17/2023 8:03:13.8,82,2
7115,4/17/2023 8:03:16.0,82,2
7115,4/17/2023 8:03:16.2,82,2
7115,4/17/2023 8:03:18.4,82,2
7115,4/17/2023 8:03:21.8,82,2
7115,4/17/2023 8:03:23.1,82,2
7115,4/17/2023 8:03:24.8,82,2
7115,4/17/2023 8:03:25.3,82,2
7115,4/17/2023 8:03:29.7,82,2
7115,4/17/2023 8:03:30.0,82,2
7115,4/17/2023 8:03:30.8,82,2
7115,4/17/2023 8:03:34.2,82,2
7115,4/17/2023 8:03:35.3,82,2
7115,4/17/2023 8:03:35.7,82,2
7115,4/17/2023 8:03:37.6,82,2
7115,4/17/2023 8:03:39.6,82,2
7115,4/17/2023 8:03:39.9,82,2
7115,4/17/2023 8:03:40.4,82,2
7115,4/17/2023 8:03:40.7,82,2
7115,4/17/2023 8:03:40.9,82,2
7115,4/17/2023 8:03:41.5,82,2
7115,4/17/2023 8:03:41.8,82,2
7115,4/17/2023 8:03:42.4,82,2
7115,4/17/2023 8:03:44.8,82,2
7115,4/17/2023 8:03:47.4,82,2
7115,4/17/2023 8:03:48.2,82,2
7115,4/17/2023 8:03:49.1,82,2
7115,4/17/2023 8:03:51.1,82,2
7115,4/17/2023 8:03:52.5,82,2
7115,4/17/2023 8:03:54.5,82,2
7115,4/17/2023 8:03:55.7,82,2
7115,4/17/2023 8:03:56.9,82,2
7115,4/17/2023 8:03:58.7,82,2
7115,4/17/2023 8:04:0.0,82,2
7115,4/17/2023 8:04:1.0,82,2
7115,4/17/2023 8:04:3.0,82,2
7115,4/17/2023 8:04:7.5,82,2
7115,4/17/2023 8:04:8.4,82,2
7115,4/17/2023 8:04:10.1,82,2
7115,4/17/2023 8:04:12.7,82,2
7115,4/17/2023 8:04:13.8,82,2
7115,4/17/2023 8:04:14.1,82,2
7115,4/17/2023 8:04:16.8,82,2
7115,4/17/2023 8:04:19.7,82,2
7115,4/17/2023 8:04:20.9,82,2
7115,4/17/2023 8:04:21.1,82,2
7115,4/17/2023 8:04:23.2,82,2
7115,4/17/2023 8:04:24.9,82,2
7115,4/17/2023 8:04:26.3,82,2
7115,4/17/2023 8:04:27.6,82,2
7115,4/17/2023 8:04:34.1,82,2
7115,4/17/2023 8:04:34.9,82,2
7115,4/17/2023 8:04:40.2,82,2
7115,4/17/2023 8:04:42.8,82,2
7115,4/17/2023 8:04:45.3,82,2
7115,4/17/2023 8:04:51.2,82,2
7115,4/17/2023 8:04:51.7,82,2
7115,4/17/2023 8:04:52.2,82,2
7115,4/17/2023 8:04:53.4,82,2
7115,4/17/2023 8:04:53.6,82,2
7115,4/17/2023 8:04:55.7,82,2
7115,4/17/2023 8:04:57.1,82,2
7115,4/17/2023 8:04:59.5,82,2
7115,4/17/2023 8:05:3.0,82,2
7115,4/17/2023 8:05:3.5,82,2
7115,4/17/2023 8:05:4.9,82,2
7115,4/17/2023 8:05:6.2,82,2
7115,4/17/2023 8:05:6.6,82,2
7115,4/17/2023 8:05:11.6,82,2
7115,4/17/2023 8:05:11.8,82,2
7115,4/17/2023 8:05:12.6,82,2
7115,4/17/2023 8:05:13.9,82,2
7115,4/17/2023 8:05:14.6,82,2
7115,4/17/2023 8:05:16.8,82,2
7115,4/17/2023 8:05:17.3,82,2
7115,4/17/2023 8:05:19.7,82,2
7115,4/17/2023 8:05:20.7,82,2
7115,4/17/2023 8:05:20.9,82,2
7115,4/17/2023 8:05:21.3,82,2
7115,4/17/2023 8:05:22.1,82,2
7115,4/17/2023 8:05:26.1,82,2
7115,4/17/2023 8:05:27.2,82,2
7115,4/17/2023 8:05:28.6,82,2
7115,4/17/2023 8:05:29.9,82,2
7115,4/17/2023 8:05:30.5,82,2
7115,4/17/2023 8:05:31.9,82,2
7115,4/17/2023 8:05:33.7,82,2
7115,4/17/2023 8:05:36.9,82,2
7115,4/17/2023 8:05:38.1,82,2
7115,4/17/2023 8:05:46.2,82,2
7115,4/17/2023 8:05:52.4,82,2
7115,4/17/2023 8:05:54.1,82,2
7115,4/17/2023 8:05:55.1,82,2
7115,4/17/2023 8:05:58.5,82,2
7115,4/17/2023 8:06:1.1,82,2
7115,4/17/2023 8:06:2.7,82,2
7115,4/17/2023 8:06:3.3,82,2
7115,4/17/2023 8:06:5.7,82,2
7115,4/17/2023 8:06:7.0,82,2
7115,4/17/2023 8:06:7.3,82,2
7115,4/17/2023 8:06:7.7,82,2
7115,4/17/2023 8:06:8.7,82,2
7115,4/17/2023 8:06:9.2,82,2
7115,4/17/2023 8:06:10.7,82,2
7115,4/17/2023 8:06:11.1,82,2
7115,4/17/2023 8:06:11.9,82,2
7115,4/17/2023 8:06:14.8,82,2
7115,4/17/2023 8:06:16.2,82,2
7115,4/17/2023 8:06:17.8,82,2
7115,4/17/2023 8:06:21.5,82,2
7115,4/17/2023 8:06:21.9,82,2
7115,4/17/2023 8:06:23.6,82,2
7115,4/17/2023 8:06:25.2,82,2
7115,4/17/2023 8:06:28.7,82,2
7115,4/17/2023 8:06:29.6,82,2
7115,4/17/2023 8:06:30.4,82,2
7115,4/17/2023 8:06:33.5,82,2
7115,4/17/2023 8:06:33.7,82,2
7115,4/17/2023 8:06:37.9,82,2
7115,4/17/2023 8:06:38.7,82,2
7115,4/17/2023 8:06:40.4,82,2
7115,4/17/2023 8:06:41.7,82,2
7115,4/17/2023 8:06:42.3,82,2
7115,4/17/2023 8:06:43.6,82,2
7115,4/17/2023 8:06:44.8,82,2
7115,4/17/2023 8:06:47.7,82,2
7115,4/17/2023 8:06:47.9,82,2
7115,4/17/2023 8:06:50.7,82,2
7115,4/17/2023 8:06:50.9,82,2
7115,4/17/2023 8:06:51.7,82,2
7115,4/17/2023 8:06:52.7,82,2
7115,4/17/2023 8:06:54.2,82,2
7115,4/17/2023 8:06:56.0,82,2
7115,4/17/2023 8:06:57.2,82,2
7115,4/17/2023 8:06:58.6,82,2
7115,4/17/2023 8:06:59.4,82,2
7115,4/17/2023 8:07:6.8,82,2
7115,4/17/2023 8:07:10.7,82,2
7115,4/17/2023 8:07:11.5,82,2
7115,4/17/2023 8:07:11.7,82,2
7115,4/17/2023 8:07:12.2,82,2
7115,4/17/2023 8:07:12.9,82,2
7115,4/17/2023 8:07:15.2,82,2
7115,4/17/2023 8:07:17.4,82,2
7115,4/17/2023 8:07:17.8,82,2
7115,4/17/2023 8:07:19.4,82,2
7115,4/17/2023 8:07:20.6,82,2
7115,4/17/2023 8:07:21.0,82,2
7115,4/17/2023 8:07:32.1,82,2
7115,4/17/2023 8:07:32.4,82,2
7115,4/17/2023 8:07:34.6,82,2
7115,4/17/2023 8:07:37.1,82,2
7115,4/17/2023 8:07:37.6,82,2
7115,4/17/2023 8:07:37.9,82,2
7115,4/17/2023 8:07:38.9,82,2
7115,4/17/2023 8:07:39.8,82,2
7115,4/17/2023 8:07:43.2,82,2
7115,4/17/2023 8:07:44.0,82,2
7115,4/17/2023 8:07:50.3,82,2
7115,4/17/2023 8:07:50.6,82,2
7115,4/17/2023 8:07:52.3,82,2
7115,4/17/2023 8:07:52.6,82,2
7115,4/17/2023 8:07:57.2,82,2
7115,4/17/2023 8:07:58.4,82,2
7115,4/17/2023 8:07:59.1,82,2
7115,4/17/2023 8:07:59.3,82,2
7115,4/17/2023 8:08:1.0,82,2
7115,4/17/2023 8:08:1.5,82,2
7115,4/17/2023 8:08:3.5,82,2
7115,4/17/2023 8:08:4.4,82,2
7115,4/17/2023 8:08:5.6,82,2
7115,4/17/2023 8:08:6.5,82,2
7115,4/17/2023 8:08:10.9,82,2
7115,4/17/2023 8:08:17.9,82,2
7115,4/17/2023 8:08:18.2,82,2
7115,4/17/2023 8:08:19.0,82,2
7115,4/17/2023 8:08:26.0,82,2
7115,4/17/2023 8:08:26.2,82,2
7115,4/17/2023 8:08:27.3,82,2
7115,4/17/2023 8:08:29.5,82,2
7115,4/17/2023 8:08:29.7,82,2
7115,4/17/2023 8:08:30.8,82,2
7115,4/17/2023 8:08:31.0,82,2
7115,4/17/2023 8:08:31.4,82,2
7115,4/17/2023 8:08:31.7,82,2
7115,4/17/2023 8:08:32.5,82,2
7115,4/17/2023 8:08:32.7,82,2
7115,4/17/2023 8:08:34.4,82,2
7115,4/17/2023 8:08:35.7,82,2
7115,4/17/2023 8:08:37.7,82,2
7115,4/17/2023 8:08:38.7,82,2
7115,4/17/2023 8:08:42.2,82,2
7115,4/17/2023 8:08:42.6,82,2
7115,4/17/2023 8:08:42.9,82,2
7115,4/17/2023 8:08:44.6,82,2
7115,4/17/2023 8:08:45.2,82,2
7115,4/17/2023 8:08:46.9,82,2
7115,4/17/2023 8:08:47.3,82,2
7115,4/17/2023 8:08:48.7,82,2
7115,4/17/2023 8:08:49.2,82,2
7115,4/17/2023 8:08:49.5,82,2
7115,4/17/2023 8:08:51.4,82,2
7115,4/17/2023 8:08:53.0,82,2
7115,4/17/2023 8:08:54.4,82,2
7115,4/17/2023 8:08:55.1,82,2
7115,4/17/2023 8:08:55.7,82,2
7115,4/17/2023 8:08:58.1,82,2
7115,4/17/2023 8:08:59.5,82,2
7115,4/17/2023 8:09:0.0,82,2
7115,4/17/2023 8:09:0.4,82,2
7115,4/17/2023 8:09:1.1,82,2
7115,4/17/2023 8:09:2.0,82,2
7115,4/17/2023 8:09:3.7,82,2
7115,4/17/2023 8:09:6.7,82,2
7115,4/17/2023 8:09:7.3,82,2
7115,4/17/2023 8:09:11.3,82,2
7115,4/17/2023 8:09:12.0,82,2
7115,4/17/2023 8:09:14.9,82,2
7115,4/17/2023 8:09:16.7,82,2
7115,4/17/2023 8:09:18.5,82,2
7115,4/17/2023 8:09:20.6,82,2
7115,4/17/2023 8:09:25.0,82,2
7115,4/17/2023 8:09:26.7,82,2
7115,4/17/2023 8:09:29.0,82,2
7115,4/17/2023 8:09:29.3,82,2
7115,4/17/2023 8:09:30.2,82,2
7115,4/17/2023 8:09:32.1,82,2
7115,4/17/2023 8:09:32.9,82,2
7115,4/17/2023 8:09:35.3,82,2
7115,4/17/2023 8:09:35.9,82,2
7115,4/17/2023 8:09:36.2,82,2
7115,4/17/2023 8:09:37.1,82,2
7115,4/17/2023 8:09:37.3,82,2
7115,4/17/2023 8:09:38.7,82,2
7115,4/17/2023 8:09:39.6,82,2
7115,4/17/2023 8:09:39.8,82,2
7115,4/17/2023 8:09:41.3,82,2
7115,4/17/2023 8:09:41.5,82,2
7115,4/17/2023 8:09:41.8,82,2
7115,4/17/2023 8:09:42.9,82,2
7115,4/17/2023 8:09:45.0,82,2
7115,4/17/2023 8:09:48.8,82,2
7115,4/17/2023 8:09:49.4,82,2
7115,4/17/2023 8:09:50.0,82,2
7115,4/17/2023 8:09:52.2,82,2
7115,4/17/2023 8:09:52.8,82,2
7115,4/17/2023 8:09:53.5,82,2
7115,4/17/2023 8:09:54.0,82,2
7115,4/17/2023 8:09:54.4,82,2
7115,4/17/2023 8:09:55.2,82,2
7115,4/17/2023 8:09:56.6,82,2
7115,4/17/2023 8:09:56.9,82,2
7115,4/17/2023 8:09:57.9,82,2
7115,4/17/2023 8:09:59.7,82,2
7115,4/17/2023 8:10:0.0,82,2
7115,4/17/2023 8:10:1.4,82,2
7115,4/17/2023 8:10:1.8,82,2
7115,4/17/2023 8:10:2.1,82,2
7115,4/17/2023 8:10:2.8,82,2
7115,4/17/2023 8:10:11.5,82,2
7115,4/17/2023 8:10:11.8,82,2
7115,4/17/2023 8:10:12.5,82,2
7115,4/17/2023 8:10:13.4,82,2
7115,4/17/2023 8:10:16.0,82,2
7115,4/17/2023 8:10:16.2,82,2
7115,4/17/2023 8:10:16.5,82,2
7115,4/17/2023 8:10:17.4,82,2
7115,4/17/2023 8:10:17.8,82,2
7115,4/17/2023 8:10:19.6,82,2
7115,4/17/2023 8:10:20.5,82,2
7115,4/17/2023 8:10:21.4,82,2
7115,4/17/2023 8:10:24.3,82,2
7115,4/17/2023 8:10:27.0,82,2
7115,4/17/2023 8:10:27.5,82,2
7115,4/17/2023 8:10:30.1,82,2
7115,4/17/2023 8:10:32.3,82,2
7115,4/17/2023 8:10:35.3,82,2
7115,4/17/2023 8:10:41.8,82,2
7115,4/17/2023 8:10:42.2,82,2
7115,4/17/2023 8:10:43.3,82,2
7115,4/17/2023 8:10:43.8,82,2
7115,4/17/2023 8:10:48.5,82,2
7115,4/17/2023 8:10:52.5,82,2
7115,4/17/2023 8:10:52.7,82,2
7115,4/17/2023 8:10:53.0,82,2
7115,4/17/2023 8:10:54.8,82,2
7115,4/17/2023 8:10:55.7,82,2
7115,4/17/2023 8:10:57.1,82,2
7115,4/17/2023 8:10:59.0,82,2
7115,4/17/2023 8:10:59.3,82,2
7115,4/17/2023 8:11:2.0,82,2
7115,4/17/2023 8:11:2.2,82,2
7115,4/17/2023 8:11:2.9,82,2
7115,4/17/2023 8:11:4.6,82,2
7115,4/17/2023 8:11:6.4,82,2
7115,4/17/2023 8:11:7.3,82,2
7115,4/17/2023 8:11:8.7,82,2
7115,4/17/2023 8:11:11.0,82,2
7115,4/17/2023 8:11:13.4,82,2
7115,4/17/2023 8:11:15.1,82,2
7115,4/17/2023 8:11:17.1,82,2
7115,4/17/2023 8:11:17.6,82,2
7115,4/17/2023 8:11:18.9,82,2
7115,4/17/2023 8:11:20.3,82,2
7115,4/17/2023 8:11:24.6,82,2
7115,4/17/2023 8:11:25.5,82,2
7115,4/17/2023 8:11:28.5,82,2
7115,4/17/2023 8:11:31.2,82,2
7115,4/17/2023 8:11:46.5,82,2
7115,4/17/2023 8:11:48.7,82,2
7115,4/17/2023 8:11:49.1,82,2
7115,4/17/2023 8:11:49.3,82,2
7115,4/17/2023 8:11:54.6,82,2
7115,4/17/2023 8:11:54.9,82,2
7115,4/17/2023 8:11:57.9,82,2
7115,4/17/2023 8:12:0.2,82,2
7115,4/17/2023 8:12:0.5,82,2
7115,4/17/2023 8:12:5.0,82,2
7115,4/17/2023 8:12:5.3,82,2
7115,4/17/2023 8:12:7.0,82,2
7115,4/17/2023 8:12:7.3,82,2
7115,4/17/2023 8:12:15.7,82,2
7115,4/17/2023 8:12:17.3,82,2
7115,4/17/2023 8:12:17.5,82,2
7115,4/17/2023 8:12:17.8,82,2
7115,4/17/2023 8:12:21.2,82,2
7115,4/17/2023 8:12:21.4,82,2
7115,4/17/2023 8:12:21.9,82,2
7115,4/17/2023 8:12:23.5,82,2
7115,4/17/2023 8:12:26.6,82,2
7115,4/17/2023 8:12:26.9,82,2
7115,4/17/2023 8:12:29.2,82,2
7115,4/17/2023 8:12:29.5,82,2
7115,4/17/2023 8:12:32.6,82,2
7115,4/17/2023 8:12:33.3,82,2
7115,4/17/2023 8:12:34.2,82,2
7115,4/17/2023 8:12:37.7,82,2
7115,4/17/2023 8:12:38.9,82,2
7115,4/17/2023 8:12:40.7,82,2
7115,4/17/2023 8:12:41.2,82,2
7115,4/17/2023 8:12:41.7,82,2
7115,4/17/2023 8:12:42.9,82,2
7115,4/17/2023 8:12:43.4,82,2
7115,4/17/2023 8:12:44.3,82,2
7115,4/17/2023 8:12:45.6,82,2
7115,4/17/2023 8:12:47.8,82,2
7115,4/17/2023 8:12:49.0,82,2
7115,4/17/2023 8:12:50.3,82,2
7115,4/17/2023 8:12:52.6,82,2
7115,4/17/2023 8:12:55.0,82,2
7115,4/17/2023 8:12:55.2,82,2
7115,4/17/2023 8:12:55.5,82,2
7115,4/17/2023 8:12:55.9,82,2
7115,4/17/2023 8:12:57.8,82,2
7115,4/17/2023 8:12:58.1,82,2
7115,4/17/2023 8:12:59.0,82,2
7115,4/17/2023 8:13:0.2,82,2
7115,4/17/2023 8:13:0.4,82,2
7115,4/17/2023 8:13:3.4,82,2
7115,4/17/2023 8:13:3.7,82,2
7115,4/17/2023 8:13:12.9,82,2
7115,4/17/2023 8:13:13.5,82,2
7115,4/17/2023 8:13:17.5,82,2
7115,4/17/2023 8:13:17.7,82,2
7115,4/17/2023 8:13:19.5,82,2
7115,4/17/2023 8:13:23.8,82,2
7115,4/17/2023 8:13:24.1,82,2
7115,4/17/2023 8:13:27.9,82,2
7115,4/17/2023 8:13:28.4,82,2
7115,4/17/2023 8:13:28.8,82,2
7115,4/17/2023 8:13:29.5,82,2
7115,4/17/2023 8:13:29.8,82,2
7115,4/17/2023 8:13:31.8,82,2
7115,4/17/2023 8:13:33.2,82,2
7115,4/17/2023 8:13:34.2,82,2
7115,4/17/2023 8:13:36.3,82,2
7115,4/17/2023 8:13:37.7,82,2
7115,4/17/2023 8:13:38.0,82,2
7115,4/17/2023 8:13:40.1,82,2
7115,4/17/2023 8:13:41.3,82,2
7115,4/17/2023 8:13:44.2,82,2
7115,4/17/2023 8:13:45.8,82,2
7115,4/17/2023 8:13:46.2,82,2
7115,4/17/2023 8:13:48.3,82,2
7115,4/17/2023 8:13:48.8,82,2
7115,4/17/2023 8:13:49.1,82,2
7115,4/17/2023 8:13:51.3,82,2
7115,4/17/2023 8:13:52.2,82,2
7115,4/17/2023 8:13:53.3,82,2
7115,4/17/2023 8:13:53.6,82,2
7115,4/17/2023 8:13:53.9,82,2
7115,4/17/2023 8:13:55.3,82,2
7115,4/17/2023 8:13:57.1,82,2
7115,4/17/2023 8:13:57.4,82,2
7115,4/17/2023 8:13:58.1,82,2
7115,4/17/2023 8:13:59.6,82,2
7115,4/17/2023 8:14:0.1,82,2
7115,4/17/2023 8:14:1.3,82,2
7115,4/17/2023 8:14:2.4,82,2
7115,4/17/2023 8:14:3.2,82,2
7115,4/17/2023 8:14:4.1,82,2
7115,4/17/2023 8:14:4.4,82,2
7115,4/17/2023 8:14:5.8,82,2
7115,4/17/2023 8:14:7.6,82,2
7115,4/17/2023 8:14:8.4,82,2
7115,4/17/2023 8:14:10.5,82,2
7115,4/17/2023 8:14:11.4,82,2
7115,4/17/2023 8:14:12.6,82,2
7115,4/17/2023 8:14:12.8,82,2
7115,4/17/2023 8:14:14.9,82,2
7115,4/17/2023 8:14:15.2,82,2
7115,4/17/2023 8:14:17.3,82,2
7115,4/17/2023 8:14:19.1,82,2
7115,4/17/2023 8:14:21.3,82,2
7115,4/17/2023 8:14:22.5,82,2
7115,4/17/2023 8:14:22.9,82,2
7115,4/17/2023 8:14:23.5,82,2
7115,4/17/2023 8:14:25.2,82,2
7115,4/17/2023 8:14:25.4,82,2
7115,4/17/2023 8:14:26.2,82,2
7115,4/17/2023 8:14:26.9,82,2
7115,4/17/2023 8:14:31.4,82,2
7115,4/17/2023 8:14:32.3,82,2
7115,4/17/2023 8:14:34.0,82,2
7115,4/17/2023 8:14:37.4,82,2
7115,4/17/2023 8:14:37.7,82,2
7115,4/17/2023 8:14:37.9,82,2
7115,4/17/2023 8:14:39.8,82,2
7115,4/17/2023 8:14:40.0,82,2
7115,4/17/2023 8:14:42.9,82,2
7115,4/17/2023 8:14:54.8,82,2
7115,4/17/2023 8:14:55.1,82,2
7115,4/17/2023 8:14:56.1,82,2
7115,4/17/2023 8:14:56.4,82,2
7115,4/17/2023 8:14:56.7,82,2
7115,4/17/2023 8:14:57.0,82,2
7115,4/17/2023 8:14:57.7,82,2
7115,4/17/2023 8:14:58.3,82,2
7115,4/17/2023 8:15:0.7,82,2
7115,4/17/2023 8:15:1.3,82,2
7115,4/17/2023 8:15:5.6,82,2
7115,4/17/2023 8:15:5.9,82,2
7115,4/17/2023 8:15:7.6,82,2
7115,4/17/2023 8:15:7.8,82,2
7115,4/17/2023 8:15:8.1,82,2
7115,4/17/2023 8:15:9.8,82,2
7115,4/17/2023 8:15:10.2,82,2
7115,4/17/2023 8:15:10.7,82,2
7115,4/17/2023 8:15:12.1,82,2
7115,4/17/2023 8:15:13.2,82,2
7115,4/17/2023 8:15:13.9,82,2
7115,4/17/2023 8:15:14.5,82,2
7115,4/17/2023 8:15:17.4,82,2
7115,4/17/2023 8:15:17.8,82,2
7115,4/17/2023 8:15:19.7,82,2
7115,4/17/2023 8:15:21.0,82,2
7115,4/17/2023 8:15:21.5,82,2
7115,4/17/2023 8:15:22.1,82,2
7115,4/17/2023 8:15:22.9,82,2
7115,4/17/2023 8:15:23.2,82,2
7115,4/17/2023 8:15:23.5,82,2
7115,4/17/2023 8:15:25.1,82,2
7115,4/17/2023 8:15:26.3,82,2
7115,4/17/2023 8:15:26.7,82,2
7115,4/17/2023 8:15:26.9,82,2
7115,4/17/2023 8:15:27.8,82,2
7115,4/17/2023 8:15:28.9,82,2
7115,4/17/2023 8:15:29.7,82,2
7115,4/17/2023 8:15:31.7,82,2
7115,4/17/2023 8:15:32.4,82,2
7115,4/17/2023 8:15:32.7,82,2
7115,4/17/2023 8:15:34.1,82,2
7115,4/17/2023 8:15:34.3,82,2
7115,4/17/2023 8:15:36.2,82,2
7115,4/17/2023 8:15:37.7,82,2
7115,4/17/2023 8:15:38.6,82,2
7115,4/17/2023 8:15:39.9,82,2
7115,4/17/2023 8:15:41.9,82,2
7115,4/17/2023 8:15:42.3,82,2
7115,4/17/2023 8:15:42.8,82,2
7115,4/17/2023 8:15:45.1,82,2
7115,4/17/2023 8:15:47.7,82,2
7115,4/17/2023 8:15:50.3,82,2
7115,4/17/2023 8:15:51.5,82,2
7115,4/17/2023 8:15:52.5,82,2
7115,4/17/2023 8:15:53.1,82,2
7115,4/17/2023 8:15:53.8,82,2
7115,4/17/2023 8:15:54.2,82,2
7115,4/17/2023 8:15:55.3,82,2
7115,4/17/2023 8:15:55.7,82,2
7115,4/17/2023 8:15:56.1,82,2
7115,4/17/2023 8:15:58.5,82,2
7115,4/17/2023 8:15:59.2,82,2
7115,4/17/2023 8:15:59.8,82,2
7115,4/17/2023 8:16:0.2,82,2
7115,4/17/2023 8:16:1.8,82,2
7115,4/17/2023 8:16:2.0,82,2
7115,4/17/2023 8:16:2.3,82,2
7115,4/17/2023 8:16:2.7,82,2
7115,4/17/2023 8:16:3.7,82,2
7115,4/17/2023 8:16:4.6,82,2
7115,4/17/2023 8:16:5.4,82,2
7115,4/17/2023 8:16:6.6,82,2
7115,4/17/2023 8:16:8.0,82,2
7115,4/17/2023 8:16:9.6,82,2
7115,4/17/2023 8:16:11.0,82,2
7115,4/17/2023 8:16:15.3,82,2
7115,4/17/2023 8:16:16.7,82,2
7115,4/17/2023 8:16:17.4,82,2
7115,4/17/2023 8:16:17.6,82,2
7115,4/17/2023 8:16:19.1,82,2
7115,4/17/2023 8:16:20.9,82,2
7115,4/17/2023 8:16:22.3,82,2
7115,4/17/2023 8:16:25.2,82,2
7115,4/17/2023 8:16:26.5,82,2
7115,4/17/2023 8:16:26.7,82,2
7115,4/17/2023 8:16:27.8,82,2
7115,4/17/2023 8:16:30.8,82,2
7115,4/17/2023 8:16:31.2,82,2
7115,4/17/2023 8:16:33.6,82,2
7115,4/17/2023 8:16:34.5,82,2
7115,4/17/2023 8:16:36.0,82,2
7115,4/17/2023 8:16:38.2,82,2
7115,4/17/2023 8:16:39.6,82,2
7115,4/17/2023 8:16:40.1,82,2
7115,4/17/2023 8:16:42.6,82,2
7115,4/17/2023 8:16:42.9,82,2
7115,4/17/2023 8:16:46.4,82,2
7115,4/17/2023 8:16:48.8,82,2
7115,4/17/2023 8:16:50.1,82,2
7115,4/17/2023 8:16:50.8,82,2
7115,4/17/2023 8:16:51.6,82,2
7115,4/17/2023 8:16:53.7,82,2
7115,4/17/2023 8:16:54.8,82,2
7115,4/17/2023 8:16:55.1,82,2
7115,4/17/2023 8:16:56.5,82,2
7115,4/17/2023 8:16:56.8,82,2
7115,4/17/2023 8:16:57.9,82,2
7115,4/17/2023 8:16:58.6,82,2
7115,4/17/2023 8:17:1.8,82,2
7115,4/17/2023 8:17:5.5,82,2
7115,4/17/2023 8:17:6.0,82,2
7115,4/17/2023 8:17:7.0,82,2
7115,4/17/2023 8:17:29.0,82,2
7115,4/17/2023 8:17:32.3,82,2
7115,4/17/2023 8:17:32.5,82,2
7115,4/17/2023 8:17:33.8,82,2
7115,4/17/2023 8:17:34.5,82,2
7115,4/17/2023 8:17:35.9,82,2
7115,4/17/2023 8:17:36.2,82,2
7115,4/17/2023 8:17:36.4,82,2
7115,4/17/2023 8:17:39.7,82,2
7115,4/17/2023 8:17:43.0,82,2
7115,4/17/2023 8:17:43.3,82,2
7115,4/17/2023 8:17:49.4,82,2
7115,4/17/2023 8:17:50.5,82,2
7115,4/17/2023 8:17:52.0,82,2
7115,4/17/2023 8:17:52.5,82,2
7115,4/17/2023 8:17:52.9,82,2
7115,4/17/2023 8:17:54.9,82,2
7115,4/17/2023 8:17:57.3,82,2
7115,4/17/2023 8:17:58.9,82,2
7115,4/17/2023 8:18:2.5,82,2
7115,4/17/2023 8:18:15.3,82,2
7115,4/17/2023 8:18:22.7,82,2
7115,4/17/2023 8:18:23.0,82,2
7115,4/17/2023 8:18:24.5,82,2
7115,4/17/2023 8:18:24.8,82,2
7115,4/17/2023 8:18:25.4,82,2
7115,4/17/2023 8:18:26.2,82,2
7115,4/17/2023 8:18:28.3,82,2
7115,4/17/2023 8:18:30.9,82,2
7115,4/17/2023 8:18:31.5,82,2
7115,4/17/2023 8:18:34.8,82,2
7115,4/17/2023 8:18:37.4,82,2
7115,4/17/2023 8:18:38.8,82,2
7115,4/17/2023 8:18:39.3,82,2
7115,4/17/2023 8:18:40.8,82,2
7115,4/17/2023 8:18:43.1,82,2
7115,4/17/2023 8:18:44.3,82,2
7115,4/17/2023 8:18:45.1,82,2
7115,4/17/2023 8:18:46.2,82,2
7115,4/17/2023 8:18:46.5,82,2
7115,4/17/2023 8:18:46.9,82,2
7115,4/17/2023 8:18:48.8,82,2
7115,4/17/2023 8:18:50.3,82,2
7115,4/17/2023 8:18:52.5,82,2
7115,4/17/2023 8:18:53.8,82,2
7115,4/17/2023 8:18:54.0,82,2
7115,4/17/2023 8:18:55.1,82,2
7115,4/17/2023 8:18:55.9,82,2
7115,4/17/2023 8:18:58.6,82,2
7115,4/17/2023 8:18:59.1,82,2
7115,4/17/2023 8:18:59.4,82,2
7115,4/17/2023 8:19:0.3,82,2
7115,4/17/2023 8:19:0.5,82,2
7115,4/17/2023 8:19:1.1,82,2
7115,4/17/2023 8:19:3.7,82,2
7115,4/17/2023 8:19:4.7,82,2
7115,4/17/2023 8:19:6.0,82,2
7115,4/17/2023 8:19:6.8,82,2
7115,4/17/2023 8:19:7.0,82,2
7115,4/17/2023 8:19:7.8,82,2
7115,4/17/2023 8:19:8.1,82,2
7115,4/17/2023 8:19:10.4,82,2
7115,4/17/2023 8:19:11.8,82,2
7115,4/17/2023 8:19:12.5,82,2
7115,4/17/2023 8:19:13.4,82,2
7115,4/17/2023 8:19:14.3,82,2
7115,4/17/2023 8:19:15.9,82,2
7115,4/17/2023 8:19:16.5,82,2
7115,4/17/2023 8:19:18.7,82,2
7115,4/17/2023 8:19:19.5,82,2
7115,4/17/2023 8:19:19.8,82,2
7115,4/17/2023 8:19:20.3,82,2
7115,4/17/2023 8:19:20.9,82,2
7115,4/17/2023 8:19:23.0,82,2
7115,4/17/2023 8:19:23.3,82,2
7115,4/17/2023 8:19:23.9,82,2
7115,4/17/2023 8:19:34.3,82,2
7115,4/17/2023 8:19:37.6,82,2
7115,4/17/2023 8:19:38.7,82,2
7115,4/17/2023 8:19:39.0,82,2
7115,4/17/2023 8:19:41.0,82,2
7115,4/17/2023 8:19:42.7,82,2
7115,4/17/2023 8:19:45.2,82,2
7115,4/17/2023 8:19:46.2,82,2
7115,4/17/2023 8:19:47.5,82,2
7115,4/17/2023 8:19:49.2,82,2
7115,4/17/2023 8:19:49.4,82,2
7115,4/17/2023 8:19:49.7,82,2
7115,4/17/2023 8:19:52.3,82,2
7115,4/17/2023 8:19:53.7,82,2
7115,4/17/2023 8:19:55.0,82,2
7115,4/17/2023 8:19:57.1,82,2
7115,4/17/2023 8:19:57.9,82,2
7115,4/17/2023 8:19:59.8,82,2
7115,4/17/2023 8:20:0.9,82,2
7115,4/17/2023 8:20:2.4,82,2
7115,4/17/2023 8:20:2.7,82,2
7115,4/17/2023 8:20:4.4,82,2
7115,4/17/2023 8:20:4.6,82,2
7115,4/17/2023 8:20:4.9,82,2
7115,4/17/2023 8:20:7.2,82,2
7115,4/17/2023 8:20:9.4,82,2
7115,4/17/2023 8:20:9.7,82,2
7115,4/17/2023 8:20:11.6,82,2
7115,4/17/2023 8:20:12.6,82,2
7115,4/17/2023 8:20:13.9,82,2
7115,4/17/2023 8:20:14.8,82,2
7115,4/17/2023 8:20:15.7,82,2
7115,4/17/2023 8:20:15.9,82,2
7115,4/17/2023 8:20:17.4,82,2
7115,4/17/2023 8:20:17.6,82,2
7115,4/17/2023 8:20:20.9,82,2
7115,4/17/2023 8:20:22.3,82,2
7115,4/17/2023 8:20:22.8,82,2
7115,4/17/2023 8:20:28.0,82,2
7115,4/17/2023 8:20:30.5,82,2
7115,4/17/2023 8:20:31.0,82,2
7115,4/17/2023 8:20:32.2,82,2
7115,4/17/2023 8:20:32.6,82,2
7115,4/17/2023 8:20:33.1,82,2
7115,4/17/2023 8:20:33.7,82,2
7115,4/17/2023 8:20:38.3,82,2
7115,4/17/2023 8:20:41.3,82,2
7115,4/17/2023 8:20:45.8,82,2
7115,4/17/2023 8:20:46.5,82,2
7115,4/17/2023 8:20:51.7,82,2
7115,4/17/2023 8:20:52.1,82,2
7115,4/17/2023 8:20:52.5,82,2
7115,4/17/2023 8:20:52.8,82,2
7115,4/17/2023 8:20:53.6,82,2
7115,4/17/2023 8:20:56.9,82,2
7115,4/17/2023 8:20:57.9,82,2
7115,4/17/2023 8:20:58.2,82,2
7115,4/17/2023 8:20:59.7,82,2
7115,4/17/2023 8:21:0.8,82,2
7115,4/17/2023 8:21:3.0,82,2
7115,4/17/2023 8:21:4.4,82,2
7115,4/17/2023 8:21:5.6,82,2
7115,4/17/2023 8:21:7.1,82,2
7115,4/17/2023 8:21:7.4,82,2
7115,4/17/2023 8:21:10.1,82,2
7115,4/17/2023 8:21:11.1,82,2
7115,4/17/2023 8:21:11.3,82,2
7115,4/17/2023 8:21:11.6,82,2
7115,4/17/2023 8:21:12.7,82,2
7115,4/17/2023 8:21:13.4,82,2
7115,4/17/2023 8:21:18.2,82,2
7115,4/17/2023 8:21:18.6,82,2
7115,4/17/2023 8:21:20.8,82,2
7115,4/17/2023 8:21:21.8,82,2
7115,4/17/2023 8:21:22.2,82,2
7115,4/17/2023 8:21:23.3,82,2
7115,4/17/2023 8:21:24.3,82,2
7115,4/17/2023 8:21:24.7,82,2
7115,4/17/2023 8:21:28.0,82,2
7115,4/17/2023 8:21:30.0,82,2
7115,4/17/2023 8:21:30.3,82,2
7115,4/17/2023 8:21:31.7,82,2
7115,4/17/2023 8:21:35.4,82,2
7115,4/17/2023 8:21:37.4,82,2
7115,4/17/2023 8:21:37.8,82,2
7115,4/17/2023 8:21:38.1,82,2
7115,4/17/2023 8:21:40.3,82,2
7115,4/17/2023 8:21:42.1,82,2
7115,4/17/2023 8:21:43.2,82,2
7115,4/17/2023 8:21:48.0,82,2
7115,4/17/2023 8:21:48.2,82,2
7115,4/17/2023 8:21:51.6,82,2
7115,4/17/2023 8:21:54.5,82,2
7115,4/17/2023 8:21:55.6,82,2
7115,4/17/2023 8:21:59.7,82,2
7115,4/17/2023 8:22:0.6,82,2
7115,4/17/2023 8:22:1.9,82,2
7115,4/17/2023 8:22:2.7,82,2
7115,4/17/2023 8:22:2.9,82,2
7115,4/17/2023 8:22:6.0,82,2
7115,4/17/2023 8:22:6.3,82,2
7115,4/17/2023 8:22:6.7,82,2
7115,4/17/2023 8:22:8.4,82,2
7115,4/17/2023 8:22:9.2,82,2
7115,4/17/2023 8:22:11.8,82,2
7115,4/17/2023 8:22:14.0,82,2
7115,4/17/2023 8:22:18.1,82,2
7115,4/17/2023 8:22:18.4,82,2
7115,4/17/2023 8:22:19.2,82,2
7115,4/17/2023 8:22:20.0,82,2
7115,4/17/2023 8:22:20.2,82,2
7115,4/17/2023 8:22:21.4,82,2
7115,4/17/2023 8:22:22.5,82,2
7115,4/17/2023 8:22:23.2,82,2
7115,4/17/2023 8:22:23.5,82,2
7115,4/17/2023 8:22:27.7,82,2
7115,4/17/2023 8:22:28.0,82,2
7115,4/17/2023 8:22:31.5,82,2
7115,4/17/2023 8:22:37.1,82,2
7115,4/17/2023 8:22:37.7,82,2
7115,4/17/2023 8:22:40.1,82,2
7115,4/17/2023 8:22:40.6,82,2
7115,4/17/2023 8:22:42.2,82,2
7115,4/17/2023 8:22:43.2,82,2
7115,4/17/2023 8:22:43.7,82,2
7115,4/17/2023 8:22:45.0,82,2
7115,4/17/2023 8:22:45.3,82,2
7115,4/17/2023 8:22:47.0,82,2
7115,4/17/2023 8:22:47.2,82,2
7115,4/17/2023 8:22:48.3,82,2
7115,4/17/2023 8:22:48.5,82,2
7115,4/17/2023 8:22:54.7,82,2
7115,4/17/2023 8:22:56.0,82,2
7115,4/17/2023 8:22:58.3,82,2
7115,4/17/2023 8:22:59.3,82,2
7115,4/17/2023 8:22:59.9,82,2
7115,4/17/2023 8:23:0.1,82,2
7115,4/17/2023 8:23:1.2,82,2
7115,4/17/2023 8:23:1.4,82,2
7115,4/17/2023 8:23:2.6,82,2
7115,4/17/2023 8:23:2.8,82,2
7115,4/17/2023 8:23:5.1,82,2
7115,4/17/2023 8:23:5.8,82,2
7115,4/17/2023 8:23:12.3,82,2
7115,4/17/2023 8:23:15.6,82,2
7115,4/17/2023 8:23:18.4,82,2
7115,4/17/2023 8:23:19.7,82,2
7115,4/17/2023 8:23:25.6,82,2
7115,4/17/2023 8:23:25.8,82,2
7115,4/17/2023 8:23:27.3,82,2
7115,4/17/2023 8:23:27.9,82,2
7115,4/17/2023 8:23:33.1,82,2
7115,4/17/2023 8:23:34.0,82,2
7115,4/17/2023 8:23:38.6,82,2
7115,4/17/2023 8:23:39.1,82,2
7115,4/17/2023 8:23:40.0,82,2
7115,4/17/2023 8:23:40.8,82,2
7115,4/17/2023 8:23:42.1,82,2
7115,4/17/2023 8:23:42.4,82,2
7115,4/17/2023 8:23:43.0,82,2
7115,4/17/2023 8:23:44.2,82,2
7115,4/17/2023 8:23:44.4,82,2
7115,4/17/2023 8:23:45.5,82,2
7115,4/17/2023 8:23:46.5,82,2
7115,4/17/2023 8:23:47.6,82,2
7115,4/17/2023 8:23:48.2,82,2
7115,4/17/2023 8:23:49.8,82,2
7115,4/17/2023 8:23:51.3,82,2
7115,4/17/2023 8:23:55.5,82,2
7115,4/17/2023 8:23:56.3,82,2
7115,4/17/2023 8:24:1.2,82,2
7115,4/17/2023 8:24:6.3,82,2
7115,4/17/2023 8:24:15.2,82,2
7115,4/17/2023 8:24:16.3,82,2
7115,4/17/2023 8:24:17.6,82,2
7115,4/17/2023 8:24:19.0,82,2
7115,4/17/2023 8:24:19.4,82,2
7115,4/17/2023 8:24:21.7,82,2
7115,4/17/2023 8:24:25.9,82,2
7115,4/17/2023 8:24:26.8,82,2
7115,4/17/2023 8:24:30.1,82,2
7115,4/17/2023 8:24:30.8,82,2
7115,4/17/2023 8:24:34.5,82,2
7115,4/17/2023 8:24:35.4,82,2
7115,4/17/2023 8:24:40.7,82,2
7115,4/17/2023 8:24:41.5,82,2
7115,4/17/2023 8:24:41.8,82,2
7115,4/17/2023 8:24:42.4,82,2
7115,4/17/2023 8:24:44.1,82,2
7115,4/17/2023 8:24:44.4,82,2
7115,4/17/2023 8:24:47.2,82,2
7115,4/17/2023 8:24:47.9,82,2
7115,4/17/2023 8:24:52.6,82,2
7115,4/17/2023 8:24:52.8,82,2
7115,4/17/2023 8:24:56.3,82,2
7115,4/17/2023 8:24:56.7,82,2
7115,4/17/2023 8:24:57.0,82,2
7115,4/17/2023 8:24:57.6,82,2
7115,4/17/2023 8:24:58.1,82,2
7115,4/17/2023 8:24:59.6,82,2
7115,4/17/2023 8:25:1.1,82,2
7115,4/17/2023 8:25:2.6,82,2
7115,4/17/2023 8:25:5.3,82,2
7115,4/17/2023 8:25:8.4,82,2
7115,4/17/2023 8:25:9.5,82,2
7115,4/17/2023 8:25:10.5,82,2
7115,4/17/2023 8:25:10.9,82,2
7115,4/17/2023 8:25:11.1,82,2
7115,4/17/2023 8:25:11.7,82,2
7115,4/17/2023 8:25:13.1,82,2
7115,4/17/2023 8:25:15.1,82,2
7115,4/17/2023 8:25:16.9,82,2
7115,4/17/2023 8:25:19.6,82,2
7115,4/17/2023 8:25:20.6,82,2
7115,4/17/2023 8:25:21.7,82,2
7115,4/17/2023 8:25:22.5,82,2
7115,4/17/2023 8:25:23.9,82,2
7115,4/17/2023 8:25:25.6,82,2
7115,4/17/2023 8:25:25.8,82,2
7115,4/17/2023 8:25:27.3,82,2
7115,4/17/2023 8:25:28.1,82,2
7115,4/17/2023 8:25:28.3,82,2
7115,4/17/2023 8:25:29.2,82,2
7115,4/17/2023 8:25:30.8,82,2
7115,4/17/2023 8:25:31.2,82,2
7115,4/17/2023 8:25:31.4,82,2
7115,4/17/2023 8:25:32.3,82,2
7115,4/17/2023 8:25:32.6,82,2
7115,4/17/2023 8:25:33.6,82,2
7115,4/17/2023 8:25:35.6,82,2
7115,4/17/2023 8:25:37.5,82,2
7115,4/17/2023 8:25:38.1,82,2
7115,4/17/2023 8:25:39.1,82,2
7115,4/17/2023 8:25:39.4,82,2
7115,4/17/2023 8:25:40.5,82,2
7115,4/17/2023 8:25:43.4,82,2
7115,4/17/2023 8:25:44.4,82,2
7115,4/17/2023 8:25:44.7,82,2
7115,4/17/2023 8:25:45.0,82,2
7115,4/17/2023 8:25:47.9,82,2
7115,4/17/2023 8:25:48.7,82,2
7115,4/17/2023 8:25:49.0,82,2
7115,4/17/2023 8:25:49.8,82,2
7115,4/17/2023 8:25:51.6,82,2
7115,4/17/2023 8:25:51.8,82,2
7115,4/17/2023 8:25:52.1,82,2
7115,4/17/2023 8:25:53.8,82,2
7115,4/17/2023 8:25:54.6,82,2
7115,4/17/2023 8:25:55.9,82,2
7115,4/17/2023 8:25:57.3,82,2
7115,4/17/2023 8:25:57.6,82,2
7115,4/17/2023 8:25:58.6,82,2
7115,4/17/2023 8:26:0.4,82,2
7115,4/17/2023 8:26:4.3,82,2
7115,4/17/2023 8:26:5.7,82,2
7115,4/17/2023 8:26:7.1,82,2
7115,4/17/2023 8:26:8.0,82,2
7115,4/17/2023 8:26:8.2,82,2
7115,4/17/2023 8:26:9.9,82,2
7115,4/17/2023 8:26:11.2,82,2
7115,4/17/2023 8:26:11.7,82,2
7115,4/17/2023 8:26:13.4,82,2
7115,4/17/2023 8:26:15.5,82,2
7115,4/17/2023 8:26:16.5,82,2
7115,4/17/2023 8:26:19.1,82,2
7115,4/17/2023 8:26:20.4,82,2
7115,4/17/2023 8:26:20.7,82,2
7115,4/17/2023 8:26:21.5,82,2
7115,4/17/2023 8:26:22.9,82,2
7115,4/17/2023 8:26:23.2,82,2
7115,4/17/2023 8:26:24.5,82,2
7115,4/17/2023 8:26:24.7,82,2
7115,4/17/2023 8:26:25.5,82,2
7115,4/17/2023 8:26:28.2,82,2
7115,4/17/2023 8:26:29.4,82,2
7115,4/17/2023 8:26:34.2,82,2
7115,4/17/2023 8:26:34.5,82,2
7115,4/17/2023 8:26:35.1,82,2
7115,4/17/2023 8:26:35.4,82,2
7115,4/17/2023 8:26:36.7,82,2
7115,4/17/2023 8:26:40.2,82,2
7115,4/17/2023 8:26:40.5,82,2
7115,4/17/2023 8:26:40.7,82,2
7115,4/17/2023 8:26:42.5,82,2
7115,4/17/2023 8:26:49.4,82,2
7115,4/17/2023 8:26:51.0,82,2
7115,4/17/2023 8:26:52.0,82,2
7115,4/17/2023 8:26:52.3,82,2
7115,4/17/2023 8:26:54.4,82,2
7115,4/17/2023 8:26:55.7,82,2
7115,4/17/2023 8:26:56.7,82,2
7115,4/17/2023 8:26:57.2,82,2
7115,4/17/2023 8:26:58.3,82,2
7115,4/17/2023 8:26:59.1,82,2
7115,4/17/2023 8:27:0.4,82,2
7115,4/17/2023 8:27:1.0,82,2
7115,4/17/2023 8:27:1.4,82,2
7115,4/17/2023 8:27:4.3,82,2
7115,4/17/2023 8:27:4.8,82,2
7115,4/17/2023 8:27:5.0,82,2
7115,4/17/2023 8:27:5.8,82,2
7115,4/17/2023 8:27:6.7,82,2
7115,4/17/2023 8:27:8.7,82,2
7115,4/17/2023 8:27:9.5,82,2
7115,4/17/2023 8:27:10.6,82,2
7115,4/17/2023 8:27:12.8,82,2
7115,4/17/2023 8:27:16.7,82,2
7115,4/17/2023 8:27:21.4,82,2
7115,4/17/2023 8:27:21.7,82,2
7115,4/17/2023 8:27:23.0,82,2
7115,4/17/2023 8:27:23.2,82,2
7115,4/17/2023 8:27:23.5,82,2
7115,4/17/2023 8:27:24.2,82,2
7115,4/17/2023 8:27:24.9,82,2
7115,4/17/2023 8:27:27.0,82,2
7115,4/17/2023 8:27:28.1,82,2
7115,4/17/2023 8:27:32.5,82,2
7115,4/17/2023 8:27:32.7,82,2
7115,4/17/2023 8:27:34.3,82,2
7115,4/17/2023 8:27:34.7,82,2
7115,4/17/2023 8:27:35.0,82,2
7115,4/17/2023 8:27:35.6,82,2
7115,4/17/2023 8:27:40.8,82,2
7115,4/17/2023 8:27:46.3,82,2
7115,4/17/2023 8:27:48.6,82,2
7115,4/17/2023 8:27:49.8,82,2
7115,4/17/2023 8:27:56.3,82,2
7115,4/17/2023 8:28:2.1,82,2
7115,4/17/2023 8:28:3.8,82,2
7115,4/17/2023 8:28:5.1,82,2
7115,4/17/2023 8:28:6.9,82,2
7115,4/17/2023 8:28:8.6,82,2
7115,4/17/2023 8:28:9.3,82,2
7115,4/17/2023 8:28:10.3,82,2
7115,4/17/2023 8:28:11.1,82,2
7115,4/17/2023 8:28:11.9,82,2
7115,4/17/2023 8:28:12.5,82,2
7115,4/17/2023 8:28:14.2,82,2
7115,4/17/2023 8:28:15.2,82,2
7115,4/17/2023 8:28:15.5,82,2
7115,4/17/2023 8:28:16.9,82,2
7115,4/17/2023 8:28:17.3,82,2
7115,4/17/2023 8:28:17.7,82,2
7115,4/17/2023 8:28:18.2,82,2
7115,4/17/2023 8:28:20.1,82,2
7115,4/17/2023 8:28:21.1,82,2
7115,4/17/2023 8:28:22.4,82,2
7115,4/17/2023 8:28:26.3,82,2
7115,4/17/2023 8:28:26.6,82,2
7115,4/17/2023 8:28:26.8,82,2
7115,4/17/2023 8:28:27.7,82,2
7115,4/17/2023 8:28:29.8,82,2
7115,4/17/2023 8:28:30.1,82,2
7115,4/17/2023 8:28:31.2,82,2
7115,4/17/2023 8:28:31.5,82,2
7115,4/17/2023 8:28:32.3,82,2
7115,4/17/2023 8:28:35.4,82,2
7115,4/17/2023 8:28:35.7,82,2
7115,4/17/2023 8:28:36.3,82,2
7115,4/17/2023 8:28:37.0,82,2
7115,4/17/2023 8:28:37.2,82,2
7115,4/17/2023 8:28:37.9,82,2
7115,4/17/2023 8:28:40.6,82,2
7115,4/17/2023 8:28:41.4,82,2
7115,4/17/2023 8:28:41.6,82,2
7115,4/17/2023 8:28:42.2,82,2
7115,4/17/2023 8:28:42.8,82,2
7115,4/17/2023 8:28:43.2,82,2
7115,4/17/2023 8:28:44.1,82,2
7115,4/17/2023 8:28:44.6,82,2
7115,4/17/2023 8:28:45.9,82,2
7115,4/17/2023 8:28:48.1,82,2
7115,4/17/2023 8:28:48.5,82,2
7115,4/17/2023 8:28:51.7,82,2
7115,4/17/2023 8:28:52.0,82,2
7115,4/17/2023 8:28:57.1,82,2
7115,4/17/2023 8:28:58.7,82,2
7115,4/17/2023 8:28:59.8,82,2
7115,4/17/2023 8:29:0.2,82,2
7115,4/17/2023 8:29:0.5,82,2
7115,4/17/2023 8:29:1.0,82,2
7115,4/17/2023 8:29:2.2,82,2
7115,4/17/2023 8:29:3.0,82,2
7115,4/17/2023 8:29:3.2,82,2
7115,4/17/2023 8:29:5.4,82,2
7115,4/17/2023 8:29:6.5,82,2
7115,4/17/2023 8:29:6.7,82,2
7115,4/17/2023 8:29:7.6,82,2
7115,4/17/2023 8:29:8.2,82,2
7115,4/17/2023 8:29:8.9,82,2
7115,4/17/2023 8:29:9.7,82,2
7115,4/17/2023 8:29:10.0,82,2
7115,4/17/2023 8:29:10.2,82,2
7115,4/17/2023 8:29:11.4,82,2
7115,4/17/2023 8:29:11.7,82,2
7115,4/17/2023 8:29:14.0,82,2
7115,4/17/2023 8:29:14.9,82,2
7115,4/17/2023 8:29:15.3,82,2
7115,4/17/2023 8:29:18.4,82,2
7115,4/17/2023 8:29:19.2,82,2
7115,4/17/2023 8:29:19.5,82,2
7115,4/17/2023 8:29:20.2,82,2
7115,4/17/2023 8:29:21.2,82,2
7115,4/17/2023 8:29:22.4,82,2
7115,4/17/2023 8:29:26.1,82,2
7115,4/17/2023 8:29:27.0,82,2
7115,4/17/2023 8:29:27.9,82,2
7115,4/17/2023 8:29:29.3,82,2
7115,4/17/2023 8:29:30.2,82,2
7115,4/17/2023 8:29:31.9,82,2
7115,4/17/2023 8:29:32.5,82,2
7115,4/17/2023 8:29:33.7,82,2
7115,4/17/2023 8:29:41.9,82,2
7115,4/17/2023 8:29:44.4,82,2
7115,4/17/2023 8:29:45.7,82,2
7115,4/17/2023 8:29:47.1,82,2
7115,4/17/2023 8:29:48.6,82,2
7115,4/17/2023 8:29:52.2,82,2
7115,4/17/2023 8:29:52.7,82,2
7115,4/17/2023 8:29:53.6,82,2
7115,4/17/2023 8:29:53.9,82,2
7115,4/17/2023 8:29:54.2,82,2
7115,4/17/2023 8:29:56.0,82,2
7115,4/17/2023 8:30:0.4,82,2
7115,4/17/2023 8:30:0.7,82,2
7115,4/17/2023 8:30:0.9,82,2
7115,4/17/2023 8:30:1.2,82,2
7115,4/17/2023 8:30:4.3,82,2
7115,4/17/2023 8:30:4.6,82,2
7115,4/17/2023 8:30:5.7,82,2
7115,4/17/2023 8:30:6.9,82,2
7115,4/17/2023 8:30:7.4,82,2
7115,4/17/2023 8:30:8.9,82,2
7115,4/17/2023 8:30:10.4,82,2
7115,4/17/2023 8:30:10.8,82,2
7115,4/17/2023 8:30:11.8,82,2
7115,4/17/2023 8:30:12.1,82,2
7115,4/17/2023 8:30:12.6,82,2
7115,4/17/2023 8:30:13.4,82,2
7115,4/17/2023 8:30:15.0,82,2
7115,4/17/2023 8:30:15.7,82,2
7115,4/17/2023 8:30:18.5,82,2
7115,4/17/2023 8:30:19.9,82,2
7115,4/17/2023 8:30:21.6,82,2
7115,4/17/2023 8:30:22.2,82,2
7115,4/17/2023 8:30:24.8,82,2
7115,4/17/2023 8:30:25.4,82,2
7115,4/17/2023 8:30:26.5,82,2
7115,4/17/2023 8:30:28.1,82,2
7115,4/17/2023 8:30:29.8,82,2
7115,4/17/2023 8:30:31.7,82,2
7115,4/17/2023 8:30:36.7,82,2
7115,4/17/2023 8:30:36.9,82,2
7115,4/17/2023 8:30:38.2,82,2
7115,4/17/2023 8:30:39.4,82,2
7115,4/17/2023 8:30:40.3,82,2
7115,4/17/2023 8:30:40.6,82,2
7115,4/17/2023 8:30:42.3,82,2
7115,4/17/2023 8:30:43.3,82,2
7115,4/17/2023 8:30:43.7,82,2
7115,4/17/2023 8:30:45.1,82,2
7115,4/17/2023 8:30:46.0,82,2
7115,4/17/2023 8:30:46.3,82,2
7115,4/17/2023 8:30:47.2,82,2
7115,4/17/2023 8:30:48.0,82,2
7115,4/17/2023 8:30:49.1,82,2
7115,4/17/2023 8:30:52.9,82,2
7115,4/17/2023 8:30:54.2,82,2
7115,4/17/2023 8:30:55.5,82,2
7115,4/17/2023 8:30:57.2,82,2
7115,4/17/2023 8:30:58.1,82,2
7115,4/17/2023 8:30:58.4,82,2
7115,4/17/2023 8:31:0.3,82,2
7115,4/17/2023 8:31:0.6,82,2
7115,4/17/2023 8:31:2.4,82,2
7115,4/17/2023 8:31:2.7,82,2
7115,4/17/2023 8:31:5.8,82,2
7115,4/17/2023 8:31:9.4,82,2
7115,4/17/2023 8:31:10.3,82,2
7115,4/17/2023 8:31:12.8,82,2
7115,4/17/2023 8:31:13.1,82,2
7115,4/17/2023 8:31:16.4,82,2
7115,4/17/2023 8:31:17.2,82,2
7115,4/17/2023 8:31:19.0,82,2
7115,4/17/2023 8:31:19.6,82,2
7115,4/17/2023 8:31:21.4,82,2
7115,4/17/2023 8:31:22.9,82,2
7115,4/17/2023 8:31:23.7,82,2
7115,4/17/2023 8:31:24.2,82,2
7115,4/17/2023 8:31:26.1,82,2
7115,4/17/2023 8:31:27.1,82,2
7115,4/17/2023 8:31:27.5,82,2
7115,4/17/2023 8:31:29.7,82,2
7115,4/17/2023 8:31:30.2,82,2
7115,4/17/2023 8:31:32.8,82,2
7115,4/17/2023 8:31:33.6,82,2
7115,4/17/2023 8:31:34.6,82,2
7115,4/17/2023 8:31:35.8,82,2
7115,4/17/2023 8:31:38.4,82,2
7115,4/17/2023 8:31:43.6,82,2
7115,4/17/2023 8:31:44.1,82,2
7115,4/17/2023 8:31:45.3,82,2
7115,4/17/2023 8:31:45.8,82,2
7115,4/17/2023 8:31:47.2,82,2
7115,4/17/2023 8:31:48.5,82,2
7115,4/17/2023 8:31:51.0,82,2
7115,4/17/2023 8:31:53.8,82,2
7115,4/17/2023 8:31:54.0,82,2
7115,4/17/2023 8:31:55.0,82,2
7115,4/17/2023 8:31:56.1,82,2
7115,4/17/2023 8:31:58.7,82,2
7115,4/17/2023 8:32:0.1,82,2
7115,4/17/2023 8:32:1.3,82,2
7115,4/17/2023 8:32:1.5,82,2
7115,4/17/2023 8:32:1.9,82,2
7115,4/17/2023 8:32:6.5,82,2
7115,4/17/2023 8:32:7.5,82,2
7115,4/17/2023 8:32:8.2,82,2
7115,4/17/2023 8:32:9.5,82,2
7115,4/17/2023 8:32:9.7,82,2
7115,4/17/2023 8:32:12.2,82,2
7115,4/17/2023 8:32:12.7,82,2
7115,4/17/2023 8:32:15.1,82,2
7115,4/17/2023 8:32:17.4,82,2
7115,4/17/2023 8:32:18.3,82,2
7115,4/17/2023 8:32:19.9,82,2
7115,4/17/2023 8:32:21.0,82,2
7115,4/17/2023 8:32:22.6,82,2
7115,4/17/2023 8:32:32.6,82,2
7115,4/17/2023 8:32:32.9,82,2
7115,4/17/2023 8:32:34.7,82,2
7115,4/17/2023 8:32:36.2,82,2
7115,4/17/2023 8:32:39.9,82,2
7115,4/17/2023 8:32:42.3,82,2
7115,4/17/2023 8:32:43.4,82,2
7115,4/17/2023 8:32:44.0,82,2
7115,4/17/2023 8:32:45.2,82,2
7115,4/17/2023 8:32:46.2,82,2
7115,4/17/2023 8:32:47.0,82,2
7115,4/17/2023 8:32:50.1,82,2
7115,4/17/2023 8:32:51.6,82,2
7115,4/17/2023 8:32:56.8,82,2
7115,4/17/2023 8:32:57.0,82,2
7115,4/17/2023 8:32:57.9,82,2
7115,4/17/2023 8:32:58.2,82,2
7115,4/17/2023 8:33:15.7,82,2
7115,4/17/2023 8:33:23.0,82,2
7115,4/17/2023 8:33:24.9,82,2
7115,4/17/2023 8:33:28.4,82,2
7115,4/17/2023 8:33:29.4,82,2
7115,4/17/2023 8:33:32.8,82,2
7115,4/17/2023 8:33:35.9,82,2
7115,4/17/2023 8:33:40.6,82,2
7115,4/17/2023 8:33:43.4,82,2
7115,4/17/2023 8:33:44.1,82,2
7115,4/17/2023 8:33:44.3,82,2
7115,4/17/2023 8:33:46.2,82,2
7115,4/17/2023 8:33:48.1,82,2
7115,4/17/2023 8:33:50.6,82,2
7115,4/17/2023 8:33:51.4,82,2
7115,4/17/2023 8:33:57.7,82,2
7115,4/17/2023 8:33:58.9,82,2
7115,4/17/2023 8:34:0.2,82,2
7115,4/17/2023 8:34:3.2,82,2
7115,4/17/2023 8:34:4.6,82,2
7115,4/17/2023 8:34:6.2,82,2
7115,4/17/2023 8:34:6.7,82,2
7115,4/17/2023 8:34:7.5,82,2
7115,4/17/2023 8:34:9.8,82,2
7115,4/17/2023 8:34:11.8,82,2
7115,4/17/2023 8:34:12.5,82,2
7115,4/17/2023 8:34:17.1,82,2
7115,4/17/2023 8:34:32.3,82,2
7115,4/17/2023 8:34:32.7,82,2
7115,4/17/2023 8:34:33.7,82,2
7115,4/17/2023 8:34:35.7,82,2
7115,4/17/2023 8:34:38.4,82,2
7115,4/17/2023 8:34:39.2,82,2
7115,4/17/2023 8:34:42.8,82,2
7115,4/17/2023 8:34:45.2,82,2
7115,4/17/2023 8:34:54.9,82,2
7115,4/17/2023 8:34:58.8,82,2
7115,4/17/2023 8:35:0.0,82,2
7115,4/17/2023 8:35:0.8,82,2
7115,4/17/2023 8:35:1.0,82,2
7115,4/17/2023 8:35:1.5,82,2
7115,4/17/2023 8:35:4.1,82,2
7115,4/17/2023 8:35:6.6,82,2
7115,4/17/2023 8:35:8.0,82,2
7115,4/17/2023 8:35:10.9,82,2
7115,4/17/2023 8:35:14.3,82,2
7115,4/17/2023 8:35:19.0,82,2
7115,4/17/2023 8:35:19.9,82,2
7115,4/17/2023 8:35:21.6,82,2
7115,4/17/2023 8:35:23.9,82,2
7115,4/17/2023 8:35:28.1,82,2
7115,4/17/2023 8:35:30.8,82,2
7115,4/17/2023 8:35:31.0,82,2
7115,4/17/2023 8:35:32.3,82,2
7115,4/17/2023 8:35:39.0,82,2
7115,4/17/2023 8:35:41.6,82,2
7115,4/17/2023 8:35:42.5,82,2
7115,4/17/2023 8:35:42.7,82,2
7115,4/17/2023 8:35:44.3,82,2
7115,4/17/2023 8:35:47.7,82,2
7115,4/17/2023 8:35:49.1,82,2
7115,4/17/2023 8:35:49.5,82,2
7115,4/17/2023 8:35:54.1,82,2
7115,4/17/2023 8:35:58.1,82,2
7115,4/17/2023 8:35:59.9,82,2
7115,4/17/2023 8:36:0.4,82,2
7115,4/17/2023 8:36:2.1,82,2
7115,4/17/2023 8:36:7.2,82,2
7115,4/17/2023 8:36:9.0,82,2
7115,4/17/2023 8:36:9.8,82,2
7115,4/17/2023 8:36:10.7,82,2
7115,4/17/2023 8:36:11.9,82,2
7115,4/17/2023 8:36:14.6,82,2
7115,4/17/2023 8:36:19.1,82,2
7115,4/17/2023 8:36:19.8,82,2
7115,4/17/2023 8:36:25.3,82,2
7115,4/17/2023 8:36:25.6,82,2
7115,4/17/2023 8:36:25.9,82,2
7115,4/17/2023 8:36:26.5,82,2
7115,4/17/2023 8:36:30.1,82,2
7115,4/17/2023 8:36:30.3,82,2
7115,4/17/2023 8:36:30.7,82,2
7115,4/17/2023 8:36:34.6,82,2
7115,4/17/2023 8:36:38.4,82,2
7115,4/17/2023 8:36:41.5,82,2
7115,4/17/2023 8:36:43.5,82,2
7115,4/17/2023 8:36:44.4,82,2
7115,4/17/2023 8:36:45.1,82,2
7115,4/17/2023 8:36:47.7,82,2
7115,4/17/2023 8:36:52.9,82,2
7115,4/17/2023 8:36:54.0,82,2
7115,4/17/2023 8:37:1.1,82,2
7115,4/17/2023 8:37:1.9,82,2
7115,4/17/2023 8:37:4.1,82,2
7115,4/17/2023 8:37:5.0,82,2
7115,4/17/2023 8:37:6.2,82,2
7115,4/17/2023 8:37:7.4,82,2
7115,4/17/2023 8:37:10.9,82,2
7115,4/17/2023 8:37:13.5,82,2
7115,4/17/2023 8:37:15.2,82,2
7115,4/17/2023 8:37:16.6,82,2
7115,4/17/2023 8:37:17.2,82,2
7115,4/17/2023 8:37:20.2,82,2
7115,4/17/2023 8:37:20.5,82,2
7115,4/17/2023 8:37:20.7,82,2
7115,4/17/2023 8:37:22.1,82,2
7115,4/17/2023 8:37:25.0,82,2
7115,4/17/2023 8:37:27.1,82,2
7115,4/17/2023 8:37:31.8,82,2
7115,4/17/2023 8:37:33.1,82,2
7115,4/17/2023 8:37:39.0,82,2
7115,4/17/2023 8:37:41.9,82,2
7115,4/17/2023 8:37:42.2,82,2
7115,4/17/2023 8:37:44.7,82,2
7115,4/17/2023 8:37:44.9,82,2
7115,4/17/2023 8:37:46.4,82,2
7115,4/17/2023 8:37:49.2,82,2
7115,4/17/2023 8:37:53.7,82,2
7115,4/17/2023 8:37:57.5,82,2
7115,4/17/2023 8:37:57.8,82,2
7115,4/17/2023 8:38:4.4,82,2
7115,4/17/2023 8:38:5.7,82,2
7115,4/17/2023 8:38:9.6,82,2
7115,4/17/2023 8:38:11.3,82,2
7115,4/17/2023 8:38:16.5,82,2
7115,4/17/2023 8:38:17.3,82,2
7115,4/17/2023 8:38:28.0,82,2
7115,4/17/2023 8:38:28.6,82,2
7115,4/17/2023 8:38:30.4,82,2
7115,4/17/2023 8:38:31.1,82,2
7115,4/17/2023 8:38:32.9,82,2
7115,4/17/2023 8:38:33.8,82,2
7115,4/17/2023 8:38:34.2,82,2
7115,4/17/2023 8:38:34.9,82,2
7115,4/17/2023 8:38:36.5,82,2
7115,4/17/2023 8:38:37.3,82,2
7115,4/17/2023 8:38:37.8,82,2
7115,4/17/2023 8:38:40.2,82,2
7115,4/17/2023 8:38:41.6,82,2
7115,4/17/2023 8:38:42.1,82,2
7115,4/17/2023 8:38:43.8,82,2
7115,4/17/2023 8:38:45.6,82,2
7115,4/17/2023 8:38:45.9,82,2
7115,4/17/2023 8:38:46.9,82,2
7115,4/17/2023 8:38:48.0,82,2
7115,4/17/2023 8:38:51.2,82,2
7115,4/17/2023 8:38:51.9,82,2
7115,4/17/2023 8:38:54.5,82,2
7115,4/17/2023 8:38:54.7,82,2
7115,4/17/2023 8:38:57.0,82,2
7115,4/17/2023 8:39:0.2,82,2
7115,4/17/2023 8:39:0.7,82,2
7115,4/17/2023 8:39:1.8,82,2
7115,4/17/2023 8:39:3.2,82,2
7115,4/17/2023 8:39:4.1,82,2
7115,4/17/2023 8:39:7.0,82,2
7115,4/17/2023 8:39:8.1,82,2
7115,4/17/2023 8:39:9.3,82,2
7115,4/17/2023 8:39:9.8,82,2
7115,4/17/2023 8:39:17.0,82,2
7115,4/17/2023 8:39:17.7,82,2
7115,4/17/2023 8:39:18.0,82,2
7115,4/17/2023 8:39:19.3,82,2
7115,4/17/2023 8:39:20.2,82,2
7115,4/17/2023 8:39:24.9,82,2
7115,4/17/2023 8:39:26.5,82,2
7115,4/17/2023 8:39:27.2,82,2
7115,4/17/2023 8:39:28.7,82,2
7115,4/17/2023 8:39:29.1,82,2
7115,4/17/2023 8:39:30.0,82,2
7115,4/17/2023 8:39:32.6,82,2
7115,4/17/2023 8:39:32.8,82,2
7115,4/17/2023 8:39:34.2,82,2
7115,4/17/2023 8:39:36.0,82,2
7115,4/17/2023 8:39:37.4,82,2
7115,4/17/2023 8:39:37.6,82,2
7115,4/17/2023 8:39:37.9,82,2
7115,4/17/2023 8:39:38.8,82,2
7115,4/17/2023 8:39:40.0,82,2
7115,4/17/2023 8:39:40.2,82,2
7115,4/17/2023 8:39:42.3,82,2
7115,4/17/2023 8:39:43.2,82,2
7115,4/17/2023 8:39:50.6,82,2
7115,4/17/2023 8:39:54.0,82,2
7115,4/17/2023 8:39:54.3,82,2
7115,4/17/2023 8:39:54.9,82,2
7115,4/17/2023 8:39:55.2,82,2
7115,4/17/2023 8:39:56.3,82,2
7115,4/17/2023 8:39:57.0,82,2
7115,4/17/2023 8:39:58.6,82,2
7115,4/17/2023 8:40:0.1,82,2
7115,4/17/2023 8:40:1.4,82,2
7115,4/17/2023 8:40:3.0,82,2
7115,4/17/2023 8:40:3.2,82,2
7115,4/17/2023 8:40:4.1,82,2
7115,4/17/2023 8:40:8.4,82,2
7115,4/17/2023 8:40:12.6,82,2
7115,4/17/2023 8:40:12.9,82,2
7115,4/17/2023 8:40:16.1,82,2
7115,4/17/2023 8:40:17.0,82,2
7115,4/17/2023 8:40:17.3,82,2
7115,4/17/2023 8:40:18.7,82,2
7115,4/17/2023 8:40:26.1,82,2
7115,4/17/2023 8:40:37.7,82,2
7115,4/17/2023 8:40:38.0,82,2
7115,4/17/2023 8:40:42.2,82,2
7115,4/17/2023 8:40:48.4,82,2
7115,4/17/2023 8:40:49.5,82,2
7115,4/17/2023 8:40:51.3,82,2
7115,4/17/2023 8:40:53.4,82,2
7115,4/17/2023 8:40:56.3,82,2
7115,4/17/2023 8:40:56.8,82,2
7115,4/17/2023 8:40:57.2,82,2
7115,4/17/2023 8:41:1.1,82,2
7115,4/17/2023 8:41:1.3,82,2
7115,4/17/2023 8:41:1.9,82,2
7115,4/17/2023 8:41:2.8,82,2
7115,4/17/2023 8:41:4.0,82,2
7115,4/17/2023 8:41:5.5,82,2
7115,4/17/2023 8:41:6.4,82,2
7115,4/17/2023 8:41:7.5,82,2
7115,4/17/2023 8:41:8.4,82,2
7115,4/17/2023 8:41:9.0,82,2
7115,4/17/2023 8:41:12.8,82,2
7115,4/17/2023 8:41:14.1,82,2
7115,4/17/2023 8:41:15.5,82,2
7115,4/17/2023 8:41:16.0,82,2
7115,4/17/2023 8:41:18.6,82,2
7115,4/17/2023 8:41:18.9,82,2
7115,4/17/2023 8:41:21.5,82,2
7115,4/17/2023 8:41:21.8,82,2
7115,4/17/2023 8:41:26.7,82,2
7115,4/17/2023 8:41:31.2,82,2
7115,4/17/2023 8:41:31.6,82,2
7115,4/17/2023 8:41:31.9,82,2
7115,4/17/2023 8:41:33.3,82,2
7115,4/17/2023 8:41:34.4,82,2
7115,4/17/2023 8:41:35.9,82,2
7115,4/17/2023 8:41:37.4,82,2
7115,4/17/2023 8:41:37.7,82,2
7115,4/17/2023 8:41:39.3,82,2
7115,4/17/2023 8:41:39.7,82,2
7115,4/17/2023 8:41:40.2,82,2
7115,4/17/2023 8:41:40.9,82,2
7115,4/17/2023 8:41:41.1,82,2
7115,4/17/2023 8:41:41.5,82,2
7115,4/17/2023 8:41:41.8,82,2
7115,4/17/2023 8:41:43.7,82,2
7115,4/17/2023 8:41:44.0,82,2
7115,4/17/2023 8:41:44.6,82,2
7115,4/17/2023 8:41:45.6,82,2
7115,4/17/2023 8:41:46.1,82,2
7115,4/17/2023 8:41:46.9,82,2
7115,4/17/2023 8:41:48.3,82,2
7115,4/17/2023 8:41:51.9,82,2
7115,4/17/2023 8:41:52.2,82,2
7115,4/17/2023 8:41:52.4,82,2
7115,4/17/2023 8:41:53.0,82,2
7115,4/17/2023 8:41:53.5,82,2
7115,4/17/2023 8:41:56.0,82,2
7115,4/17/2023 8:41:59.6,82,2
7115,4/17/2023 8:42:0.0,82,2
7115,4/17/2023 8:42:0.3,82,2
7115,4/17/2023 8:42:2.2,82,2
7115,4/17/2023 8:42:5.7,82,2
7115,4/17/2023 8:42:6.0,82,2
7115,4/17/2023 8:42:9.5,82,2
7115,4/17/2023 8:42:13.5,82,2
7115,4/17/2023 8:42:15.3,82,2
7115,4/17/2023 8:42:17.1,82,2
7115,4/17/2023 8:42:17.7,82,2
7115,4/17/2023 8:42:19.7,82,2
7115,4/17/2023 8:42:21.2,82,2
7115,4/17/2023 8:42:22.5,82,2
7115,4/17/2023 8:42:23.8,82,2
7115,4/17/2023 8:42:24.6,82,2
7115,4/17/2023 8:42:25.9,82,2
7115,4/17/2023 8:42:26.1,82,2
7115,4/17/2023 8:42:28.2,82,2
7115,4/17/2023 8:42:31.3,82,2
7115,4/17/2023 8:42:33.3,82,2
7115,4/17/2023 8:42:34.1,82,2
7115,4/17/2023 8:42:36.4,82,2
7115,4/17/2023 8:42:38.7,82,2
7115,4/17/2023 8:42:40.7,82,2
7115,4/17/2023 8:42:41.0,82,2
7115,4/17/2023 8:42:42.0,82,2
7115,4/17/2023 8:42:43.2,82,2
7115,4/17/2023 8:42:44.6,82,2
7115,4/17/2023 8:42:45.0,82,2
7115,4/17/2023 8:42:45.8,82,2
7115,4/17/2023 8:42:46.3,82,2
7115,4/17/2023 8:42:47.4,82,2
7115,4/17/2023 8:42:48.9,82,2
7115,4/17/2023 8:42:50.2,82,2
7115,4/17/2023 8:42:51.7,82,2
7115,4/17/2023 8:42:53.2,82,2
7115,4/17/2023 8:42:54.1,82,2
7115,4/17/2023 8:42:55.3,82,2
7115,4/17/2023 8:42:59.1,82,2
7115,4/17/2023 8:42:59.5,82,2
7115,4/17/2023 8:43:1.8,82,2
7115,4/17/2023 8:43:4.5,82,2
7115,4/17/2023 8:43:6.2,82,2
7115,4/17/2023 8:43:7.9,82,2
7115,4/17/2023 8:43:11.4,82,2
7115,4/17/2023 8:43:13.3,82,2
7115,4/17/2023 8:43:15.4,82,2
7115,4/17/2023 8:43:19.2,82,2
7115,4/17/2023 8:43:20.2,82,2
7115,4/17/2023 8:43:21.0,82,2
7115,4/17/2023 8:43:22.2,82,2
7115,4/17/2023 8:43:23.1,82,2
7115,4/17/2023 8:43:24.4,82,2
7115,4/17/2023 8:43:26.2,82,2
7115,4/17/2023 8:43:26.4,82,2
7115,4/17/2023 8:43:28.0,82,2
7115,4/17/2023 8:43:33.9,82,2
7115,4/17/2023 8:43:34.2,82,2
7115,4/17/2023 8:43:35.3,82,2
7115,4/17/2023 8:43:38.7,82,2
7115,4/17/2023 8:43:39.2,82,2
7115,4/17/2023 8:43:43.9,82,2
7115,4/17/2023 8:43:44.1,82,2
7115,4/17/2023 8:43:45.0,82,2
7115,4/17/2023 8:43:45.8,82,2
7115,4/17/2023 8:43:49.1,82,2
7115,4/17/2023 8:43:52.8,82,2
7115,4/17/2023 8:43:53.6,82,2
7115,4/17/2023 8:43:54.9,82,2
7115,4/17/2023 8:43:57.0,82,2
7115,4/17/2023 8:43:58.4,82,2
7115,4/17/2023 8:43:59.9,82,2
7115,4/17/2023 8:44:2.2,82,2
7115,4/17/2023 8:44:4.0,82,2
7115,4/17/2023 8:44:6.1,82,2
7115,4/17/2023 8:44:9.9,82,2
7115,4/17/2023 8:44:10.1,82,2
7115,4/17/2023 8:44:12.0,82,2
7115,4/17/2023 8:44:12.5,82,2
7115,4/17/2023 8:44:12.7,82,2
7115,4/17/2023 8:44:13.9,82,2
7115,4/17/2023 8:44:20.1,82,2
7115,4/17/2023 8:44:20.9,82,2
7115,4/17/2023 8:44:24.4,82,2
7115,4/17/2023 8:44:24.7,82,2
7115,4/17/2023 8:44:27.3,82,2
7115,4/17/2023 8:44:27.5,82,2
7115,4/17/2023 8:44:30.1,82,2
7115,4/17/2023 8:44:30.7,82,2
7115,4/17/2023 8:44:48.9,82,2
7115,4/17/2023 8:44:49.1,82,2
7115,4/17/2023 8:44:54.7,82,2
7115,4/17/2023 8:44:55.0,82,2
7115,4/17/2023 8:44:56.3,82,2
7115,4/17/2023 8:45:3.3,82,2
7115,4/17/2023 8:45:5.4,82,2
7115,4/17/2023 8:45:6.4,82,2
7115,4/17/2023 8:45:7.2,82,2
7115,4/17/2023 8:45:8.5,82,2
7115,4/17/2023 8:45:10.5,82,2
7115,4/17/2023 8:45:12.5,82,2
7115,4/17/2023 8:45:12.8,82,2
7115,4/17/2023 8:45:13.7,82,2
7115,4/17/2023 8:45:15.9,82,2
7115,4/17/2023 8:45:17.3,82,2
7115,4/17/2023 8:45:19.4,82,2
7115,4/17/2023 8:45:20.6,82,2
7115,4/17/2023 8:45:20.9,82,2
7115,4/17/2023 8:45:28.0,82,2
7115,4/17/2023 8:45:28.9,82,2
7115,4/17/2023 8:45:30.2,82,2
7115,4/17/2023 8:45:37.2,82,2
7115,4/17/2023 8:45:37.7,82,2
7115,4/17/2023 8:45:40.9,82,2
7115,4/17/2023 8:45:47.1,82,2
7115,4/17/2023 8:45:52.3,82,2
7115,4/17/2023 8:45:52.7,82,2
7115,4/17/2023 8:45:53.1,82,2
7115,4/17/2023 8:45:54.3,82,2
7115,4/17/2023 8:45:55.3,82,2
7115,4/17/2023 8:45:59.0,82,2
7115,4/17/2023 8:45:59.3,82,2
7115,4/17/2023 8:46:2.1,82,2
7115,4/17/2023 8:46:3.6,82,2
7115,4/17/2023 8:46:5.2,82,2
7115,4/17/2023 8:46:5.5,82,2
7115,4/17/2023 8:46:6.5,82,2
7115,4/17/2023 8:46:7.3,82,2
7115,4/17/2023 8:46:10.1,82,2
7115,4/17/2023 8:46:12.6,82,2
7115,4/17/2023 8:46:15.9,82,2
7115,4/17/2023 8:46:19.1,82,2
7115,4/17/2023 8:46:20.4,82,2
7115,4/17/2023 8:46:22.0,82,2
7115,4/17/2023 8:46:23.7,82,2
7115,4/17/2023 8:46:25.6,82,2
7115,4/17/2023 8:46:26.3,82,2
7115,4/17/2023 8:46:31.3,82,2
7115,4/17/2023 8:46:36.7,82,2
7115,4/17/2023 8:46:37.2,82,2
7115,4/17/2023 8:46:38.4,82,2
7115,4/17/2023 8:46:40.8,82,2
7115,4/17/2023 8:46:42.8,82,2
7115,4/17/2023 8:46:45.5,82,2
7115,4/17/2023 8:46:46.5,82,2
7115,4/17/2023 8:46:47.6,82,2
7115,4/17/2023 8:46:55.4,82,2
7115,4/17/2023 8:46:56.8,82,2
7115,4/17/2023 8:46:57.7,82,2
7115,4/17/2023 8:46:58.4,82,2
7115,4/17/2023 8:46:58.6,82,2
7115,4/17/2023 8:47:1.4,82,2
7115,4/17/2023 8:47:4.0,82,2
7115,4/17/2023 8:47:4.6,82,2
7115,4/17/2023 8:47:6.0,82,2
7115,4/17/2023 8:47:7.9,82,2
7115,4/17/2023 8:47:14.4,82,2
7115,4/17/2023 8:47:22.0,82,2
7115,4/17/2023 8:47:23.8,82,2
7115,4/17/2023 8:47:24.1,82,2
7115,4/17/2023 8:47:25.1,82,2
7115,4/17/2023 8:47:27.7,82,2
7115,4/17/2023 8:47:32.9,82,2
7115,4/17/2023 8:47:34.2,82,2
7115,4/17/2023 8:47:34.9,82,2
7115,4/17/2023 8:47:37.9,82,2
7115,4/17/2023 8:47:39.0,82,2
7115,4/17/2023 8:47:41.5,82,2
7115,4/17/2023 8:47:42.3,82,2
7115,4/17/2023 8:47:43.9,82,2
7115,4/17/2023 8:47:44.4,82,2
7115,4/17/2023 8:47:47.6,82,2
7115,4/17/2023 8:47:48.9,82,2
7115,4/17/2023 8:47:49.4,82,2
7115,4/17/2023 8:47:50.3,82,2
7115,4/17/2023 8:47:52.6,82,2
7115,4/17/2023 8:47:57.8,82,2
7115,4/17/2023 8:48:1.5,82,2
7115,4/17/2023 8:48:2.6,82,2
7115,4/17/2023 8:48:4.7,82,2
7115,4/17/2023 8:48:6.3,82,2
7115,4/17/2023 8:48:8.0,82,2
7115,4/17/2023 8:48:8.9,82,2
7115,4/17/2023 8:48:9.5,82,2
7115,4/17/2023 8:48:11.0,82,2
7115,4/17/2023 8:48:11.3,82,2
7115,4/17/2023 8:48:12.3,82,2
7115,4/17/2023 8:48:12.7,82,2
7115,4/17/2023 8:48:17.8,82,2
7115,4/17/2023 8:48:18.0,82,2
7115,4/17/2023 8:48:18.3,82,2
7115,4/17/2023 8:48:21.9,82,2
7115,4/17/2023 8:48:23.9,82,2
7115,4/17/2023 8:48:24.8,82,2
7115,4/17/2023 8:48:25.1,82,2
7115,4/17/2023 8:48:25.4,82,2
7115,4/17/2023 8:48:25.8,82,2
7115,4/17/2023 8:48:28.3,82,2
7115,4/17/2023 8:48:30.4,82,2
7115,4/17/2023 8:48:30.8,82,2
7115,4/17/2023 8:48:31.9,82,2
7115,4/17/2023 8:48:35.6,82,2
7115,4/17/2023 8:48:36.5,82,2
7115,4/17/2023 8:48:37.4,82,2
7115,4/17/2023 8:48:39.2,82,2
7115,4/17/2023 8:48:39.9,82,2
7115,4/17/2023 8:48:40.8,82,2
7115,4/17/2023 8:48:42.1,82,2
7115,4/17/2023 8:48:42.3,82,2
7115,4/17/2023 8:48:45.6,82,2
7115,4/17/2023 8:48:46.8,82,2
7115,4/17/2023 8:48:47.0,82,2
7115,4/17/2023 8:48:47.8,82,2
7115,4/17/2023 8:48:48.7,82,2
7115,4/17/2023 8:48:49.4,82,2
7115,4/17/2023 8:48:49.6,82,2
7115,4/17/2023 8:48:52.7,82,2
7115,4/17/2023 8:48:54.1,82,2
7115,4/17/2023 8:48:57.8,82,2
7115,4/17/2023 8:48:58.1,82,2
7115,4/17/2023 8:48:59.0,82,2
7115,4/17/2023 8:49:0.9,82,2
7115,4/17/2023 8:49:2.2,82,2
7115,4/17/2023 8:49:3.3,82,2
7115,4/17/2023 8:49:5.2,82,2
7115,4/17/2023 8:49:5.5,82,2
7115,4/17/2023 8:49:6.1,82,2
7115,4/17/2023 8:49:6.4,82,2
7115,4/17/2023 8:49:6.7,82,2
7115,4/17/2023 8:49:7.4,82,2
7115,4/17/2023 8:49:8.5,82,2
7115,4/17/2023 8:49:9.0,82,2
7115,4/17/2023 8:49:9.2,82,2
7115,4/17/2023 8:49:9.5,82,2
7115,4/17/2023 8:49:10.0,82,2
7115,4/17/2023 8:49:11.5,82,2
7115,4/17/2023 8:49:14.3,82,2
7115,4/17/2023 8:49:15.6,82,2
7115,4/17/2023 8:49:20.2,82,2
7115,4/17/2023 8:49:22.0,82,2
7115,4/17/2023 8:49:24.3,82,2
7115,4/17/2023 8:49:29.3,82,2
7115,4/17/2023 8:49:30.4,82,2
7115,4/17/2023 8:49:34.0,82,2
7115,4/17/2023 8:49:34.6,82,2
7115,4/17/2023 8:49:40.5,82,2
7115,4/17/2023 8:49:41.0,82,2
7115,4/17/2023 8:49:42.7,82,2
7115,4/17/2023 8:49:46.0,82,2
7115,4/17/2023 8:49:46.6,82,2
7115,4/17/2023 8:49:49.6,82,2
7115,4/17/2023 8:49:52.8,82,2
7115,4/17/2023 8:50:4.0,82,2
7115,4/17/2023 8:50:4.4,82,2
7115,4/17/2023 8:50:8.0,82,2
7115,4/17/2023 8:50:12.0,82,2
7115,4/17/2023 8:50:12.3,82,2
7115,4/17/2023 8:50:12.8,82,2
7115,4/17/2023 8:50:13.6,82,2
7115,4/17/2023 8:50:14.1,82,2
7115,4/17/2023 8:50:16.6,82,2
7115,4/17/2023 8:50:16.9,82,2
7115,4/17/2023 8:50:17.1,82,2
7115,4/17/2023 8:50:18.0,82,2
7115,4/17/2023 8:50:19.3,82,2
7115,4/17/2023 8:50:22.8,82,2
7115,4/17/2023 8:50:25.8,82,2
7115,4/17/2023 8:50:26.3,82,2
7115,4/17/2023 8:50:26.9,82,2
7115,4/17/2023 8:50:28.2,82,2
7115,4/17/2023 8:50:29.5,82,2
7115,4/17/2023 8:50:29.7,82,2
7115,4/17/2023 8:50:32.8,82,2
7115,4/17/2023 8:50:33.1,82,2
7115,4/17/2023 8:50:33.7,82,2
7115,4/17/2023 8:50:36.2,82,2
7115,4/17/2023 8:50:37.4,82,2
7115,4/17/2023 8:50:41.4,82,2
7115,4/17/2023 8:50:42.6,82,2
7115,4/17/2023 8:50:43.2,82,2
7115,4/17/2023 8:50:43.5,82,2
7115,4/17/2023 8:50:43.7,82,2
7115,4/17/2023 8:50:44.8,82,2
7115,4/17/2023 8:50:46.4,82,2
7115,4/17/2023 8:50:47.1,82,2
7115,4/17/2023 8:50:47.4,82,2
7115,4/17/2023 8:50:48.4,82,2
7115,4/17/2023 8:50:49.9,82,2
7115,4/17/2023 8:50:50.5,82,2
7115,4/17/2023 8:50:51.0,82,2
7115,4/17/2023 8:50:53.1,82,2
7115,4/17/2023 8:50:54.8,82,2
7115,4/17/2023 8:50:58.3,82,2
7115,4/17/2023 8:51:1.7,82,2
7115,4/17/2023 8:51:6.2,82,2
7115,4/17/2023 8:51:8.7,82,2
7115,4/17/2023 8:51:9.6,82,2
7115,4/17/2023 8:51:12.0,82,2
7115,4/17/2023 8:51:12.2,82,2
7115,4/17/2023 8:51:12.5,82,2
7115,4/17/2023 8:51:12.7,82,2
7115,4/17/2023 8:51:15.4,82,2
7115,4/17/2023 8:51:15.8,82,2
7115,4/17/2023 8:51:16.0,82,2
7115,4/17/2023 8:51:16.3,82,2
7115,4/17/2023 8:51:17.2,82,2
7115,4/17/2023 8:51:17.9,82,2
7115,4/17/2023 8:51:19.5,82,2
7115,4/17/2023 8:51:21.3,82,2
7115,4/17/2023 8:51:22.5,82,2
7115,4/17/2023 8:51:22.7,82,2
7115,4/17/2023 8:51:23.0,82,2
7115,4/17/2023 8:51:25.2,82,2
7115,4/17/2023 8:51:25.7,82,2
7115,4/17/2023 8:51:26.0,82,2
7115,4/17/2023 8:51:27.6,82,2
7115,4/17/2023 8:51:28.9,82,2
7115,4/17/2023 8:51:29.1,82,2
7115,4/17/2023 8:51:32.4,82,2
7115,4/17/2023 8:51:33.3,82,2
7115,4/17/2023 8:51:35.1,82,2
7115,4/17/2023 8:51:35.4,82,2
7115,4/17/2023 8:51:41.6,82,2
7115,4/17/2023 8:51:42.5,82,2
7115,4/17/2023 8:51:43.6,82,2
7115,4/17/2023 8:51:44.6,82,2
7115,4/17/2023 8:51:44.9,82,2
7115,4/17/2023 8:51:45.2,82,2
7115,4/17/2023 8:51:45.5,82,2
7115,4/17/2023 8:51:46.6,82,2
7115,4/17/2023 8:51:46.8,82,2
7115,4/17/2023 8:51:48.5,82,2
7115,4/17/2023 8:51:51.7,82,2
7115,4/17/2023 8:51:54.2,82,2
7115,4/17/2023 8:51:54.5,82,2
7115,4/17/2023 8:51:55.5,82,2
7115,4/17/2023 8:51:56.4,82,2
7115,4/17/2023 8:51:57.0,82,2
7115,4/17/2023 8:51:57.6,82,2
7115,4/17/2023 8:51:58.4,82,2
7115,4/17/2023 8:51:59.2,82,2
7115,4/17/2023 8:52:0.3,82,2
7115,4/17/2023 8:52:1.9,82,2
7115,4/17/2023 8:52:2.4,82,2
7115,4/17/2023 8:52:3.6,82,2
7115,4/17/2023 8:52:4.7,82,2
7115,4/17/2023 8:52:7.1,82,2
7115,4/17/2023 8:52:7.3,82,2
7115,4/17/2023 8:52:7.6,82,2
7115,4/17/2023 8:52:8.9,82,2
7115,4/17/2023 8:52:9.7,82,2
7115,4/17/2023 8:52:10.0,82,2
7115,4/17/2023 8:52:15.0,82,2
7115,4/17/2023 8:52:15.5,82,2
7115,4/17/2023 8:52:16.3,82,2
7115,4/17/2023 8:52:17.7,82,2
7115,4/17/2023 8:52:19.3,82,2
7115,4/17/2023 8:52:21.0,82,2
7115,4/17/2023 8:52:24.1,82,2
7115,4/17/2023 8:52:24.8,82,2
7115,4/17/2023 8:52:25.0,82,2
7115,4/17/2023 8:52:25.9,82,2
7115,4/17/2023 8:52:27.9,82,2
7115,4/17/2023 8:52:29.6,82,2
7115,4/17/2023 8:52:30.0,82,2
7115,4/17/2023 8:52:36.2,82,2
7115,4/17/2023 8:52:36.5,82,2
7115,4/17/2023 8:52:37.0,82,2
7115,4/17/2023 8:52:38.6,82,2
7115,4/17/2023 8:52:39.6,82,2
7115,4/17/2023 8:52:41.9,82,2
7115,4/17/2023 8:52:43.1,82,2
7115,4/17/2023 8:52:45.1,82,2
7115,4/17/2023 8:52:45.3,82,2
7115,4/17/2023 8:52:49.2,82,2
7115,4/17/2023 8:52:50.7,82,2
7115,4/17/2023 8:52:51.7,82,2
7115,4/17/2023 8:52:52.2,82,2
7115,4/17/2023 8:52:57.1,82,2
7115,4/17/2023 8:52:58.1,82,2
7115,4/17/2023 8:52:58.6,82,2
7115,4/17/2023 8:52:59.9,82,2
7115,4/17/2023 8:53:0.9,82,2
7115,4/17/2023 8:53:2.3,82,2
7115,4/17/2023 8:53:3.0,82,2
7115,4/17/2023 8:53:3.8,82,2
7115,4/17/2023 8:53:5.2,82,2
7115,4/17/2023 8:53:6.1,82,2
7115,4/17/2023 8:53:6.9,82,2
7115,4/17/2023 8:53:9.5,82,2
7115,4/17/2023 8:53:11.2,82,2
7115,4/17/2023 8:53:13.0,82,2
7115,4/17/2023 8:53:13.9,82,2
7115,4/17/2023 8:53:14.3,82,2
7115,4/17/2023 8:53:17.4,82,2
7115,4/17/2023 8:53:24.2,82,2
7115,4/17/2023 8:53:26.8,82,2
7115,4/17/2023 8:53:27.9,82,2
7115,4/17/2023 8:53:28.3,82,2
7115,4/17/2023 8:53:30.0,82,2
7115,4/17/2023 8:53:30.3,82,2
7115,4/17/2023 8:53:31.6,82,2
7115,4/17/2023 8:53:34.4,82,2
7115,4/17/2023 8:53:35.1,82,2
7115,4/17/2023 8:53:36.3,82,2
7115,4/17/2023 8:53:38.0,82,2
7115,4/17/2023 8:53:38.2,82,2
7115,4/17/2023 8:53:40.0,82,2
7115,4/17/2023 8:53:41.2,82,2
7115,4/17/2023 8:53:42.7,82,2
7115,4/17/2023 8:53:45.2,82,2
7115,4/17/2023 8:53:49.3,82,2
7115,4/17/2023 8:53:49.5,82,2
7115,4/17/2023 8:53:50.3,82,2
7115,4/17/2023 8:53:51.0,82,2
7115,4/17/2023 8:53:53.4,82,2
7115,4/17/2023 8:53:53.7,82,2
7115,4/17/2023 8:53:55.0,82,2
7115,4/17/2023 8:53:55.9,82,2
7115,4/17/2023 8:53:58.9,82,2
7115,4/17/2023 8:53:59.1,82,2
7115,4/17/2023 8:53:59.4,82,2
7115,4/17/2023 8:54:2.5,82,2
7115,4/17/2023 8:54:3.6,82,2
7115,4/17/2023 8:54:3.8,82,2
7115,4/17/2023 8:54:8.0,82,2
7115,4/17/2023 8:54:10.6,82,2
7115,4/17/2023 8:54:11.7,82,2
7115,4/17/2023 8:54:15.3,82,2
7115,4/17/2023 8:54:17.0,82,2
7115,4/17/2023 8:54:17.2,82,2
7115,4/17/2023 8:54:17.5,82,2
7115,4/17/2023 8:54:18.5,82,2
7115,4/17/2023 8:54:19.4,82,2
7115,4/17/2023 8:54:26.1,82,2
7115,4/17/2023 8:54:26.3,82,2
7115,4/17/2023 8:54:29.0,82,2
7115,4/17/2023 8:54:34.9,82,2
7115,4/17/2023 8:54:35.7,82,2
7115,4/17/2023 8:54:36.2,82,2
7115,4/17/2023 8:54:48.3,82,2
7115,4/17/2023 8:54:54.4,82,2
7115,4/17/2023 8:54:56.1,82,2
7115,4/17/2023 8:54:59.6,82,2
7115,4/17/2023 8:54:59.8,82,2
7115,4/17/2023 8:55:0.6,82,2
7115,4/17/2023 8:55:5.0,82,2
7115,4/17/2023 8:55:5.3,82,2
7115,4/17/2023 8:55:9.3,82,2
7115,4/17/2023 8:55:14.9,82,2
7115,4/17/2023 8:55:17.9,82,2
7115,4/17/2023 8:55:20.1,82,2
7115,4/17/2023 8:55:24.3,82,2
7115,4/17/2023 8:55:24.5,82,2
7115,4/17/2023 8:55:25.2,82,2
7115,4/17/2023 8:55:26.5,82,2
7115,4/17/2023 8:55:32.2,82,2
7115,4/17/2023 8:55:33.0,82,2
7115,4/17/2023 8:55:37.8,82,2
7115,4/17/2023 8:55:38.8,82,2
7115,4/17/2023 8:55:41.2,82,2
7115,4/17/2023 8:55:42.9,82,2
7115,4/17/2023 8:55:43.5,82,2
7115,4/17/2023 8:55:43.9,82,2
7115,4/17/2023 8:55:45.6,82,2
7115,4/17/2023 8:55:46.2,82,2
7115,4/17/2023 8:55:47.1,82,2
7115,4/17/2023 8:55:47.6,82,2
7115,4/17/2023 8:55:49.7,82,2
7115,4/17/2023 8:55:53.8,82,2
7115,4/17/2023 8:55:55.1,82,2
7115,4/17/2023 8:55:55.6,82,2
7115,4/17/2023 8:55:59.4,82,2
7115,4/17/2023 8:55:59.6,82,2
7115,4/17/2023 8:56:0.1,82,2
7115,4/17/2023 8:56:0.4,82,2
7115,4/17/2023 8:56:1.6,82,2
7115,4/17/2023 8:56:2.4,82,2
7115,4/17/2023 8:56:5.5,82,2
7115,4/17/2023 8:56:6.4,82,2
7115,4/17/2023 8:56:6.7,82,2
7115,4/17/2023 8:56:7.6,82,2
7115,4/17/2023 8:56:11.3,82,2
7115,4/17/2023 8:56:12.6,82,2
7115,4/17/2023 8:56:22.9,82,2
7115,4/17/2023 8:56:25.7,82,2
7115,4/17/2023 8:56:27.7,82,2
7115,4/17/2023 8:56:29.4,82,2
7115,4/17/2023 8:56:31.1,82,2
7115,4/17/2023 8:56:35.6,82,2
7115,4/17/2023 8:56:35.9,82,2
7115,4/17/2023 8:56:39.0,82,2
7115,4/17/2023 8:56:41.9,82,2
7115,4/17/2023 8:56:42.5,82,2
7115,4/17/2023 8:56:44.5,82,2
7115,4/17/2023 8:56:45.1,82,2
7115,4/17/2023 8:56:49.3,82,2
7115,4/17/2023 8:56:53.3,82,2
7115,4/17/2023 8:56:53.8,82,2
7115,4/17/2023 8:56:55.3,82,2
7115,4/17/2023 8:56:58.8,82,2
7115,4/17/2023 8:57:2.0,82,2
7115,4/17/2023 8:57:4.2,82,2
7115,4/17/2023 8:57:13.5,82,2
7115,4/17/2023 8:57:15.7,82,2
7115,4/17/2023 8:57:17.4,82,2
7115,4/17/2023 8:57:17.9,82,2
7115,4/17/2023 8:57:18.7,82,2
7115,4/17/2023 8:57:20.1,82,2
7115,4/17/2023 8:57:20.6,82,2
7115,4/17/2023 8:57:22.7,82,2
7115,4/17/2023 8:57:23.0,82,2
7115,4/17/2023 8:57:25.9,82,2
7115,4/17/2023 8:57:30.2,82,2
7115,4/17/2023 8:57:30.9,82,2
7115,4/17/2023 8:57:33.1,82,2
7115,4/17/2023 8:57:33.3,82,2
7115,4/17/2023 8:57:33.7,82,2
7115,4/17/2023 8:57:35.8,82,2
7115,4/17/2023 8:57:36.7,82,2
7115,4/17/2023 8:57:44.3,82,2
7115,4/17/2023 8:57:45.8,82,2
7115,4/17/2023 8:57:46.4,82,2
7115,4/17/2023 8:57:46.6,82,2
7115,4/17/2023 8:57:47.7,82,2
7115,4/17/2023 8:57:49.2,82,2
7115,4/17/2023 8:58:12.7,82,2
7115,4/17/2023 8:58:13.0,82,2
7115,4/17/2023 8:58:13.3,82,2
7115,4/17/2023 8:58:13.9,82,2
7115,4/17/2023 8:58:14.2,82,2
7115,4/17/2023 8:58:20.8,82,2
7115,4/17/2023 8:58:22.1,82,2
7115,4/17/2023 8:58:22.4,82,2
7115,4/17/2023 8:58:23.9,82,2
7115,4/17/2023 8:58:25.1,82,2
7115,4/17/2023 8:58:30.4,82,2
7115,4/17/2023 8:58:30.7,82,2
7115,4/17/2023 8:58:32.0,82,2
7115,4/17/2023 8:58:32.9,82,2
7115,4/17/2023 8:58:38.1,82,2
7115,4/17/2023 8:58:41.7,82,2
7115,4/17/2023 8:58:44.2,82,2
7115,4/17/2023 8:58:44.6,82,2
7115,4/17/2023 8:58:45.1,82,2
7115,4/17/2023 8:58:49.8,82,2
7115,4/17/2023 8:58:51.7,82,2
7115,4/17/2023 8:58:53.7,82,2
7115,4/17/2023 8:58:54.5,82,2
7115,4/17/2023 8:58:55.0,82,2
7115,4/17/2023 8:58:56.7,82,2
7115,4/17/2023 8:58:57.5,82,2
7115,4/17/2023 8:58:58.1,82,2
7115,4/17/2023 8:58:58.4,82,2
7115,4/17/2023 8:58:59.4,82,2
7115,4/17/2023 8:59:1.9,82,2
7115,4/17/2023 8:59:2.1,82,2
7115,4/17/2023 8:59:4.7,82,2
7115,4/17/2023 8:59:5.3,82,2
7115,4/17/2023 8:59:5.5,82,2
7115,4/17/2023 8:59:8.0,82,2
7115,4/17/2023 8:59:8.9,82,2
7115,4/17/2023 8:59:9.9,82,2
7115,4/17/2023 8:59:10.6,82,2
7115,4/17/2023 8:59:12.5,82,2
7115,4/17/2023 8:59:13.4,82,2
7115,4/17/2023 8:59:16.7,82,2
7115,4/17/2023 8:59:20.0,82,2
7115,4/17/2023 8:59:22.5,82,2
7115,4/17/2023 8:59:24.4,82,2
7115,4/17/2023 8:59:24.8,82,2
7115,4/17/2023 8:59:27.1,82,2
7115,4/17/2023 8:59:32.6,82,2
7115,4/17/2023 8:59:33.2,82,2
7115,4/17/2023 8:59:34.9,82,2
7115,4/17/2023 8:59:35.3,82,2
7115,4/17/2023 8:59:36.7,82,2
7115,4/17/2023 8:59:39.5,82,2
7115,4/17/2023 8:59:45.1,82,2
7115,4/17/2023 8:59:55.3,82,2
7115,4/17/2023 8:59:59.9,82,2
7115,4/17/2023 9:00:4.9,82,2
7115,4/17/2023 9:00:5.3,82,2
7115,4/17/2023 9:00:6.2,82,2
7115,4/17/2023 9:00:9.2,82,2
7115,4/17/2023 9:00:10.8,82,2
7115,4/17/2023 9:00:12.0,82,2
7115,4/17/2023 9:00:13.4,82,2
7115,4/17/2023 9:00:16.8,82,2
7115,4/17/2023 9:00:17.7,82,2
7115,4/17/2023 9:00:29.3,82,2
7115,4/17/2023 9:00:31.7,82,2
7115,4/17/2023 9:00:38.9,82,2
7115,4/17/2023 9:00:41.0,82,2
7115,4/17/2023 9:00:41.2,82,2
7115,4/17/2023 9:00:41.6,82,2
7115,4/17/2023 9:00:46.7,82,2
7115,4/17/2023 9:00:47.0,82,2
7115,4/17/2023 9:00:47.2,82,2
7115,4/17/2023 9:00:50.2,82,2
7115,4/17/2023 9:00:50.5,82,2
7115,4/17/2023 9:00:53.1,82,2
7115,4/17/2023 9:00:53.3,82,2
7115,4/17/2023 9:00:53.7,82,2
7115,4/17/2023 9:00:54.9,82,2
7115,4/17/2023 9:00:55.5,82,2
7115,4/17/2023 9:00:58.7,82,2
