SignalIdentifier,EventCode,EventParam,Timestamp
7115,82,19,8/9/2023 15:00:33.0
7115,82,21,8/9/2023 15:00:35.8
7115,81,21,8/9/2023 15:01:11.6
7115,81,20,8/9/2023 15:01:14.3
7115,81,19,8/9/2023 15:01:15.1
7115,82,19,8/9/2023 15:01:18.4
7115,81,19,8/9/2023 15:01:20.5
7115,82,19,8/9/2023 15:01:27.9
7115,81,19,8/9/2023 15:02:15.0
7115,82,19,8/9/2023 15:02:15.7
7115,82,21,8/9/2023 15:02:30.2
7115,82,20,8/9/2023 15:02:41.9
7115,81,19,8/9/2023 15:03:31.3
7115,82,19,8/9/2023 15:03:32.6
7115,81,19,8/9/2023 15:03:41.3
7115,82,19,8/9/2023 15:03:49.2
7115,81,20,8/9/2023 15:03:53.1
7115,81,19,8/9/2023 15:03:53.9
7115,81,21,8/9/2023 15:03:54.9
7115,82,21,8/9/2023 15:03:55.1
7115,81,21,8/9/2023 15:03:57.1
7115,82,21,8/9/2023 15:04:02.9
7115,81,21,8/9/2023 15:04:07.1
7115,82,19,8/9/2023 15:04:27.4
7115,81,19,8/9/2023 15:04:29.6
7115,82,21,8/9/2023 15:04:56.3
7115,82,20,8/9/2023 15:05:07.9
7115,82,19,8/9/2023 15:05:43.7
7115,81,21,8/9/2023 15:06:20.8
7115,81,19,8/9/2023 15:06:21.3
7115,82,21,8/9/2023 15:06:23.6
7115,81,21,8/9/2023 15:06:25.5
7115,81,20,8/9/2023 15:06:31.2
7115,82,19,8/9/2023 15:06:43.0
7115,81,19,8/9/2023 15:06:44.5
7115,82,19,8/9/2023 15:07:42.9
7115,82,21,8/9/2023 15:07:48.2
7115,82,20,8/9/2023 15:07:50.0
7115,81,21,8/9/2023 15:07:53.0
7115,82,21,8/9/2023 15:08:49.5
7115,81,21,8/9/2023 15:08:52.2
7115,81,19,8/9/2023 15:08:52.5
7115,82,19,8/9/2023 15:08:52.8
7115,81,20,8/9/2023 15:08:54.1
7115,81,19,8/9/2023 15:08:55.1
7115,82,20,8/9/2023 15:10:11.9
7115,82,19,8/9/2023 15:11:01.7
7115,81,19,8/9/2023 15:11:03.6
7115,82,19,8/9/2023 15:11:04.3
7115,81,19,8/9/2023 15:11:22.2
7115,82,21,8/9/2023 15:11:23.5
7115,81,20,8/9/2023 15:11:24.5
7115,81,21,8/9/2023 15:11:25.5
7115,82,19,8/9/2023 15:11:26.6
7115,82,20,8/9/2023 15:11:27.7
7115,81,19,8/9/2023 15:11:29.8
7115,81,20,8/9/2023 15:11:32.4
7115,82,21,8/9/2023 15:12:23.0
7115,82,19,8/9/2023 15:12:52.2
7115,82,20,8/9/2023 15:13:53.3
7115,81,21,8/9/2023 15:13:53.6
7115,81,19,8/9/2023 15:13:54.4
7115,81,20,8/9/2023 15:13:55.5
7115,82,19,8/9/2023 15:13:57.0
7115,81,19,8/9/2023 15:13:58.5
7115,82,20,8/9/2023 15:14:06.7
7115,82,19,8/9/2023 15:14:07.6
7115,81,19,8/9/2023 15:14:08.9
7115,81,20,8/9/2023 15:14:09.4
7115,82,21,8/9/2023 15:15:12.1
7115,82,20,8/9/2023 15:15:20.1
7115,82,19,8/9/2023 15:16:00.0
7115,81,19,8/9/2023 15:16:22.8
7115,81,21,8/9/2023 15:16:24.0
7115,82,19,8/9/2023 15:16:24.0
7115,81,19,8/9/2023 15:16:25.5
7115,81,20,8/9/2023 15:16:25.6
7115,82,21,8/9/2023 15:16:57.4
7115,81,21,8/9/2023 15:17:16.3
7115,82,20,8/9/2023 15:17:17.4
7115,82,21,8/9/2023 15:17:41.3
7115,82,19,8/9/2023 15:17:57.4
7115,81,19,8/9/2023 15:17:59.3
7115,82,19,8/9/2023 15:18:38.1
7115,81,19,8/9/2023 15:18:38.5
7115,82,19,8/9/2023 15:18:47.6
7115,81,20,8/9/2023 15:18:53.7
7115,81,19,8/9/2023 15:18:54.2
7115,81,21,8/9/2023 15:18:54.2
7115,82,20,8/9/2023 15:19:04.4
7115,81,20,8/9/2023 15:19:06.4
7115,82,21,8/9/2023 15:19:58.9
7115,81,21,8/9/2023 15:20:00.1
7115,82,21,8/9/2023 15:20:01.3
7115,82,20,8/9/2023 15:20:17.2
7115,82,19,8/9/2023 15:20:17.7
7115,81,20,8/9/2023 15:21:18.7
7115,81,21,8/9/2023 15:21:20.0
7115,81,19,8/9/2023 15:21:21.5
7115,82,20,8/9/2023 15:21:32.7
7115,81,20,8/9/2023 15:21:33.0
7115,82,20,8/9/2023 15:21:37.6
7115,81,20,8/9/2023 15:21:38.6
7115,82,21,8/9/2023 15:22:34.1
7115,82,19,8/9/2023 15:22:56.2
7115,82,20,8/9/2023 15:22:58.0
7115,81,19,8/9/2023 15:23:42.9
7115,82,19,8/9/2023 15:23:43.7
7115,81,19,8/9/2023 15:23:50.0
7115,81,20,8/9/2023 15:23:51.8
7115,81,21,8/9/2023 15:23:51.8
7115,82,20,8/9/2023 15:24:12.8
7115,81,20,8/9/2023 15:24:14.1
7115,82,19,8/9/2023 15:24:25.7
7115,81,19,8/9/2023 15:24:26.7
7115,82,19,8/9/2023 15:25:16.6
7115,82,20,8/9/2023 15:25:21.8
7115,82,21,8/9/2023 15:26:16.1
7115,81,21,8/9/2023 15:26:21.6
7115,81,19,8/9/2023 15:26:23.0
7115,81,20,8/9/2023 15:26:23.8
7115,82,21,8/9/2023 15:26:27.9
7115,81,21,8/9/2023 15:26:29.7
7115,82,19,8/9/2023 15:26:30.6
7115,81,19,8/9/2023 15:26:31.8
7115,82,21,8/9/2023 15:27:05.6
7115,81,21,8/9/2023 15:27:07.1
7115,82,20,8/9/2023 15:27:27.9
7115,82,19,8/9/2023 15:27:29.6
7115,82,21,8/9/2023 15:28:10.1
7115,81,19,8/9/2023 15:28:11.3
7115,82,19,8/9/2023 15:28:30.8
7115,81,20,8/9/2023 15:28:51.9
7115,81,21,8/9/2023 15:28:51.9
7115,82,20,8/9/2023 15:28:52.1
7115,81,20,8/9/2023 15:28:52.5
7115,81,19,8/9/2023 15:28:53.0
7115,82,19,8/9/2023 15:28:53.7
7115,81,19,8/9/2023 15:28:55.3
7115,82,19,8/9/2023 15:29:02.6
7115,81,19,8/9/2023 15:29:03.8
7115,82,19,8/9/2023 15:29:19.5
7115,81,19,8/9/2023 15:29:20.7
7115,82,19,8/9/2023 15:29:54.3
7115,82,20,8/9/2023 15:30:04.6
7115,82,21,8/9/2023 15:30:11.5
7115,81,19,8/9/2023 15:31:02.8
7115,82,19,8/9/2023 15:31:09.7
7115,81,19,8/9/2023 15:31:10.4
7115,82,19,8/9/2023 15:31:20.9
7115,81,21,8/9/2023 15:31:21.9
7115,82,21,8/9/2023 15:31:22.5
7115,81,20,8/9/2023 15:31:23.9
7115,81,19,8/9/2023 15:31:24.2
7115,81,21,8/9/2023 15:31:24.9
7115,82,19,8/9/2023 15:31:25.5
7115,82,21,8/9/2023 15:31:25.6
7115,81,19,8/9/2023 15:31:26.9
7115,81,21,8/9/2023 15:31:27.8
7115,82,19,8/9/2023 15:31:31.7
7115,81,19,8/9/2023 15:31:32.9
7115,82,21,8/9/2023 15:31:34.0
7115,81,21,8/9/2023 15:31:36.7
7115,82,19,8/9/2023 15:31:38.9
7115,81,19,8/9/2023 15:31:41.3
7115,82,19,8/9/2023 15:32:36.2
7115,82,20,8/9/2023 15:32:43.9
7115,82,21,8/9/2023 15:33:54.5
7115,81,20,8/9/2023 15:33:54.6
7115,82,20,8/9/2023 15:33:55.3
7115,81,20,8/9/2023 15:33:56.2
7115,81,21,8/9/2023 15:33:56.3
7115,81,19,8/9/2023 15:33:57.0
7115,82,19,8/9/2023 15:33:59.1
7115,81,19,8/9/2023 15:34:00.3
7115,82,20,8/9/2023 15:34:09.8
7115,82,19,8/9/2023 15:34:10.0
7115,81,19,8/9/2023 15:34:11.2
7115,82,21,8/9/2023 15:34:11.8
7115,81,21,8/9/2023 15:34:12.1
7115,81,20,8/9/2023 15:34:13.7
7115,82,20,8/9/2023 15:34:23.2
7115,81,20,8/9/2023 15:34:24.3
7115,82,20,8/9/2023 15:34:58.2
7115,82,21,8/9/2023 15:35:01.6
7115,81,20,8/9/2023 15:35:01.7
7115,82,20,8/9/2023 15:35:04.3
7115,82,19,8/9/2023 15:35:14.0
7115,81,21,8/9/2023 15:36:19.3
7115,82,21,8/9/2023 15:36:20.7
7115,81,19,8/9/2023 15:36:23.0
7115,81,20,8/9/2023 15:36:24.4
7115,82,19,8/9/2023 15:36:24.6
7115,81,21,8/9/2023 15:36:25.3
7115,81,19,8/9/2023 15:36:25.9
7115,82,19,8/9/2023 15:36:26.9
7115,81,19,8/9/2023 15:36:28.1
7115,82,20,8/9/2023 15:37:35.7
7115,82,19,8/9/2023 15:37:51.5
7115,82,21,8/9/2023 15:38:12.4
7115,81,19,8/9/2023 15:38:31.4
7115,82,19,8/9/2023 15:38:44.4
7115,81,19,8/9/2023 15:38:51.3
7115,81,21,8/9/2023 15:38:52.3
7115,81,20,8/9/2023 15:38:53.8
7115,82,20,8/9/2023 15:39:28.2
7115,81,20,8/9/2023 15:39:29.0
7115,82,19,8/9/2023 15:39:30.4
7115,82,21,8/9/2023 15:39:30.7
7115,81,19,8/9/2023 15:39:31.5
7115,81,21,8/9/2023 15:39:32.3
7115,82,19,8/9/2023 15:40:13.4
7115,82,21,8/9/2023 15:40:16.6
7115,82,20,8/9/2023 15:41:00.4
7115,81,21,8/9/2023 15:41:21.7
7115,81,20,8/9/2023 15:41:23.2
7115,81,19,8/9/2023 15:41:24.2
7115,82,19,8/9/2023 15:41:30.8
7115,81,19,8/9/2023 15:41:32.2
7115,82,19,8/9/2023 15:41:32.7
7115,81,19,8/9/2023 15:41:34.7
7115,82,21,8/9/2023 15:42:29.2
7115,82,19,8/9/2023 15:43:08.3
7115,81,19,8/9/2023 15:43:09.5
7115,82,19,8/9/2023 15:43:11.9
7115,81,21,8/9/2023 15:43:51.6
7115,81,19,8/9/2023 15:43:54.7
7115,82,19,8/9/2023 15:43:56.8
7115,82,21,8/9/2023 15:43:57.2
7115,81,21,8/9/2023 15:43:58.7
7115,81,19,8/9/2023 15:43:59.8
7115,82,20,8/9/2023 15:44:00.3
7115,81,20,8/9/2023 15:44:01.7
7115,82,19,8/9/2023 15:44:09.3
7115,81,19,8/9/2023 15:44:12.2
7115,82,20,8/9/2023 15:44:17.6
7115,81,20,8/9/2023 15:44:20.2
7115,82,21,8/9/2023 15:44:30.6
7115,81,21,8/9/2023 15:44:32.3
7115,82,21,8/9/2023 15:45:10.7
7115,82,19,8/9/2023 15:45:15.3
7115,82,20,8/9/2023 15:45:42.1
7115,81,20,8/9/2023 15:45:43.3
7115,82,20,8/9/2023 15:45:49.2
7115,81,20,8/9/2023 15:45:50.5
7115,82,20,8/9/2023 15:45:58.7
7115,81,21,8/9/2023 15:46:23.4
7115,81,19,8/9/2023 15:46:25.5
7115,81,20,8/9/2023 15:46:29.0
7115,82,19,8/9/2023 15:46:30.4
7115,81,19,8/9/2023 15:46:31.6
7115,82,20,8/9/2023 15:46:33.6
7115,82,21,8/9/2023 15:46:34.0
7115,81,21,8/9/2023 15:46:34.3
7115,81,20,8/9/2023 15:46:36.0
7115,82,20,8/9/2023 15:46:39.3
7115,81,20,8/9/2023 15:46:41.1
7115,82,19,8/9/2023 15:46:59.3
7115,81,19,8/9/2023 15:47:01.5
7115,82,21,8/9/2023 15:47:31.4
7115,82,19,8/9/2023 15:47:46.3
7115,81,21,8/9/2023 15:48:53.1
7115,81,19,8/9/2023 15:48:53.8
7115,82,19,8/9/2023 15:48:56.5
7115,81,19,8/9/2023 15:48:58.4
7115,82,20,8/9/2023 15:49:07.9
7115,81,20,8/9/2023 15:49:09.4
7115,82,20,8/9/2023 15:49:22.0
7115,81,20,8/9/2023 15:49:23.3
7115,82,21,8/9/2023 15:50:07.5
7115,82,20,8/9/2023 15:50:15.4
7115,82,19,8/9/2023 15:50:20.9
7115,81,21,8/9/2023 15:51:21.9
7115,81,20,8/9/2023 15:51:22.0
7115,82,21,8/9/2023 15:51:22.9
7115,81,19,8/9/2023 15:51:23.2
7115,82,19,8/9/2023 15:51:24.0
7115,81,21,8/9/2023 15:51:25.0
7115,81,19,8/9/2023 15:51:28.3
7115,82,21,8/9/2023 15:51:30.5
7115,81,21,8/9/2023 15:51:30.8
7115,82,21,8/9/2023 15:51:31.1
7115,81,21,8/9/2023 15:51:33.8
7115,82,19,8/9/2023 15:51:40.5
7115,81,19,8/9/2023 15:51:43.0
7115,82,19,8/9/2023 15:52:40.9
7115,82,21,8/9/2023 15:52:53.3
7115,81,21,8/9/2023 15:53:49.1
7115,82,21,8/9/2023 15:53:49.6
7115,81,19,8/9/2023 15:53:50.0
7115,82,19,8/9/2023 15:53:51.4
7115,81,21,8/9/2023 15:53:51.6
7115,81,19,8/9/2023 15:53:51.7
7115,82,21,8/9/2023 15:53:53.2
7115,82,19,8/9/2023 15:53:54.8
7115,81,21,8/9/2023 15:53:56.3
7115,81,19,8/9/2023 15:53:57.0
7115,82,20,8/9/2023 15:54:55.0
7115,82,21,8/9/2023 15:54:58.1
7115,82,19,8/9/2023 15:55:12.8
7115,81,20,8/9/2023 15:56:01.7
7115,82,20,8/9/2023 15:56:08.7
7115,81,20,8/9/2023 15:56:16.6
7115,82,20,8/9/2023 15:56:17.2
7115,81,20,8/9/2023 15:56:19.0
7115,82,20,8/9/2023 15:56:19.8
7115,81,21,8/9/2023 15:56:22.4
7115,81,19,8/9/2023 15:56:24.1
7115,82,19,8/9/2023 15:56:24.5
7115,81,20,8/9/2023 15:56:25.0
7115,82,20,8/9/2023 15:56:25.5
7115,81,19,8/9/2023 15:56:26.1
7115,81,20,8/9/2023 15:56:27.7
7115,82,21,8/9/2023 15:56:35.8
7115,81,21,8/9/2023 15:56:38.6
7115,82,19,8/9/2023 15:56:42.4
7115,82,20,8/9/2023 15:56:43.4
7115,81,19,8/9/2023 15:56:43.8
7115,81,20,8/9/2023 15:56:44.8
7115,82,21,8/9/2023 15:57:02.8
7115,81,21,8/9/2023 15:57:03.7
7115,82,21,8/9/2023 15:57:23.9
7115,82,20,8/9/2023 15:57:49.5
7115,82,19,8/9/2023 15:58:31.1
7115,81,19,8/9/2023 15:58:34.1
7115,82,19,8/9/2023 15:58:41.1
7115,81,20,8/9/2023 15:58:53.2
7115,81,21,8/9/2023 15:58:54.0
7115,82,21,8/9/2023 15:58:54.1
7115,81,19,8/9/2023 15:58:54.8
7115,81,21,8/9/2023 15:58:56.0
7115,82,21,8/9/2023 15:58:56.8
7115,81,21,8/9/2023 15:58:58.6
7115,82,19,8/9/2023 15:58:59.6
7115,81,19,8/9/2023 15:59:01.0
7115,82,20,8/9/2023 15:59:15.8
7115,81,20,8/9/2023 15:59:16.8
7115,82,20,8/9/2023 16:00:07.7
7115,82,19,8/9/2023 16:00:17.5
7115,81,19,8/9/2023 16:00:20.6
7115,82,19,8/9/2023 16:00:27.2
7115,81,19,8/9/2023 16:00:27.5
7115,82,19,8/9/2023 16:00:28.6
7115,82,21,8/9/2023 16:01:18.8
7115,81,20,8/9/2023 16:01:20.1
7115,81,21,8/9/2023 16:01:21.6
7115,82,21,8/9/2023 16:01:22.0
7115,81,21,8/9/2023 16:01:23.8
7115,81,19,8/9/2023 16:01:24.0
7115,82,20,8/9/2023 16:01:56.2
7115,81,20,8/9/2023 16:01:57.7
7115,82,21,8/9/2023 16:02:27.3
7115,82,19,8/9/2023 16:02:54.3
7115,81,19,8/9/2023 16:03:52.0
7115,81,21,8/9/2023 16:03:54.1
7115,82,21,8/9/2023 16:03:54.4
7115,82,20,8/9/2023 16:03:55.3
7115,81,21,8/9/2023 16:03:56.5
7115,81,20,8/9/2023 16:03:57.5
7115,82,20,8/9/2023 16:04:04.0
7115,82,21,8/9/2023 16:04:04.6
7115,82,19,8/9/2023 16:04:05.9
7115,81,21,8/9/2023 16:04:06.8
7115,81,20,8/9/2023 16:04:06.9
7115,81,19,8/9/2023 16:04:07.3
7115,82,20,8/9/2023 16:04:32.9
7115,81,20,8/9/2023 16:04:34.0
7115,82,19,8/9/2023 16:05:10.5
7115,82,21,8/9/2023 16:05:11.5
7115,82,20,8/9/2023 16:05:36.0
7115,81,21,8/9/2023 16:06:21.6
7115,81,20,8/9/2023 16:06:24.1
7115,82,20,8/9/2023 16:06:24.2
7115,81,19,8/9/2023 16:06:25.3
7115,82,19,8/9/2023 16:06:26.1
7115,81,20,8/9/2023 16:06:27.3
7115,82,21,8/9/2023 16:06:27.5
7115,81,19,8/9/2023 16:06:27.6
7115,82,19,8/9/2023 16:06:29.3
7115,81,19,8/9/2023 16:06:31.1
7115,81,21,8/9/2023 16:06:31.4
7115,82,19,8/9/2023 16:06:31.8
7115,81,19,8/9/2023 16:06:34.5
7115,82,19,8/9/2023 16:06:52.0
7115,81,19,8/9/2023 16:06:54.3
7115,82,20,8/9/2023 16:06:56.9
7115,81,20,8/9/2023 16:07:00.5
7115,82,21,8/9/2023 16:07:01.0
7115,81,21,8/9/2023 16:07:02.3
7115,82,20,8/9/2023 16:07:38.0
7115,82,19,8/9/2023 16:07:45.5
7115,82,21,8/9/2023 16:08:13.9
7115,81,20,8/9/2023 16:08:52.6
7115,82,20,8/9/2023 16:08:53.0
7115,81,21,8/9/2023 16:08:53.6
7115,81,19,8/9/2023 16:08:55.1
7115,81,20,8/9/2023 16:08:56.0
7115,82,21,8/9/2023 16:08:58.9
7115,81,21,8/9/2023 16:09:01.2
7115,82,19,8/9/2023 16:09:04.2
7115,81,19,8/9/2023 16:09:11.0
7115,82,20,8/9/2023 16:09:30.6
7115,81,20,8/9/2023 16:09:31.7
7115,82,21,8/9/2023 16:09:42.8
7115,81,21,8/9/2023 16:09:45.0
7115,82,20,8/9/2023 16:09:52.0
7115,81,20,8/9/2023 16:09:52.4
7115,82,20,8/9/2023 16:09:56.4
7115,82,19,8/9/2023 16:10:09.8
7115,82,21,8/9/2023 16:10:59.3
7115,81,21,8/9/2023 16:11:02.3
7115,81,19,8/9/2023 16:11:22.3
7115,81,20,8/9/2023 16:11:26.1
7115,82,21,8/9/2023 16:12:32.2
7115,82,19,8/9/2023 16:12:42.9
7115,82,20,8/9/2023 16:12:46.1
7115,81,19,8/9/2023 16:13:52.0
7115,81,20,8/9/2023 16:13:52.1
7115,81,21,8/9/2023 16:13:52.5
7115,82,19,8/9/2023 16:13:54.2
7115,82,21,8/9/2023 16:13:54.2
7115,81,19,8/9/2023 16:13:55.3
7115,81,21,8/9/2023 16:13:56.3
7115,82,19,8/9/2023 16:13:56.3
7115,82,21,8/9/2023 16:13:57.1
7115,81,19,8/9/2023 16:13:57.8
7115,81,21,8/9/2023 16:13:59.0
7115,82,20,8/9/2023 16:14:02.0
7115,81,20,8/9/2023 16:14:04.1
7115,82,19,8/9/2023 16:14:24.4
7115,81,19,8/9/2023 16:14:25.8
7115,82,20,8/9/2023 16:14:28.9
7115,81,20,8/9/2023 16:14:30.9
7115,82,20,8/9/2023 16:15:14.5
7115,82,19,8/9/2023 16:15:23.7
7115,82,21,8/9/2023 16:15:27.4
7115,81,21,8/9/2023 16:16:17.1
7115,81,20,8/9/2023 16:16:22.3
7115,81,19,8/9/2023 16:16:23.5
7115,82,19,8/9/2023 16:16:31.9
7115,81,19,8/9/2023 16:16:33.1
7115,82,21,8/9/2023 16:17:29.2
7115,82,19,8/9/2023 16:17:41.3
7115,82,20,8/9/2023 16:17:42.9
7115,81,19,8/9/2023 16:18:51.9
7115,81,21,8/9/2023 16:18:53.4
7115,82,21,8/9/2023 16:18:53.5
7115,81,20,8/9/2023 16:18:54.0
7115,81,21,8/9/2023 16:18:55.8
7115,82,19,8/9/2023 16:18:59.4
7115,81,19,8/9/2023 16:19:00.2
7115,82,20,8/9/2023 16:19:07.6
7115,81,20,8/9/2023 16:19:08.5
7115,82,21,8/9/2023 16:19:57.4
7115,82,19,8/9/2023 16:20:13.0
7115,81,19,8/9/2023 16:20:13.8
7115,82,19,8/9/2023 16:20:34.1
7115,81,19,8/9/2023 16:21:22.5
7115,82,19,8/9/2023 16:21:23.4
7115,81,19,8/9/2023 16:21:25.1
7115,81,21,8/9/2023 16:21:27.2
7115,82,20,8/9/2023 16:21:43.1
7115,81,20,8/9/2023 16:21:44.5
7115,82,20,8/9/2023 16:22:45.0
7115,82,21,8/9/2023 16:22:56.7
7115,82,19,8/9/2023 16:23:28.2
7115,81,19,8/9/2023 16:23:54.0
7115,82,19,8/9/2023 16:23:54.2
7115,81,19,8/9/2023 16:23:54.5
7115,81,20,8/9/2023 16:23:58.8
7115,81,21,8/9/2023 16:23:59.4
7115,82,19,8/9/2023 16:24:01.2
7115,81,19,8/9/2023 16:24:02.6
7115,82,21,8/9/2023 16:24:09.0
7115,81,21,8/9/2023 16:24:10.1
7115,82,20,8/9/2023 16:24:50.4
7115,81,20,8/9/2023 16:24:51.8
7115,82,21,8/9/2023 16:25:08.6
7115,82,20,8/9/2023 16:25:19.8
7115,82,19,8/9/2023 16:25:28.0
7115,81,20,8/9/2023 16:26:22.2
7115,81,21,8/9/2023 16:26:22.3
7115,82,20,8/9/2023 16:26:27.5
7115,81,19,8/9/2023 16:26:28.0
7115,82,19,8/9/2023 16:26:28.5
7115,81,20,8/9/2023 16:26:29.8
7115,81,19,8/9/2023 16:26:30.2
7115,82,19,8/9/2023 16:26:30.3
7115,81,19,8/9/2023 16:26:31.4
7115,82,19,8/9/2023 16:26:31.8
7115,81,19,8/9/2023 16:26:34.1
7115,82,19,8/9/2023 16:26:55.2
7115,81,19,8/9/2023 16:26:55.8
7115,82,20,8/9/2023 16:27:41.2
7115,82,19,8/9/2023 16:28:14.2
7115,81,20,8/9/2023 16:28:49.0
7115,82,21,8/9/2023 16:28:50.4
7115,81,19,8/9/2023 16:28:52.0
7115,81,21,8/9/2023 16:28:52.3
7115,82,19,8/9/2023 16:28:52.3
7115,81,19,8/9/2023 16:28:54.2
7115,82,20,8/9/2023 16:28:55.2
7115,82,19,8/9/2023 16:28:55.7
7115,81,19,8/9/2023 16:28:56.0
7115,81,20,8/9/2023 16:28:56.6
7115,82,20,8/9/2023 16:29:02.8
7115,81,20,8/9/2023 16:29:04.2
7115,82,20,8/9/2023 16:29:25.3
7115,81,20,8/9/2023 16:29:26.1
7115,82,21,8/9/2023 16:29:41.2
7115,81,21,8/9/2023 16:29:42.0
7115,82,21,8/9/2023 16:30:10.6
7115,82,19,8/9/2023 16:30:26.2
7115,82,20,8/9/2023 16:31:00.2
7115,81,20,8/9/2023 16:31:21.8
7115,81,21,8/9/2023 16:31:23.9
7115,81,19,8/9/2023 16:31:25.4
7115,82,19,8/9/2023 16:31:26.3
7115,81,19,8/9/2023 16:31:26.6
7115,82,19,8/9/2023 16:31:27.2
7115,81,19,8/9/2023 16:31:29.5
7115,82,21,8/9/2023 16:31:44.9
7115,81,21,8/9/2023 16:31:46.2
7115,82,20,8/9/2023 16:32:09.6
7115,81,20,8/9/2023 16:32:11.1
7115,82,20,8/9/2023 16:32:38.6
7115,82,21,8/9/2023 16:33:04.4
7115,82,19,8/9/2023 16:33:45.6
7115,81,21,8/9/2023 16:33:50.2
7115,81,19,8/9/2023 16:33:51.2
7115,82,19,8/9/2023 16:33:52.1
7115,81,20,8/9/2023 16:33:53.5
7115,81,19,8/9/2023 16:33:57.5
7115,82,21,8/9/2023 16:34:51.0
7115,81,21,8/9/2023 16:34:52.3
7115,82,21,8/9/2023 16:34:52.6
7115,82,20,8/9/2023 16:35:15.7
7115,82,19,8/9/2023 16:35:34.6
7115,81,19,8/9/2023 16:35:38.8
7115,82,19,8/9/2023 16:35:52.2
7115,81,19,8/9/2023 16:35:53.4
7115,82,19,8/9/2023 16:35:59.9
7115,81,20,8/9/2023 16:36:22.1
7115,82,20,8/9/2023 16:36:22.7
7115,81,19,8/9/2023 16:36:22.8
7115,81,20,8/9/2023 16:36:23.1
7115,82,19,8/9/2023 16:36:23.2
7115,81,21,8/9/2023 16:36:23.3
7115,81,19,8/9/2023 16:36:24.4
7115,82,21,8/9/2023 16:36:24.7
7115,81,21,8/9/2023 16:36:28.8
7115,82,20,8/9/2023 16:36:29.0
7115,81,20,8/9/2023 16:36:30.0
7115,82,20,8/9/2023 16:36:36.3
7115,81,20,8/9/2023 16:36:41.2
7115,82,21,8/9/2023 16:37:40.6
7115,82,19,8/9/2023 16:37:56.3
7115,81,21,8/9/2023 16:38:55.8
7115,81,19,8/9/2023 16:38:56.5
7115,82,19,8/9/2023 16:39:00.6
7115,81,19,8/9/2023 16:39:02.0
7115,82,20,8/9/2023 16:39:07.7
7115,81,20,8/9/2023 16:39:09.2
7115,82,21,8/9/2023 16:39:58.5
7115,82,20,8/9/2023 16:40:11.4
7115,82,19,8/9/2023 16:40:22.5
7115,81,21,8/9/2023 16:41:18.9
7115,81,20,8/9/2023 16:41:21.5
7115,81,19,8/9/2023 16:41:22.6
7115,82,20,8/9/2023 16:41:27.9
7115,81,20,8/9/2023 16:41:29.8
7115,82,20,8/9/2023 16:41:31.8
7115,81,20,8/9/2023 16:41:32.8
7115,82,20,8/9/2023 16:41:41.6
7115,81,20,8/9/2023 16:41:43.8
7115,82,20,8/9/2023 16:42:14.6
7115,81,20,8/9/2023 16:42:15.9
7115,82,21,8/9/2023 16:42:26.5
7115,82,20,8/9/2023 16:42:50.0
7115,82,19,8/9/2023 16:43:05.4
7115,81,21,8/9/2023 16:43:46.9
7115,81,20,8/9/2023 16:43:47.8
7115,81,19,8/9/2023 16:43:48.4
7115,82,19,8/9/2023 16:43:48.6
7115,82,20,8/9/2023 16:43:49.4
7115,81,19,8/9/2023 16:43:50.6
7115,81,20,8/9/2023 16:43:51.4
7115,82,19,8/9/2023 16:43:52.3
7115,81,19,8/9/2023 16:43:53.6
7115,82,19,8/9/2023 16:43:55.6
7115,81,19,8/9/2023 16:43:57.0
7115,82,20,8/9/2023 16:44:05.9
7115,81,20,8/9/2023 16:44:07.6
7115,82,21,8/9/2023 16:44:13.6
7115,81,21,8/9/2023 16:44:15.4
7115,82,20,8/9/2023 16:44:42.4
7115,81,20,8/9/2023 16:44:43.7
7115,82,21,8/9/2023 16:44:56.2
7115,82,20,8/9/2023 16:45:03.6
7115,81,21,8/9/2023 16:45:07.4
7115,82,19,8/9/2023 16:45:11.5
7115,81,20,8/9/2023 16:46:18.6
7115,81,19,8/9/2023 16:46:19.8
7115,82,20,8/9/2023 16:46:32.9
7115,82,19,8/9/2023 16:46:33.1
7115,81,19,8/9/2023 16:46:33.5
7115,81,20,8/9/2023 16:46:34.7
7115,82,20,8/9/2023 16:47:46.9
7115,82,19,8/9/2023 16:47:53.9
7115,81,19,8/9/2023 16:47:55.3
7115,82,19,8/9/2023 16:48:00.1
7115,81,19,8/9/2023 16:48:44.8
7115,81,20,8/9/2023 16:48:45.6
7115,82,20,8/9/2023 16:48:47.2
7115,81,20,8/9/2023 16:48:48.6
7115,82,20,8/9/2023 16:50:13.0
7115,82,19,8/9/2023 16:50:16.1
7115,81,19,8/9/2023 16:50:18.1
7115,82,19,8/9/2023 16:51:04.5
7115,81,19,8/9/2023 16:51:06.3
7115,82,19,8/9/2023 16:51:08.8
7115,81,20,8/9/2023 16:51:19.6
7115,81,19,8/9/2023 16:51:20.4
7115,82,20,8/9/2023 16:52:10.9
7115,81,20,8/9/2023 16:52:12.2
7115,82,21,8/9/2023 16:52:31.0
7115,82,20,8/9/2023 16:52:46.9
7115,82,19,8/9/2023 16:53:01.4
7115,81,20,8/9/2023 16:53:49.9
7115,81,19,8/9/2023 16:53:51.8
7115,81,21,8/9/2023 16:53:51.9
7115,82,19,8/9/2023 16:53:52.9
7115,81,19,8/9/2023 16:53:53.1
7115,82,19,8/9/2023 16:53:58.0
7115,81,19,8/9/2023 16:53:58.9
7115,82,20,8/9/2023 16:54:11.9
7115,81,20,8/9/2023 16:54:13.2
7115,82,20,8/9/2023 16:54:50.7
7115,81,20,8/9/2023 16:54:53.2
7115,82,21,8/9/2023 16:54:56.1
7115,82,19,8/9/2023 16:55:06.6
7115,82,20,8/9/2023 16:55:24.3
7115,81,19,8/9/2023 16:56:03.0
7115,81,21,8/9/2023 16:56:15.4
7115,82,21,8/9/2023 16:56:15.8
7115,81,20,8/9/2023 16:56:17.1
7115,81,21,8/9/2023 16:56:18.0
7115,82,21,8/9/2023 16:56:33.8
7115,81,21,8/9/2023 16:56:35.1
7115,82,20,8/9/2023 16:57:40.0
7115,82,21,8/9/2023 16:57:43.4
7115,82,19,8/9/2023 16:57:49.5
7115,81,21,8/9/2023 16:57:58.2
7115,82,21,8/9/2023 16:58:19.8
7115,81,20,8/9/2023 16:58:44.7
7115,81,21,8/9/2023 16:58:44.9
7115,81,19,8/9/2023 16:58:48.4
7115,82,19,8/9/2023 16:58:49.1
7115,81,19,8/9/2023 16:58:50.6
7115,82,19,8/9/2023 16:58:51.6
7115,81,19,8/9/2023 16:58:53.0
7115,82,19,8/9/2023 16:58:59.5
7115,81,19,8/9/2023 16:59:01.1
7115,82,21,8/9/2023 17:00:03.9
7115,82,20,8/9/2023 17:00:04.9
7115,82,19,8/9/2023 17:00:13.9
7115,81,19,8/9/2023 17:00:16.4
7115,82,19,8/9/2023 17:00:18.3
7115,81,19,8/9/2023 17:00:18.5
7115,82,19,8/9/2023 17:00:53.9
7115,81,21,8/9/2023 17:01:14.9
7115,81,20,8/9/2023 17:01:18.8
7115,82,21,8/9/2023 17:01:22.7
7115,81,19,8/9/2023 17:01:23.4
7115,81,21,8/9/2023 17:01:24.4
7115,82,21,8/9/2023 17:01:25.2
7115,81,21,8/9/2023 17:01:27.4
7115,82,20,8/9/2023 17:01:30.9
7115,81,20,8/9/2023 17:01:32.2
7115,82,21,8/9/2023 17:02:29.4
7115,82,20,8/9/2023 17:02:41.4
7115,82,19,8/9/2023 17:02:45.7
7115,81,19,8/9/2023 17:03:47.1
7115,81,20,8/9/2023 17:03:47.4
7115,81,21,8/9/2023 17:03:48.3
7115,82,20,8/9/2023 17:05:08.7
7115,82,21,8/9/2023 17:05:15.0
7115,82,19,8/9/2023 17:05:26.5
7115,81,19,8/9/2023 17:06:10.8
7115,81,20,8/9/2023 17:06:11.2
7115,81,21,8/9/2023 17:06:12.5
7115,82,21,8/9/2023 17:07:31.7
7115,81,21,8/9/2023 17:07:42.5
7115,82,19,8/9/2023 17:08:21.9
7115,82,20,8/9/2023 17:08:22.0
7115,81,19,8/9/2023 17:08:53.4
7115,81,20,8/9/2023 17:08:55.5
7115,82,21,8/9/2023 17:08:58.2
7115,82,20,8/9/2023 17:08:58.3
7115,81,21,8/9/2023 17:09:01.3
7115,82,19,8/9/2023 17:09:02.1
7115,81,19,8/9/2023 17:09:02.7
7115,81,20,8/9/2023 17:09:05.2
7115,82,19,8/9/2023 17:09:05.6
7115,82,21,8/9/2023 17:09:06.2
7115,81,19,8/9/2023 17:09:06.3
7115,81,21,8/9/2023 17:09:08.6
7115,82,20,8/9/2023 17:09:11.3
7115,82,19,8/9/2023 17:09:12.9
7115,81,19,8/9/2023 17:09:13.7
7115,82,19,8/9/2023 17:09:13.8
7115,81,19,8/9/2023 17:09:14.2
7115,81,20,8/9/2023 17:09:16.0
7115,82,19,8/9/2023 17:09:24.8
7115,81,19,8/9/2023 17:09:25.3
7115,82,20,8/9/2023 17:10:02.5
7115,82,21,8/9/2023 17:10:19.9
7115,82,19,8/9/2023 17:10:29.8
7115,81,21,8/9/2023 17:11:17.4
7115,82,21,8/9/2023 17:11:17.9
7115,81,19,8/9/2023 17:11:18.4
7115,81,21,8/9/2023 17:11:20.2
7115,81,20,8/9/2023 17:11:20.3
7115,82,21,8/9/2023 17:11:23.7
7115,81,21,8/9/2023 17:11:25.4
7115,82,20,8/9/2023 17:11:33.6
7115,81,20,8/9/2023 17:11:35.8
7115,82,21,8/9/2023 17:12:31.4
7115,82,19,8/9/2023 17:12:33.5
7115,82,20,8/9/2023 17:12:43.4
7115,81,20,8/9/2023 17:12:48.0
7115,82,20,8/9/2023 17:13:38.3
7115,81,21,8/9/2023 17:13:43.6
7115,82,21,8/9/2023 17:13:47.2
7115,81,19,8/9/2023 17:13:49.2
7115,81,21,8/9/2023 17:13:49.9
7115,81,20,8/9/2023 17:13:50.9
7115,82,19,8/9/2023 17:14:07.9
7115,81,19,8/9/2023 17:14:12.9
7115,82,19,8/9/2023 17:14:54.7
7115,82,21,8/9/2023 17:14:56.7
7115,82,20,8/9/2023 17:15:12.9
7115,81,21,8/9/2023 17:15:53.2
7115,82,21,8/9/2023 17:15:58.1
7115,81,21,8/9/2023 17:16:02.3
7115,81,20,8/9/2023 17:16:12.3
7115,81,19,8/9/2023 17:16:12.8
7115,82,19,8/9/2023 17:16:18.4
7115,81,19,8/9/2023 17:16:20.5
7115,82,21,8/9/2023 17:17:33.3
7115,82,19,8/9/2023 17:18:24.6
7115,82,20,8/9/2023 17:18:40.1
7115,81,20,8/9/2023 17:18:47.7
7115,81,19,8/9/2023 17:18:48.7
7115,81,21,8/9/2023 17:18:48.7
7115,82,20,8/9/2023 17:18:59.6
7115,81,20,8/9/2023 17:19:00.8
7115,82,20,8/9/2023 17:19:02.9
7115,81,20,8/9/2023 17:19:04.2
7115,82,20,8/9/2023 17:20:11.1
7115,82,19,8/9/2023 17:20:12.1
7115,82,21,8/9/2023 17:20:20.5
7115,81,20,8/9/2023 17:21:20.8
7115,81,21,8/9/2023 17:21:22.4
7115,82,20,8/9/2023 17:21:22.5
7115,81,20,8/9/2023 17:21:24.0
7115,82,21,8/9/2023 17:21:27.1
7115,81,21,8/9/2023 17:21:29.0
7115,82,20,8/9/2023 17:21:29.9
7115,81,20,8/9/2023 17:21:31.1
7115,82,21,8/9/2023 17:22:26.6
7115,82,20,8/9/2023 17:22:41.7
7115,81,21,8/9/2023 17:23:49.4
7115,82,21,8/9/2023 17:23:49.6
7115,81,19,8/9/2023 17:23:50.3
7115,81,21,8/9/2023 17:23:51.7
7115,82,19,8/9/2023 17:23:51.7
7115,81,20,8/9/2023 17:23:52.6
7115,82,20,8/9/2023 17:23:54.7
7115,81,19,8/9/2023 17:23:57.4
7115,81,20,8/9/2023 17:23:58.7
7115,82,20,8/9/2023 17:24:00.4
7115,82,21,8/9/2023 17:24:00.8
7115,81,20,8/9/2023 17:24:02.4
7115,81,21,8/9/2023 17:24:05.2
7115,82,21,8/9/2023 17:24:06.6
7115,81,21,8/9/2023 17:24:07.0
7115,82,21,8/9/2023 17:24:07.3
7115,81,21,8/9/2023 17:24:11.7
7115,82,19,8/9/2023 17:24:53.1
7115,82,20,8/9/2023 17:25:11.9
7115,82,21,8/9/2023 17:25:14.6
7115,81,19,8/9/2023 17:25:55.1
7115,82,19,8/9/2023 17:25:57.2
7115,81,19,8/9/2023 17:26:20.3
7115,81,20,8/9/2023 17:26:20.8
7115,81,21,8/9/2023 17:26:21.2
7115,82,21,8/9/2023 17:26:24.1
7115,81,21,8/9/2023 17:26:26.1
7115,82,20,8/9/2023 17:26:34.5
7115,81,20,8/9/2023 17:26:35.3
7115,82,20,8/9/2023 17:27:39.9
7115,82,19,8/9/2023 17:27:53.1
7115,82,21,8/9/2023 17:27:58.0
7115,81,19,8/9/2023 17:28:48.9
7115,81,21,8/9/2023 17:28:49.8
7115,82,19,8/9/2023 17:28:50.4
7115,81,19,8/9/2023 17:28:51.7
7115,81,20,8/9/2023 17:28:51.8
7115,82,21,8/9/2023 17:29:06.5
7115,81,21,8/9/2023 17:29:07.7
7115,82,19,8/9/2023 17:30:04.5
7115,82,21,8/9/2023 17:30:15.0
7115,81,21,8/9/2023 17:30:17.8
7115,82,21,8/9/2023 17:30:19.4
7115,82,20,8/9/2023 17:30:56.0
7115,81,20,8/9/2023 17:30:58.0
7115,82,20,8/9/2023 17:31:03.4
7115,81,21,8/9/2023 17:31:22.7
7115,81,20,8/9/2023 17:31:23.2
7115,81,19,8/9/2023 17:31:25.3
7115,82,21,8/9/2023 17:31:29.1
7115,81,21,8/9/2023 17:31:31.0
7115,82,21,8/9/2023 17:31:32.2
7115,81,21,8/9/2023 17:31:34.9
7115,82,20,8/9/2023 17:31:44.9
7115,82,21,8/9/2023 17:31:45.0
7115,81,20,8/9/2023 17:31:45.8
7115,81,21,8/9/2023 17:31:47.6
7115,82,21,8/9/2023 17:32:27.5
7115,81,21,8/9/2023 17:32:38.7
7115,82,20,8/9/2023 17:32:43.7
7115,82,19,8/9/2023 17:32:51.5
7115,81,19,8/9/2023 17:33:49.9
7115,81,20,8/9/2023 17:33:50.9
7115,82,20,8/9/2023 17:34:16.2
7115,81,20,8/9/2023 17:34:17.1
7115,82,21,8/9/2023 17:34:55.1
7115,82,19,8/9/2023 17:35:34.5
7115,82,20,8/9/2023 17:35:35.4
7115,81,21,8/9/2023 17:36:19.4
7115,81,20,8/9/2023 17:36:20.2
7115,82,20,8/9/2023 17:36:21.0
7115,81,19,8/9/2023 17:36:21.4
7115,82,21,8/9/2023 17:36:21.9
7115,81,20,8/9/2023 17:36:22.2
7115,81,21,8/9/2023 17:36:23.6
7115,82,19,8/9/2023 17:36:24.1
7115,82,21,8/9/2023 17:36:24.3
7115,81,19,8/9/2023 17:36:25.6
7115,81,21,8/9/2023 17:36:26.4
7115,82,19,8/9/2023 17:36:36.3
7115,81,19,8/9/2023 17:36:42.9
7115,82,19,8/9/2023 17:36:51.3
7115,81,19,8/9/2023 17:36:54.4
7115,82,20,8/9/2023 17:36:56.6
7115,81,20,8/9/2023 17:36:57.6
7115,82,21,8/9/2023 17:37:03.7
7115,81,21,8/9/2023 17:37:06.3
7115,82,21,8/9/2023 17:37:34.4
7115,82,20,8/9/2023 17:37:38.8
7115,81,21,8/9/2023 17:37:40.5
7115,82,21,8/9/2023 17:37:41.1
7115,82,19,8/9/2023 17:37:45.4
7115,81,21,8/9/2023 17:37:46.6
7115,82,21,8/9/2023 17:37:47.6
7115,81,21,8/9/2023 17:37:54.9
7115,82,21,8/9/2023 17:37:56.0
7115,81,21,8/9/2023 17:38:37.6
7115,82,21,8/9/2023 17:38:38.0
7115,81,21,8/9/2023 17:38:39.2
7115,81,19,8/9/2023 17:38:51.6
7115,81,20,8/9/2023 17:38:52.3
7115,82,19,8/9/2023 17:38:53.1
7115,81,19,8/9/2023 17:38:54.0
7115,82,20,8/9/2023 17:38:56.3
7115,81,20,8/9/2023 17:38:57.9
7115,82,20,8/9/2023 17:39:00.8
7115,81,20,8/9/2023 17:39:03.0
7115,82,19,8/9/2023 17:39:03.9
7115,81,19,8/9/2023 17:39:04.7
7115,82,20,8/9/2023 17:39:15.1
7115,81,20,8/9/2023 17:39:15.6
7115,82,19,8/9/2023 17:39:33.9
7115,81,19,8/9/2023 17:39:35.0
7115,82,19,8/9/2023 17:40:11.9
7115,82,21,8/9/2023 17:40:18.4
7115,82,20,8/9/2023 17:40:31.2
7115,81,19,8/9/2023 17:40:43.7
7115,82,19,8/9/2023 17:40:45.8
7115,81,19,8/9/2023 17:40:55.4
7115,82,19,8/9/2023 17:41:10.9
7115,81,21,8/9/2023 17:41:21.1
7115,81,19,8/9/2023 17:41:21.7
7115,81,20,8/9/2023 17:41:22.8
7115,82,21,8/9/2023 17:42:12.8
7115,81,21,8/9/2023 17:42:14.4
7115,82,21,8/9/2023 17:42:32.9
7115,82,20,8/9/2023 17:42:41.5
7115,82,19,8/9/2023 17:43:04.4
7115,81,19,8/9/2023 17:43:04.7
7115,82,19,8/9/2023 17:43:26.5
7115,81,21,8/9/2023 17:43:49.9
7115,81,20,8/9/2023 17:43:50.1
7115,81,19,8/9/2023 17:43:50.4
7115,82,19,8/9/2023 17:43:51.8
7115,81,19,8/9/2023 17:43:53.8
7115,82,19,8/9/2023 17:44:02.3
7115,81,19,8/9/2023 17:44:03.7
7115,82,21,8/9/2023 17:45:04.7
7115,82,20,8/9/2023 17:45:25.5
7115,82,19,8/9/2023 17:45:28.3
7115,81,21,8/9/2023 17:46:20.6
7115,81,20,8/9/2023 17:46:21.2
7115,82,21,8/9/2023 17:46:23.8
7115,81,19,8/9/2023 17:46:24.0
7115,82,19,8/9/2023 17:46:24.9
7115,81,21,8/9/2023 17:46:26.0
7115,82,21,8/9/2023 17:46:26.3
7115,81,19,8/9/2023 17:46:27.1
7115,81,21,8/9/2023 17:46:28.4
7115,82,21,8/9/2023 17:47:02.7
7115,81,21,8/9/2023 17:47:04.6
7115,82,20,8/9/2023 17:47:28.5
7115,82,19,8/9/2023 17:47:42.9
7115,82,21,8/9/2023 17:48:07.0
7115,81,19,8/9/2023 17:48:50.3
7115,81,20,8/9/2023 17:48:51.4
7115,81,21,8/9/2023 17:48:51.4
7115,82,20,8/9/2023 17:48:51.6
7115,81,20,8/9/2023 17:48:53.7
7115,82,19,8/9/2023 17:49:05.5
7115,81,19,8/9/2023 17:49:07.0
7115,82,21,8/9/2023 17:50:10.1
7115,82,20,8/9/2023 17:50:24.0
7115,81,20,8/9/2023 17:50:30.7
7115,82,20,8/9/2023 17:50:33.9
7115,82,19,8/9/2023 17:50:38.3
7115,81,20,8/9/2023 17:51:22.7
7115,81,21,8/9/2023 17:51:25.3
7115,81,19,8/9/2023 17:51:25.7
7115,82,19,8/9/2023 17:52:42.0
7115,82,21,8/9/2023 17:52:46.0
7115,82,20,8/9/2023 17:53:23.9
7115,81,19,8/9/2023 17:53:42.5
7115,81,21,8/9/2023 17:53:49.4
7115,81,20,8/9/2023 17:53:50.1
7115,82,21,8/9/2023 17:53:51.9
7115,81,21,8/9/2023 17:53:54.2
7115,82,21,8/9/2023 17:53:55.8
7115,82,19,8/9/2023 17:53:56.1
7115,81,19,8/9/2023 17:53:56.8
7115,81,21,8/9/2023 17:53:58.2
7115,82,19,8/9/2023 17:55:17.8
7115,82,21,8/9/2023 17:55:23.3
7115,82,20,8/9/2023 17:55:25.2
7115,81,20,8/9/2023 17:56:16.2
7115,81,19,8/9/2023 17:56:19.4
7115,81,21,8/9/2023 17:56:19.8
7115,82,19,8/9/2023 17:56:24.3
7115,81,19,8/9/2023 17:56:26.5
7115,82,20,8/9/2023 17:56:34.4
7115,81,20,8/9/2023 17:56:35.6
7115,82,21,8/9/2023 17:56:35.8
7115,81,21,8/9/2023 17:56:37.4
7115,82,20,8/9/2023 17:56:45.4
7115,81,20,8/9/2023 17:56:46.8
7115,82,20,8/9/2023 17:56:48.3
7115,82,19,8/9/2023 17:56:49.6
7115,81,20,8/9/2023 17:56:49.7
7115,81,19,8/9/2023 17:56:49.9
7115,82,21,8/9/2023 17:57:28.3
7115,82,20,8/9/2023 17:57:41.6
7115,82,19,8/9/2023 17:57:49.0
7115,81,19,8/9/2023 17:57:49.3
7115,82,19,8/9/2023 17:58:07.9
7115,81,19,8/9/2023 17:58:08.2
7115,82,19,8/9/2023 17:58:15.0
7115,81,21,8/9/2023 17:58:51.5
7115,81,20,8/9/2023 17:58:52.1
7115,82,20,8/9/2023 17:58:52.7
7115,81,19,8/9/2023 17:58:53.3
7115,81,20,8/9/2023 17:58:54.3
7115,82,21,8/9/2023 17:59:13.9
7115,81,21,8/9/2023 17:59:14.5
7115,82,20,8/9/2023 17:59:39.6
7115,81,20,8/9/2023 17:59:42.5
