SignalIdentifier,TimeStamp,EventCode,EventParam
7115,4/17/2023 8:00,82,2
7115,4/17/2023 8:00,82,2
7115,4/17/2023 8:00,82,2
7115,4/17/2023 8:00,82,2
7115,4/17/2023 8:00,82,2
7115,4/17/2023 8:00,82,2
7115,4/17/2023 8:00,82,2
7115,4/17/2023 8:00,82,2
7115,4/17/2023 8:00,82,2
7115,4/17/2023 8:00,82,2
7115,4/17/2023 8:00,82,2
7115,4/17/2023 8:00,82,2
7115,4/17/2023 8:00,82,2
7115,4/17/2023 8:00,82,2
7115,4/17/2023 8:00,82,2
7115,4/17/2023 8:00,82,2
7115,4/17/2023 8:00,82,2
7115,4/17/2023 8:00,82,2
7115,4/17/2023 8:00,82,2
7115,4/17/2023 8:00,82,2
7115,4/17/2023 8:00,82,2
7115,4/17/2023 8:00,82,2
7115,4/17/2023 8:00,82,2
7115,4/17/2023 8:00,82,2
7115,4/17/2023 8:00,82,2
7115,4/17/2023 8:00,82,2
7115,4/17/2023 8:00,82,2
7115,4/17/2023 8:00,82,2
7115,4/17/2023 8:00,82,2
7115,4/17/2023 8:01,82,2
7115,4/17/2023 8:01,82,2
7115,4/17/2023 8:01,82,2
7115,4/17/2023 8:01,82,2
7115,4/17/2023 8:01,82,2
7115,4/17/2023 8:01,82,2
7115,4/17/2023 8:01,82,2
7115,4/17/2023 8:01,82,2
7115,4/17/2023 8:01,82,2
7115,4/17/2023 8:01,82,2
7115,4/17/2023 8:01,82,2
7115,4/17/2023 8:01,82,2
7115,4/17/2023 8:01,82,2
7115,4/17/2023 8:01,82,2
7115,4/17/2023 8:01,82,2
7115,4/17/2023 8:01,82,2
7115,4/17/2023 8:01,82,2
7115,4/17/2023 8:01,82,2
7115,4/17/2023 8:01,82,2
7115,4/17/2023 8:01,82,2
7115,4/17/2023 8:01,82,2
7115,4/17/2023 8:01,82,2
7115,4/17/2023 8:01,82,2
7115,4/17/2023 8:01,82,2
7115,4/17/2023 8:01,82,2
7115,4/17/2023 8:01,82,2
7115,4/17/2023 8:01,82,2
7115,4/17/2023 8:01,82,2
7115,4/17/2023 8:01,82,2
7115,4/17/2023 8:01,82,2
7115,4/17/2023 8:01,82,2
7115,4/17/2023 8:01,82,2
7115,4/17/2023 8:01,82,2
7115,4/17/2023 8:01,82,2
7115,4/17/2023 8:01,82,2
7115,4/17/2023 8:01,82,2
7115,4/17/2023 8:01,82,2
7115,4/17/2023 8:01,82,2
7115,4/17/2023 8:02,82,2
7115,4/17/2023 8:02,82,2
7115,4/17/2023 8:02,82,2
7115,4/17/2023 8:02,82,2
7115,4/17/2023 8:02,82,2
7115,4/17/2023 8:02,82,2
7115,4/17/2023 8:02,82,2
7115,4/17/2023 8:02,82,2
7115,4/17/2023 8:02,82,2
7115,4/17/2023 8:02,82,2
7115,4/17/2023 8:02,82,2
7115,4/17/2023 8:02,82,2
7115,4/17/2023 8:02,82,2
7115,4/17/2023 8:02,82,2
7115,4/17/2023 8:02,82,2
7115,4/17/2023 8:02,82,2
7115,4/17/2023 8:02,82,2
7115,4/17/2023 8:02,82,2
7115,4/17/2023 8:02,82,2
7115,4/17/2023 8:02,82,2
7115,4/17/2023 8:02,82,2
7115,4/17/2023 8:02,82,2
7115,4/17/2023 8:02,82,2
7115,4/17/2023 8:02,82,2
7115,4/17/2023 8:02,82,2
7115,4/17/2023 8:02,82,2
7115,4/17/2023 8:02,82,2
7115,4/17/2023 8:02,82,2
7115,4/17/2023 8:02,82,2
7115,4/17/2023 8:02,82,2
7115,4/17/2023 8:02,82,2
7115,4/17/2023 8:02,82,2
7115,4/17/2023 8:02,82,2
7115,4/17/2023 8:02,82,2
7115,4/17/2023 8:02,82,2
7115,4/17/2023 8:02,82,2
7115,4/17/2023 8:02,82,2
7115,4/17/2023 8:02,82,2
7115,4/17/2023 8:02,82,2
7115,4/17/2023 8:02,82,2
7115,4/17/2023 8:02,82,2
7115,4/17/2023 8:02,82,2
7115,4/17/2023 8:02,82,2
7115,4/17/2023 8:02,82,2
7115,4/17/2023 8:02,82,2
7115,4/17/2023 8:02,82,2
7115,4/17/2023 8:02,82,2
7115,4/17/2023 8:02,82,2
7115,4/17/2023 8:02,82,2
7115,4/17/2023 8:03,82,2
7115,4/17/2023 8:03,82,2
7115,4/17/2023 8:03,82,2
7115,4/17/2023 8:03,82,2
7115,4/17/2023 8:03,82,2
7115,4/17/2023 8:03,82,2
7115,4/17/2023 8:03,82,2
7115,4/17/2023 8:03,82,2
7115,4/17/2023 8:03,82,2
7115,4/17/2023 8:03,82,2
7115,4/17/2023 8:03,82,2
7115,4/17/2023 8:03,82,2
7115,4/17/2023 8:03,82,2
7115,4/17/2023 8:03,82,2
7115,4/17/2023 8:03,82,2
7115,4/17/2023 8:03,82,2
7115,4/17/2023 8:03,82,2
7115,4/17/2023 8:03,82,2
7115,4/17/2023 8:03,82,2
7115,4/17/2023 8:03,82,2
7115,4/17/2023 8:03,82,2
7115,4/17/2023 8:03,82,2
7115,4/17/2023 8:03,82,2
7115,4/17/2023 8:03,82,2
7115,4/17/2023 8:03,82,2
7115,4/17/2023 8:03,82,2
7115,4/17/2023 8:03,82,2
7115,4/17/2023 8:03,82,2
7115,4/17/2023 8:03,82,2
7115,4/17/2023 8:03,82,2
7115,4/17/2023 8:03,82,2
7115,4/17/2023 8:03,82,2
7115,4/17/2023 8:03,82,2
7115,4/17/2023 8:03,82,2
7115,4/17/2023 8:03,82,2
7115,4/17/2023 8:03,82,2
7115,4/17/2023 8:03,82,2
7115,4/17/2023 8:03,82,2
7115,4/17/2023 8:03,82,2
7115,4/17/2023 8:03,82,2
7115,4/17/2023 8:03,82,2
7115,4/17/2023 8:03,82,2
7115,4/17/2023 8:03,82,2
7115,4/17/2023 8:03,82,2
7115,4/17/2023 8:03,82,2
7115,4/17/2023 8:03,82,2
7115,4/17/2023 8:03,82,2
7115,4/17/2023 8:03,82,2
7115,4/17/2023 8:03,82,2
7115,4/17/2023 8:03,82,2
7115,4/17/2023 8:03,82,2
7115,4/17/2023 8:03,82,2
7115,4/17/2023 8:03,82,2
7115,4/17/2023 8:04,82,2
7115,4/17/2023 8:04,82,2
7115,4/17/2023 8:04,82,2
7115,4/17/2023 8:04,82,2
7115,4/17/2023 8:04,82,2
7115,4/17/2023 8:04,82,2
7115,4/17/2023 8:04,82,2
7115,4/17/2023 8:04,82,2
7115,4/17/2023 8:04,82,2
7115,4/17/2023 8:04,82,2
7115,4/17/2023 8:04,82,2
7115,4/17/2023 8:04,82,2
7115,4/17/2023 8:04,82,2
7115,4/17/2023 8:04,82,2
7115,4/17/2023 8:04,82,2
7115,4/17/2023 8:04,82,2
7115,4/17/2023 8:04,82,2
7115,4/17/2023 8:04,82,2
7115,4/17/2023 8:04,82,2
7115,4/17/2023 8:04,82,2
7115,4/17/2023 8:04,82,2
7115,4/17/2023 8:04,82,2
7115,4/17/2023 8:04,82,2
7115,4/17/2023 8:04,82,2
7115,4/17/2023 8:04,82,2
7115,4/17/2023 8:04,82,2
7115,4/17/2023 8:04,82,2
7115,4/17/2023 8:04,82,2
7115,4/17/2023 8:04,82,2
7115,4/17/2023 8:04,82,2
7115,4/17/2023 8:05,82,2
7115,4/17/2023 8:05,82,2
7115,4/17/2023 8:05,82,2
7115,4/17/2023 8:05,82,2
7115,4/17/2023 8:05,82,2
7115,4/17/2023 8:05,82,2
7115,4/17/2023 8:05,82,2
7115,4/17/2023 8:05,82,2
7115,4/17/2023 8:05,82,2
7115,4/17/2023 8:05,82,2
7115,4/17/2023 8:05,82,2
7115,4/17/2023 8:05,82,2
7115,4/17/2023 8:05,82,2
7115,4/17/2023 8:05,82,2
7115,4/17/2023 8:05,82,2
7115,4/17/2023 8:05,82,2
7115,4/17/2023 8:05,82,2
7115,4/17/2023 8:05,82,2
7115,4/17/2023 8:05,82,2
7115,4/17/2023 8:05,82,2
7115,4/17/2023 8:05,82,2
7115,4/17/2023 8:05,82,2
7115,4/17/2023 8:05,82,2
7115,4/17/2023 8:05,82,2
7115,4/17/2023 8:05,82,2
7115,4/17/2023 8:05,82,2
7115,4/17/2023 8:05,82,2
7115,4/17/2023 8:05,82,2
7115,4/17/2023 8:05,82,2
7115,4/17/2023 8:05,82,2
7115,4/17/2023 8:05,82,2
7115,4/17/2023 8:05,82,2
7115,4/17/2023 8:06,82,2
7115,4/17/2023 8:06,82,2
7115,4/17/2023 8:06,82,2
7115,4/17/2023 8:06,82,2
7115,4/17/2023 8:06,82,2
7115,4/17/2023 8:06,82,2
7115,4/17/2023 8:06,82,2
7115,4/17/2023 8:06,82,2
7115,4/17/2023 8:06,82,2
7115,4/17/2023 8:06,82,2
7115,4/17/2023 8:06,82,2
7115,4/17/2023 8:06,82,2
7115,4/17/2023 8:06,82,2
7115,4/17/2023 8:06,82,2
7115,4/17/2023 8:06,82,2
7115,4/17/2023 8:06,82,2
7115,4/17/2023 8:06,82,2
7115,4/17/2023 8:06,82,2
7115,4/17/2023 8:06,82,2
7115,4/17/2023 8:06,82,2
7115,4/17/2023 8:06,82,2
7115,4/17/2023 8:06,82,2
7115,4/17/2023 8:06,82,2
7115,4/17/2023 8:06,82,2
7115,4/17/2023 8:06,82,2
7115,4/17/2023 8:06,82,2
7115,4/17/2023 8:06,82,2
7115,4/17/2023 8:06,82,2
7115,4/17/2023 8:06,82,2
7115,4/17/2023 8:06,82,2
7115,4/17/2023 8:06,82,2
7115,4/17/2023 8:06,82,2
7115,4/17/2023 8:06,82,2
7115,4/17/2023 8:06,82,2
7115,4/17/2023 8:06,82,2
7115,4/17/2023 8:06,82,2
7115,4/17/2023 8:06,82,2
7115,4/17/2023 8:06,82,2
7115,4/17/2023 8:06,82,2
7115,4/17/2023 8:06,82,2
7115,4/17/2023 8:07,82,2
7115,4/17/2023 8:07,82,2
7115,4/17/2023 8:07,82,2
7115,4/17/2023 8:07,82,2
7115,4/17/2023 8:07,82,2
7115,4/17/2023 8:07,82,2
7115,4/17/2023 8:07,82,2
7115,4/17/2023 8:07,82,2
7115,4/17/2023 8:07,82,2
7115,4/17/2023 8:07,82,2
7115,4/17/2023 8:07,82,2
7115,4/17/2023 8:07,82,2
7115,4/17/2023 8:07,82,2
7115,4/17/2023 8:07,82,2
7115,4/17/2023 8:07,82,2
7115,4/17/2023 8:07,82,2
7115,4/17/2023 8:07,82,2
7115,4/17/2023 8:07,82,2
7115,4/17/2023 8:07,82,2
7115,4/17/2023 8:07,82,2
7115,4/17/2023 8:07,82,2
7115,4/17/2023 8:07,82,2
7115,4/17/2023 8:07,82,2
7115,4/17/2023 8:07,82,2
7115,4/17/2023 8:07,82,2
7115,4/17/2023 8:07,82,2
7115,4/17/2023 8:07,82,2
7115,4/17/2023 8:07,82,2
7115,4/17/2023 8:07,82,2
7115,4/17/2023 8:08,82,2
7115,4/17/2023 8:08,82,2
7115,4/17/2023 8:08,82,2
7115,4/17/2023 8:08,82,2
7115,4/17/2023 8:08,82,2
7115,4/17/2023 8:08,82,2
7115,4/17/2023 8:08,82,2
7115,4/17/2023 8:08,82,2
7115,4/17/2023 8:08,82,2
7115,4/17/2023 8:08,82,2
7115,4/17/2023 8:08,82,2
7115,4/17/2023 8:08,82,2
7115,4/17/2023 8:08,82,2
7115,4/17/2023 8:08,82,2
7115,4/17/2023 8:08,82,2
7115,4/17/2023 8:08,82,2
7115,4/17/2023 8:08,82,2
7115,4/17/2023 8:08,82,2
7115,4/17/2023 8:08,82,2
7115,4/17/2023 8:08,82,2
7115,4/17/2023 8:08,82,2
7115,4/17/2023 8:08,82,2
7115,4/17/2023 8:08,82,2
7115,4/17/2023 8:08,82,2
7115,4/17/2023 8:08,82,2
7115,4/17/2023 8:08,82,2
7115,4/17/2023 8:08,82,2
7115,4/17/2023 8:08,82,2
7115,4/17/2023 8:08,82,2
7115,4/17/2023 8:08,82,2
7115,4/17/2023 8:08,82,2
7115,4/17/2023 8:08,82,2
7115,4/17/2023 8:08,82,2
7115,4/17/2023 8:08,82,2
7115,4/17/2023 8:08,82,2
7115,4/17/2023 8:08,82,2
7115,4/17/2023 8:08,82,2
7115,4/17/2023 8:08,82,2
7115,4/17/2023 8:08,82,2
7115,4/17/2023 8:08,82,2
7115,4/17/2023 8:08,82,2
7115,4/17/2023 8:08,82,2
7115,4/17/2023 8:08,82,2
7115,4/17/2023 8:08,82,2
7115,4/17/2023 8:09,82,2
7115,4/17/2023 8:09,82,2
7115,4/17/2023 8:09,82,2
7115,4/17/2023 8:09,82,2
7115,4/17/2023 8:09,82,2
7115,4/17/2023 8:09,82,2
7115,4/17/2023 8:09,82,2
7115,4/17/2023 8:09,82,2
7115,4/17/2023 8:09,82,2
7115,4/17/2023 8:09,82,2
7115,4/17/2023 8:09,82,2
7115,4/17/2023 8:09,82,2
7115,4/17/2023 8:09,82,2
7115,4/17/2023 8:09,82,2
7115,4/17/2023 8:09,82,2
7115,4/17/2023 8:09,82,2
7115,4/17/2023 8:09,82,2
7115,4/17/2023 8:09,82,2
7115,4/17/2023 8:09,82,2
7115,4/17/2023 8:09,82,2
7115,4/17/2023 8:09,82,2
7115,4/17/2023 8:09,82,2
7115,4/17/2023 8:09,82,2
7115,4/17/2023 8:09,82,2
7115,4/17/2023 8:09,82,2
7115,4/17/2023 8:09,82,2
7115,4/17/2023 8:09,82,2
7115,4/17/2023 8:09,82,2
7115,4/17/2023 8:09,82,2
7115,4/17/2023 8:09,82,2
7115,4/17/2023 8:09,82,2
7115,4/17/2023 8:09,82,2
7115,4/17/2023 8:09,82,2
7115,4/17/2023 8:09,82,2
7115,4/17/2023 8:09,82,2
7115,4/17/2023 8:09,82,2
7115,4/17/2023 8:09,82,2
7115,4/17/2023 8:09,82,2
7115,4/17/2023 8:09,82,2
7115,4/17/2023 8:09,82,2
7115,4/17/2023 8:09,82,2
7115,4/17/2023 8:09,82,2
7115,4/17/2023 8:09,82,2
7115,4/17/2023 8:09,82,2
7115,4/17/2023 8:10,82,2
7115,4/17/2023 8:10,82,2
7115,4/17/2023 8:10,82,2
7115,4/17/2023 8:10,82,2
7115,4/17/2023 8:10,82,2
7115,4/17/2023 8:10,82,2
7115,4/17/2023 8:10,82,2
7115,4/17/2023 8:10,82,2
7115,4/17/2023 8:10,82,2
7115,4/17/2023 8:10,82,2
7115,4/17/2023 8:10,82,2
7115,4/17/2023 8:10,82,2
7115,4/17/2023 8:10,82,2
7115,4/17/2023 8:10,82,2
7115,4/17/2023 8:10,82,2
7115,4/17/2023 8:10,82,2
7115,4/17/2023 8:10,82,2
7115,4/17/2023 8:10,82,2
7115,4/17/2023 8:10,82,2
7115,4/17/2023 8:10,82,2
7115,4/17/2023 8:10,82,2
7115,4/17/2023 8:10,82,2
7115,4/17/2023 8:10,82,2
7115,4/17/2023 8:10,82,2
7115,4/17/2023 8:10,82,2
7115,4/17/2023 8:10,82,2
7115,4/17/2023 8:10,82,2
7115,4/17/2023 8:10,82,2
7115,4/17/2023 8:10,82,2
7115,4/17/2023 8:10,82,2
7115,4/17/2023 8:10,82,2
7115,4/17/2023 8:10,82,2
7115,4/17/2023 8:10,82,2
7115,4/17/2023 8:10,82,2
7115,4/17/2023 8:10,82,2
7115,4/17/2023 8:10,82,2
7115,4/17/2023 8:10,82,2
7115,4/17/2023 8:11,82,2
7115,4/17/2023 8:11,82,2
7115,4/17/2023 8:11,82,2
7115,4/17/2023 8:11,82,2
7115,4/17/2023 8:11,82,2
7115,4/17/2023 8:11,82,2
7115,4/17/2023 8:11,82,2
7115,4/17/2023 8:11,82,2
7115,4/17/2023 8:11,82,2
7115,4/17/2023 8:11,82,2
7115,4/17/2023 8:11,82,2
7115,4/17/2023 8:11,82,2
7115,4/17/2023 8:11,82,2
7115,4/17/2023 8:11,82,2
7115,4/17/2023 8:11,82,2
7115,4/17/2023 8:11,82,2
7115,4/17/2023 8:11,82,2
7115,4/17/2023 8:11,82,2
7115,4/17/2023 8:11,82,2
7115,4/17/2023 8:11,82,2
7115,4/17/2023 8:11,82,2
7115,4/17/2023 8:11,82,2
7115,4/17/2023 8:11,82,2
7115,4/17/2023 8:11,82,2
7115,4/17/2023 8:11,82,2
7115,4/17/2023 8:11,82,2
7115,4/17/2023 8:11,82,2
7115,4/17/2023 8:12,82,2
7115,4/17/2023 8:12,82,2
7115,4/17/2023 8:12,82,2
7115,4/17/2023 8:12,82,2
7115,4/17/2023 8:12,82,2
7115,4/17/2023 8:12,82,2
7115,4/17/2023 8:12,82,2
7115,4/17/2023 8:12,82,2
7115,4/17/2023 8:12,82,2
7115,4/17/2023 8:12,82,2
7115,4/17/2023 8:12,82,2
7115,4/17/2023 8:12,82,2
7115,4/17/2023 8:12,82,2
7115,4/17/2023 8:12,82,2
7115,4/17/2023 8:12,82,2
7115,4/17/2023 8:12,82,2
7115,4/17/2023 8:12,82,2
7115,4/17/2023 8:12,82,2
7115,4/17/2023 8:12,82,2
7115,4/17/2023 8:12,82,2
7115,4/17/2023 8:12,82,2
7115,4/17/2023 8:12,82,2
7115,4/17/2023 8:12,82,2
7115,4/17/2023 8:12,82,2
7115,4/17/2023 8:12,82,2
7115,4/17/2023 8:12,82,2
7115,4/17/2023 8:12,82,2
7115,4/17/2023 8:12,82,2
7115,4/17/2023 8:12,82,2
7115,4/17/2023 8:12,82,2
7115,4/17/2023 8:12,82,2
7115,4/17/2023 8:12,82,2
7115,4/17/2023 8:12,82,2
7115,4/17/2023 8:12,82,2
7115,4/17/2023 8:12,82,2
7115,4/17/2023 8:12,82,2
7115,4/17/2023 8:12,82,2
7115,4/17/2023 8:12,82,2
7115,4/17/2023 8:12,82,2
7115,4/17/2023 8:13,82,2
7115,4/17/2023 8:13,82,2
7115,4/17/2023 8:13,82,2
7115,4/17/2023 8:13,82,2
7115,4/17/2023 8:13,82,2
7115,4/17/2023 8:13,82,2
7115,4/17/2023 8:13,82,2
7115,4/17/2023 8:13,82,2
7115,4/17/2023 8:13,82,2
7115,4/17/2023 8:13,82,2
7115,4/17/2023 8:13,82,2
7115,4/17/2023 8:13,82,2
7115,4/17/2023 8:13,82,2
7115,4/17/2023 8:13,82,2
7115,4/17/2023 8:13,82,2
7115,4/17/2023 8:13,82,2
7115,4/17/2023 8:13,82,2
7115,4/17/2023 8:13,82,2
7115,4/17/2023 8:13,82,2
7115,4/17/2023 8:13,82,2
7115,4/17/2023 8:13,82,2
7115,4/17/2023 8:13,82,2
7115,4/17/2023 8:13,82,2
7115,4/17/2023 8:13,82,2
7115,4/17/2023 8:13,82,2
7115,4/17/2023 8:13,82,2
7115,4/17/2023 8:13,82,2
7115,4/17/2023 8:13,82,2
7115,4/17/2023 8:13,82,2
7115,4/17/2023 8:13,82,2
7115,4/17/2023 8:13,82,2
7115,4/17/2023 8:13,82,2
7115,4/17/2023 8:13,82,2
7115,4/17/2023 8:13,82,2
7115,4/17/2023 8:13,82,2
7115,4/17/2023 8:13,82,2
7115,4/17/2023 8:13,82,2
7115,4/17/2023 8:13,82,2
7115,4/17/2023 8:13,82,2
7115,4/17/2023 8:14,82,2
7115,4/17/2023 8:14,82,2
7115,4/17/2023 8:14,82,2
7115,4/17/2023 8:14,82,2
7115,4/17/2023 8:14,82,2
7115,4/17/2023 8:14,82,2
7115,4/17/2023 8:14,82,2
7115,4/17/2023 8:14,82,2
7115,4/17/2023 8:14,82,2
7115,4/17/2023 8:14,82,2
7115,4/17/2023 8:14,82,2
7115,4/17/2023 8:14,82,2
7115,4/17/2023 8:14,82,2
7115,4/17/2023 8:14,82,2
7115,4/17/2023 8:14,82,2
7115,4/17/2023 8:14,82,2
7115,4/17/2023 8:14,82,2
7115,4/17/2023 8:14,82,2
7115,4/17/2023 8:14,82,2
7115,4/17/2023 8:14,82,2
7115,4/17/2023 8:14,82,2
7115,4/17/2023 8:14,82,2
7115,4/17/2023 8:14,82,2
7115,4/17/2023 8:14,82,2
7115,4/17/2023 8:14,82,2
7115,4/17/2023 8:14,82,2
7115,4/17/2023 8:14,82,2
7115,4/17/2023 8:14,82,2
7115,4/17/2023 8:14,82,2
7115,4/17/2023 8:14,82,2
7115,4/17/2023 8:14,82,2
7115,4/17/2023 8:14,82,2
7115,4/17/2023 8:14,82,2
7115,4/17/2023 8:14,82,2
7115,4/17/2023 8:14,82,2
7115,4/17/2023 8:14,82,2
7115,4/17/2023 8:14,82,2
7115,4/17/2023 8:14,82,2
7115,4/17/2023 8:14,82,2
7115,4/17/2023 8:14,82,2
7115,4/17/2023 8:15,82,2
7115,4/17/2023 8:15,82,2
7115,4/17/2023 8:15,82,2
7115,4/17/2023 8:15,82,2
7115,4/17/2023 8:15,82,2
7115,4/17/2023 8:15,82,2
7115,4/17/2023 8:15,82,2
7115,4/17/2023 8:15,82,2
7115,4/17/2023 8:15,82,2
7115,4/17/2023 8:15,82,2
7115,4/17/2023 8:15,82,2
7115,4/17/2023 8:15,82,2
7115,4/17/2023 8:15,82,2
7115,4/17/2023 8:15,82,2
7115,4/17/2023 8:15,82,2
7115,4/17/2023 8:15,82,2
7115,4/17/2023 8:15,82,2
7115,4/17/2023 8:15,82,2
7115,4/17/2023 8:15,82,2
7115,4/17/2023 8:15,82,2
7115,4/17/2023 8:15,82,2
7115,4/17/2023 8:15,82,2
7115,4/17/2023 8:15,82,2
7115,4/17/2023 8:15,82,2
7115,4/17/2023 8:15,82,2
7115,4/17/2023 8:15,82,2
7115,4/17/2023 8:15,82,2
7115,4/17/2023 8:15,82,2
7115,4/17/2023 8:15,82,2
7115,4/17/2023 8:15,82,2
7115,4/17/2023 8:15,82,2
7115,4/17/2023 8:15,82,2
7115,4/17/2023 8:15,82,2
7115,4/17/2023 8:15,82,2
7115,4/17/2023 8:15,82,2
7115,4/17/2023 8:15,82,2
7115,4/17/2023 8:15,82,2
7115,4/17/2023 8:15,82,2
7115,4/17/2023 8:15,82,2
7115,4/17/2023 8:15,82,2
7115,4/17/2023 8:15,82,2
7115,4/17/2023 8:15,82,2
7115,4/17/2023 8:15,82,2
7115,4/17/2023 8:15,82,2
7115,4/17/2023 8:15,82,2
7115,4/17/2023 8:15,82,2
7115,4/17/2023 8:15,82,2
7115,4/17/2023 8:15,82,2
7115,4/17/2023 8:15,82,2
7115,4/17/2023 8:15,82,2
7115,4/17/2023 8:15,82,2
7115,4/17/2023 8:15,82,2
7115,4/17/2023 8:15,82,2
7115,4/17/2023 8:15,82,2
7115,4/17/2023 8:15,82,2
7115,4/17/2023 8:15,82,2
7115,4/17/2023 8:15,82,2
7115,4/17/2023 8:15,82,2
7115,4/17/2023 8:16,82,2
7115,4/17/2023 8:16,82,2
7115,4/17/2023 8:16,82,2
7115,4/17/2023 8:16,82,2
7115,4/17/2023 8:16,82,2
7115,4/17/2023 8:16,82,2
7115,4/17/2023 8:16,82,2
7115,4/17/2023 8:16,82,2
7115,4/17/2023 8:16,82,2
7115,4/17/2023 8:16,82,2
7115,4/17/2023 8:16,82,2
7115,4/17/2023 8:16,82,2
7115,4/17/2023 8:16,82,2
7115,4/17/2023 8:16,82,2
7115,4/17/2023 8:16,82,2
7115,4/17/2023 8:16,82,2
7115,4/17/2023 8:16,82,2
7115,4/17/2023 8:16,82,2
7115,4/17/2023 8:16,82,2
7115,4/17/2023 8:16,82,2
7115,4/17/2023 8:16,82,2
7115,4/17/2023 8:16,82,2
7115,4/17/2023 8:16,82,2
7115,4/17/2023 8:16,82,2
7115,4/17/2023 8:16,82,2
7115,4/17/2023 8:16,82,2
7115,4/17/2023 8:16,82,2
7115,4/17/2023 8:16,82,2
7115,4/17/2023 8:16,82,2
7115,4/17/2023 8:16,82,2
7115,4/17/2023 8:16,82,2
7115,4/17/2023 8:16,82,2
7115,4/17/2023 8:16,82,2
7115,4/17/2023 8:16,82,2
7115,4/17/2023 8:16,82,2
7115,4/17/2023 8:16,82,2
7115,4/17/2023 8:16,82,2
7115,4/17/2023 8:16,82,2
7115,4/17/2023 8:16,82,2
7115,4/17/2023 8:16,82,2
7115,4/17/2023 8:16,82,2
7115,4/17/2023 8:16,82,2
7115,4/17/2023 8:16,82,2
7115,4/17/2023 8:16,82,2
7115,4/17/2023 8:16,82,2
7115,4/17/2023 8:17,82,2
7115,4/17/2023 8:17,82,2
7115,4/17/2023 8:17,82,2
7115,4/17/2023 8:17,82,2
7115,4/17/2023 8:17,82,2
7115,4/17/2023 8:17,82,2
7115,4/17/2023 8:17,82,2
7115,4/17/2023 8:17,82,2
7115,4/17/2023 8:17,82,2
7115,4/17/2023 8:17,82,2
7115,4/17/2023 8:17,82,2
7115,4/17/2023 8:17,82,2
7115,4/17/2023 8:17,82,2
7115,4/17/2023 8:17,82,2
7115,4/17/2023 8:17,82,2
7115,4/17/2023 8:17,82,2
7115,4/17/2023 8:17,82,2
7115,4/17/2023 8:17,82,2
7115,4/17/2023 8:17,82,2
7115,4/17/2023 8:17,82,2
7115,4/17/2023 8:17,82,2
7115,4/17/2023 8:17,82,2
7115,4/17/2023 8:17,82,2
7115,4/17/2023 8:17,82,2
7115,4/17/2023 8:17,82,2
7115,4/17/2023 8:18,82,2
7115,4/17/2023 8:18,82,2
7115,4/17/2023 8:18,82,2
7115,4/17/2023 8:18,82,2
7115,4/17/2023 8:18,82,2
7115,4/17/2023 8:18,82,2
7115,4/17/2023 8:18,82,2
7115,4/17/2023 8:18,82,2
7115,4/17/2023 8:18,82,2
7115,4/17/2023 8:18,82,2
7115,4/17/2023 8:18,82,2
7115,4/17/2023 8:18,82,2
7115,4/17/2023 8:18,82,2
7115,4/17/2023 8:18,82,2
7115,4/17/2023 8:18,82,2
7115,4/17/2023 8:18,82,2
7115,4/17/2023 8:18,82,2
7115,4/17/2023 8:18,82,2
7115,4/17/2023 8:18,82,2
7115,4/17/2023 8:18,82,2
7115,4/17/2023 8:18,82,2
7115,4/17/2023 8:18,82,2
7115,4/17/2023 8:18,82,2
7115,4/17/2023 8:18,82,2
7115,4/17/2023 8:18,82,2
7115,4/17/2023 8:18,82,2
7115,4/17/2023 8:18,82,2
7115,4/17/2023 8:18,82,2
7115,4/17/2023 8:18,82,2
7115,4/17/2023 8:18,82,2
7115,4/17/2023 8:18,82,2
7115,4/17/2023 8:19,82,2
7115,4/17/2023 8:19,82,2
7115,4/17/2023 8:19,82,2
7115,4/17/2023 8:19,82,2
7115,4/17/2023 8:19,82,2
7115,4/17/2023 8:19,82,2
7115,4/17/2023 8:19,82,2
7115,4/17/2023 8:19,82,2
7115,4/17/2023 8:19,82,2
7115,4/17/2023 8:19,82,2
7115,4/17/2023 8:19,82,2
7115,4/17/2023 8:19,82,2
7115,4/17/2023 8:19,82,2
7115,4/17/2023 8:19,82,2
7115,4/17/2023 8:19,82,2
7115,4/17/2023 8:19,82,2
7115,4/17/2023 8:19,82,2
7115,4/17/2023 8:19,82,2
7115,4/17/2023 8:19,82,2
7115,4/17/2023 8:19,82,2
7115,4/17/2023 8:19,82,2
7115,4/17/2023 8:19,82,2
7115,4/17/2023 8:19,82,2
7115,4/17/2023 8:19,82,2
7115,4/17/2023 8:19,82,2
7115,4/17/2023 8:19,82,2
7115,4/17/2023 8:19,82,2
7115,4/17/2023 8:19,82,2
7115,4/17/2023 8:19,82,2
7115,4/17/2023 8:19,82,2
7115,4/17/2023 8:19,82,2
7115,4/17/2023 8:19,82,2
7115,4/17/2023 8:19,82,2
7115,4/17/2023 8:19,82,2
7115,4/17/2023 8:19,82,2
7115,4/17/2023 8:19,82,2
7115,4/17/2023 8:19,82,2
7115,4/17/2023 8:19,82,2
7115,4/17/2023 8:19,82,2
7115,4/17/2023 8:19,82,2
7115,4/17/2023 8:19,82,2
7115,4/17/2023 8:19,82,2
7115,4/17/2023 8:19,82,2
7115,4/17/2023 8:20,82,2
7115,4/17/2023 8:20,82,2
7115,4/17/2023 8:20,82,2
7115,4/17/2023 8:20,82,2
7115,4/17/2023 8:20,82,2
7115,4/17/2023 8:20,82,2
7115,4/17/2023 8:20,82,2
7115,4/17/2023 8:20,82,2
7115,4/17/2023 8:20,82,2
7115,4/17/2023 8:20,82,2
7115,4/17/2023 8:20,82,2
7115,4/17/2023 8:20,82,2
7115,4/17/2023 8:20,82,2
7115,4/17/2023 8:20,82,2
7115,4/17/2023 8:20,82,2
7115,4/17/2023 8:20,82,2
7115,4/17/2023 8:20,82,2
7115,4/17/2023 8:20,82,2
7115,4/17/2023 8:20,82,2
7115,4/17/2023 8:20,82,2
7115,4/17/2023 8:20,82,2
7115,4/17/2023 8:20,82,2
7115,4/17/2023 8:20,82,2
7115,4/17/2023 8:20,82,2
7115,4/17/2023 8:20,82,2
7115,4/17/2023 8:20,82,2
7115,4/17/2023 8:20,82,2
7115,4/17/2023 8:20,82,2
7115,4/17/2023 8:20,82,2
7115,4/17/2023 8:20,82,2
7115,4/17/2023 8:20,82,2
7115,4/17/2023 8:20,82,2
7115,4/17/2023 8:20,82,2
7115,4/17/2023 8:20,82,2
7115,4/17/2023 8:20,82,2
7115,4/17/2023 8:20,82,2
7115,4/17/2023 8:20,82,2
7115,4/17/2023 8:20,82,2
7115,4/17/2023 8:20,82,2
7115,4/17/2023 8:21,82,2
7115,4/17/2023 8:21,82,2
7115,4/17/2023 8:21,82,2
7115,4/17/2023 8:21,82,2
7115,4/17/2023 8:21,82,2
7115,4/17/2023 8:21,82,2
7115,4/17/2023 8:21,82,2
7115,4/17/2023 8:21,82,2
7115,4/17/2023 8:21,82,2
7115,4/17/2023 8:21,82,2
7115,4/17/2023 8:21,82,2
7115,4/17/2023 8:21,82,2
7115,4/17/2023 8:21,82,2
7115,4/17/2023 8:21,82,2
7115,4/17/2023 8:21,82,2
7115,4/17/2023 8:21,82,2
7115,4/17/2023 8:21,82,2
7115,4/17/2023 8:21,82,2
7115,4/17/2023 8:21,82,2
7115,4/17/2023 8:21,82,2
7115,4/17/2023 8:21,82,2
7115,4/17/2023 8:21,82,2
7115,4/17/2023 8:21,82,2
7115,4/17/2023 8:21,82,2
7115,4/17/2023 8:21,82,2
7115,4/17/2023 8:21,82,2
7115,4/17/2023 8:21,82,2
7115,4/17/2023 8:21,82,2
7115,4/17/2023 8:21,82,2
7115,4/17/2023 8:21,82,2
7115,4/17/2023 8:21,82,2
7115,4/17/2023 8:21,82,2
7115,4/17/2023 8:21,82,2
7115,4/17/2023 8:21,82,2
7115,4/17/2023 8:21,82,2
7115,4/17/2023 8:21,82,2
7115,4/17/2023 8:21,82,2
7115,4/17/2023 8:21,82,2
7115,4/17/2023 8:21,82,2
7115,4/17/2023 8:21,82,2
7115,4/17/2023 8:22,82,2
7115,4/17/2023 8:22,82,2
7115,4/17/2023 8:22,82,2
7115,4/17/2023 8:22,82,2
7115,4/17/2023 8:22,82,2
7115,4/17/2023 8:22,82,2
7115,4/17/2023 8:22,82,2
7115,4/17/2023 8:22,82,2
7115,4/17/2023 8:22,82,2
7115,4/17/2023 8:22,82,2
7115,4/17/2023 8:22,82,2
7115,4/17/2023 8:22,82,2
7115,4/17/2023 8:22,82,2
7115,4/17/2023 8:22,82,2
7115,4/17/2023 8:22,82,2
7115,4/17/2023 8:22,82,2
7115,4/17/2023 8:22,82,2
7115,4/17/2023 8:22,82,2
7115,4/17/2023 8:22,82,2
7115,4/17/2023 8:22,82,2
7115,4/17/2023 8:22,82,2
7115,4/17/2023 8:22,82,2
7115,4/17/2023 8:22,82,2
7115,4/17/2023 8:22,82,2
7115,4/17/2023 8:22,82,2
7115,4/17/2023 8:22,82,2
7115,4/17/2023 8:22,82,2
7115,4/17/2023 8:22,82,2
7115,4/17/2023 8:22,82,2
7115,4/17/2023 8:22,82,2
7115,4/17/2023 8:22,82,2
7115,4/17/2023 8:22,82,2
7115,4/17/2023 8:22,82,2
7115,4/17/2023 8:22,82,2
7115,4/17/2023 8:22,82,2
7115,4/17/2023 8:22,82,2
7115,4/17/2023 8:22,82,2
7115,4/17/2023 8:22,82,2
7115,4/17/2023 8:22,82,2
7115,4/17/2023 8:23,82,2
7115,4/17/2023 8:23,82,2
7115,4/17/2023 8:23,82,2
7115,4/17/2023 8:23,82,2
7115,4/17/2023 8:23,82,2
7115,4/17/2023 8:23,82,2
7115,4/17/2023 8:23,82,2
7115,4/17/2023 8:23,82,2
7115,4/17/2023 8:23,82,2
7115,4/17/2023 8:23,82,2
7115,4/17/2023 8:23,82,2
7115,4/17/2023 8:23,82,2
7115,4/17/2023 8:23,82,2
7115,4/17/2023 8:23,82,2
7115,4/17/2023 8:23,82,2
7115,4/17/2023 8:23,82,2
7115,4/17/2023 8:23,82,2
7115,4/17/2023 8:23,82,2
7115,4/17/2023 8:23,82,2
7115,4/17/2023 8:23,82,2
7115,4/17/2023 8:23,82,2
7115,4/17/2023 8:23,82,2
7115,4/17/2023 8:23,82,2
7115,4/17/2023 8:23,82,2
7115,4/17/2023 8:23,82,2
7115,4/17/2023 8:23,82,2
7115,4/17/2023 8:23,82,2
7115,4/17/2023 8:23,82,2
7115,4/17/2023 8:23,82,2
7115,4/17/2023 8:23,82,2
7115,4/17/2023 8:23,82,2
7115,4/17/2023 8:23,82,2
7115,4/17/2023 8:23,82,2
7115,4/17/2023 8:23,82,2
7115,4/17/2023 8:23,82,2
7115,4/17/2023 8:23,82,2
7115,4/17/2023 8:24,82,2
7115,4/17/2023 8:24,82,2
7115,4/17/2023 8:24,82,2
7115,4/17/2023 8:24,82,2
7115,4/17/2023 8:24,82,2
7115,4/17/2023 8:24,82,2
7115,4/17/2023 8:24,82,2
7115,4/17/2023 8:24,82,2
7115,4/17/2023 8:24,82,2
7115,4/17/2023 8:24,82,2
7115,4/17/2023 8:24,82,2
7115,4/17/2023 8:24,82,2
7115,4/17/2023 8:24,82,2
7115,4/17/2023 8:24,82,2
7115,4/17/2023 8:24,82,2
7115,4/17/2023 8:24,82,2
7115,4/17/2023 8:24,82,2
7115,4/17/2023 8:24,82,2
7115,4/17/2023 8:24,82,2
7115,4/17/2023 8:24,82,2
7115,4/17/2023 8:24,82,2
7115,4/17/2023 8:24,82,2
7115,4/17/2023 8:24,82,2
7115,4/17/2023 8:24,82,2
7115,4/17/2023 8:24,82,2
7115,4/17/2023 8:25,82,2
7115,4/17/2023 8:25,82,2
7115,4/17/2023 8:25,82,2
7115,4/17/2023 8:25,82,2
7115,4/17/2023 8:25,82,2
7115,4/17/2023 8:25,82,2
7115,4/17/2023 8:25,82,2
7115,4/17/2023 8:25,82,2
7115,4/17/2023 8:25,82,2
7115,4/17/2023 8:25,82,2
7115,4/17/2023 8:25,82,2
7115,4/17/2023 8:25,82,2
7115,4/17/2023 8:25,82,2
7115,4/17/2023 8:25,82,2
7115,4/17/2023 8:25,82,2
7115,4/17/2023 8:25,82,2
7115,4/17/2023 8:25,82,2
7115,4/17/2023 8:25,82,2
7115,4/17/2023 8:25,82,2
7115,4/17/2023 8:25,82,2
7115,4/17/2023 8:25,82,2
7115,4/17/2023 8:25,82,2
7115,4/17/2023 8:25,82,2
7115,4/17/2023 8:25,82,2
7115,4/17/2023 8:25,82,2
7115,4/17/2023 8:25,82,2
7115,4/17/2023 8:25,82,2
7115,4/17/2023 8:25,82,2
7115,4/17/2023 8:25,82,2
7115,4/17/2023 8:25,82,2
7115,4/17/2023 8:25,82,2
7115,4/17/2023 8:25,82,2
7115,4/17/2023 8:25,82,2
7115,4/17/2023 8:25,82,2
7115,4/17/2023 8:25,82,2
7115,4/17/2023 8:25,82,2
7115,4/17/2023 8:25,82,2
7115,4/17/2023 8:25,82,2
7115,4/17/2023 8:25,82,2
7115,4/17/2023 8:25,82,2
7115,4/17/2023 8:25,82,2
7115,4/17/2023 8:25,82,2
7115,4/17/2023 8:25,82,2
7115,4/17/2023 8:25,82,2
7115,4/17/2023 8:25,82,2
7115,4/17/2023 8:25,82,2
7115,4/17/2023 8:25,82,2
7115,4/17/2023 8:25,82,2
7115,4/17/2023 8:25,82,2
7115,4/17/2023 8:25,82,2
7115,4/17/2023 8:25,82,2
7115,4/17/2023 8:25,82,2
7115,4/17/2023 8:25,82,2
7115,4/17/2023 8:25,82,2
7115,4/17/2023 8:25,82,2
7115,4/17/2023 8:26,82,2
7115,4/17/2023 8:26,82,2
7115,4/17/2023 8:26,82,2
7115,4/17/2023 8:26,82,2
7115,4/17/2023 8:26,82,2
7115,4/17/2023 8:26,82,2
7115,4/17/2023 8:26,82,2
7115,4/17/2023 8:26,82,2
7115,4/17/2023 8:26,82,2
7115,4/17/2023 8:26,82,2
7115,4/17/2023 8:26,82,2
7115,4/17/2023 8:26,82,2
7115,4/17/2023 8:26,82,2
7115,4/17/2023 8:26,82,2
7115,4/17/2023 8:26,82,2
7115,4/17/2023 8:26,82,2
7115,4/17/2023 8:26,82,2
7115,4/17/2023 8:26,82,2
7115,4/17/2023 8:26,82,2
7115,4/17/2023 8:26,82,2
7115,4/17/2023 8:26,82,2
7115,4/17/2023 8:26,82,2
7115,4/17/2023 8:26,82,2
7115,4/17/2023 8:26,82,2
7115,4/17/2023 8:26,82,2
7115,4/17/2023 8:26,82,2
7115,4/17/2023 8:26,82,2
7115,4/17/2023 8:26,82,2
7115,4/17/2023 8:26,82,2
7115,4/17/2023 8:26,82,2
7115,4/17/2023 8:26,82,2
7115,4/17/2023 8:26,82,2
7115,4/17/2023 8:26,82,2
7115,4/17/2023 8:26,82,2
7115,4/17/2023 8:26,82,2
7115,4/17/2023 8:26,82,2
7115,4/17/2023 8:26,82,2
7115,4/17/2023 8:26,82,2
7115,4/17/2023 8:26,82,2
7115,4/17/2023 8:26,82,2
7115,4/17/2023 8:26,82,2
7115,4/17/2023 8:27,82,2
7115,4/17/2023 8:27,82,2
7115,4/17/2023 8:27,82,2
7115,4/17/2023 8:27,82,2
7115,4/17/2023 8:27,82,2
7115,4/17/2023 8:27,82,2
7115,4/17/2023 8:27,82,2
7115,4/17/2023 8:27,82,2
7115,4/17/2023 8:27,82,2
7115,4/17/2023 8:27,82,2
7115,4/17/2023 8:27,82,2
7115,4/17/2023 8:27,82,2
7115,4/17/2023 8:27,82,2
7115,4/17/2023 8:27,82,2
7115,4/17/2023 8:27,82,2
7115,4/17/2023 8:27,82,2
7115,4/17/2023 8:27,82,2
7115,4/17/2023 8:27,82,2
7115,4/17/2023 8:27,82,2
7115,4/17/2023 8:27,82,2
7115,4/17/2023 8:27,82,2
7115,4/17/2023 8:27,82,2
7115,4/17/2023 8:27,82,2
7115,4/17/2023 8:27,82,2
7115,4/17/2023 8:27,82,2
7115,4/17/2023 8:27,82,2
7115,4/17/2023 8:27,82,2
7115,4/17/2023 8:27,82,2
7115,4/17/2023 8:27,82,2
7115,4/17/2023 8:27,82,2
7115,4/17/2023 8:27,82,2
7115,4/17/2023 8:27,82,2
7115,4/17/2023 8:27,82,2
7115,4/17/2023 8:27,82,2
7115,4/17/2023 8:27,82,2
7115,4/17/2023 8:27,82,2
7115,4/17/2023 8:28,82,2
7115,4/17/2023 8:28,82,2
7115,4/17/2023 8:28,82,2
7115,4/17/2023 8:28,82,2
7115,4/17/2023 8:28,82,2
7115,4/17/2023 8:28,82,2
7115,4/17/2023 8:28,82,2
7115,4/17/2023 8:28,82,2
7115,4/17/2023 8:28,82,2
7115,4/17/2023 8:28,82,2
7115,4/17/2023 8:28,82,2
7115,4/17/2023 8:28,82,2
7115,4/17/2023 8:28,82,2
7115,4/17/2023 8:28,82,2
7115,4/17/2023 8:28,82,2
7115,4/17/2023 8:28,82,2
7115,4/17/2023 8:28,82,2
7115,4/17/2023 8:28,82,2
7115,4/17/2023 8:28,82,2
7115,4/17/2023 8:28,82,2
7115,4/17/2023 8:28,82,2
7115,4/17/2023 8:28,82,2
7115,4/17/2023 8:28,82,2
7115,4/17/2023 8:28,82,2
7115,4/17/2023 8:28,82,2
7115,4/17/2023 8:28,82,2
7115,4/17/2023 8:28,82,2
7115,4/17/2023 8:28,82,2
7115,4/17/2023 8:28,82,2
7115,4/17/2023 8:28,82,2
7115,4/17/2023 8:28,82,2
7115,4/17/2023 8:28,82,2
7115,4/17/2023 8:28,82,2
7115,4/17/2023 8:28,82,2
7115,4/17/2023 8:28,82,2
7115,4/17/2023 8:28,82,2
7115,4/17/2023 8:28,82,2
7115,4/17/2023 8:28,82,2
7115,4/17/2023 8:28,82,2
7115,4/17/2023 8:28,82,2
7115,4/17/2023 8:28,82,2
7115,4/17/2023 8:28,82,2
7115,4/17/2023 8:28,82,2
7115,4/17/2023 8:28,82,2
7115,4/17/2023 8:28,82,2
7115,4/17/2023 8:28,82,2
7115,4/17/2023 8:28,82,2
7115,4/17/2023 8:28,82,2
7115,4/17/2023 8:28,82,2
7115,4/17/2023 8:29,82,2
7115,4/17/2023 8:29,82,2
7115,4/17/2023 8:29,82,2
7115,4/17/2023 8:29,82,2
7115,4/17/2023 8:29,82,2
7115,4/17/2023 8:29,82,2
7115,4/17/2023 8:29,82,2
7115,4/17/2023 8:29,82,2
7115,4/17/2023 8:29,82,2
7115,4/17/2023 8:29,82,2
7115,4/17/2023 8:29,82,2
7115,4/17/2023 8:29,82,2
7115,4/17/2023 8:29,82,2
7115,4/17/2023 8:29,82,2
7115,4/17/2023 8:29,82,2
7115,4/17/2023 8:29,82,2
7115,4/17/2023 8:29,82,2
7115,4/17/2023 8:29,82,2
7115,4/17/2023 8:29,82,2
7115,4/17/2023 8:29,82,2
7115,4/17/2023 8:29,82,2
7115,4/17/2023 8:29,82,2
7115,4/17/2023 8:29,82,2
7115,4/17/2023 8:29,82,2
7115,4/17/2023 8:29,82,2
7115,4/17/2023 8:29,82,2
7115,4/17/2023 8:29,82,2
7115,4/17/2023 8:29,82,2
7115,4/17/2023 8:29,82,2
7115,4/17/2023 8:29,82,2
7115,4/17/2023 8:29,82,2
7115,4/17/2023 8:29,82,2
7115,4/17/2023 8:29,82,2
7115,4/17/2023 8:29,82,2
7115,4/17/2023 8:29,82,2
7115,4/17/2023 8:29,82,2
7115,4/17/2023 8:29,82,2
7115,4/17/2023 8:29,82,2
7115,4/17/2023 8:29,82,2
7115,4/17/2023 8:29,82,2
7115,4/17/2023 8:29,82,2
7115,4/17/2023 8:29,82,2
7115,4/17/2023 8:29,82,2
7115,4/17/2023 8:29,82,2
7115,4/17/2023 8:29,82,2
7115,4/17/2023 8:29,82,2
7115,4/17/2023 8:29,82,2
7115,4/17/2023 8:29,82,2
7115,4/17/2023 8:30,82,2
7115,4/17/2023 8:30,82,2
7115,4/17/2023 8:30,82,2
7115,4/17/2023 8:30,82,2
7115,4/17/2023 8:30,82,2
7115,4/17/2023 8:30,82,2
7115,4/17/2023 8:30,82,2
7115,4/17/2023 8:30,82,2
7115,4/17/2023 8:30,82,2
7115,4/17/2023 8:30,82,2
7115,4/17/2023 8:30,82,2
7115,4/17/2023 8:30,82,2
7115,4/17/2023 8:30,82,2
7115,4/17/2023 8:30,82,2
7115,4/17/2023 8:30,82,2
7115,4/17/2023 8:30,82,2
7115,4/17/2023 8:30,82,2
7115,4/17/2023 8:30,82,2
7115,4/17/2023 8:30,82,2
7115,4/17/2023 8:30,82,2
7115,4/17/2023 8:30,82,2
7115,4/17/2023 8:30,82,2
7115,4/17/2023 8:30,82,2
7115,4/17/2023 8:30,82,2
7115,4/17/2023 8:30,82,2
7115,4/17/2023 8:30,82,2
7115,4/17/2023 8:30,82,2
7115,4/17/2023 8:30,82,2
7115,4/17/2023 8:30,82,2
7115,4/17/2023 8:30,82,2
7115,4/17/2023 8:30,82,2
7115,4/17/2023 8:30,82,2
7115,4/17/2023 8:30,82,2
7115,4/17/2023 8:30,82,2
7115,4/17/2023 8:30,82,2
7115,4/17/2023 8:30,82,2
7115,4/17/2023 8:30,82,2
7115,4/17/2023 8:30,82,2
7115,4/17/2023 8:30,82,2
7115,4/17/2023 8:30,82,2
7115,4/17/2023 8:30,82,2
7115,4/17/2023 8:30,82,2
7115,4/17/2023 8:30,82,2
7115,4/17/2023 8:30,82,2
7115,4/17/2023 8:30,82,2
7115,4/17/2023 8:30,82,2
7115,4/17/2023 8:31,82,2
7115,4/17/2023 8:31,82,2
7115,4/17/2023 8:31,82,2
7115,4/17/2023 8:31,82,2
7115,4/17/2023 8:31,82,2
7115,4/17/2023 8:31,82,2
7115,4/17/2023 8:31,82,2
7115,4/17/2023 8:31,82,2
7115,4/17/2023 8:31,82,2
7115,4/17/2023 8:31,82,2
7115,4/17/2023 8:31,82,2
7115,4/17/2023 8:31,82,2
7115,4/17/2023 8:31,82,2
7115,4/17/2023 8:31,82,2
7115,4/17/2023 8:31,82,2
7115,4/17/2023 8:31,82,2
7115,4/17/2023 8:31,82,2
7115,4/17/2023 8:31,82,2
7115,4/17/2023 8:31,82,2
7115,4/17/2023 8:31,82,2
7115,4/17/2023 8:31,82,2
7115,4/17/2023 8:31,82,2
7115,4/17/2023 8:31,82,2
7115,4/17/2023 8:31,82,2
7115,4/17/2023 8:31,82,2
7115,4/17/2023 8:31,82,2
7115,4/17/2023 8:31,82,2
7115,4/17/2023 8:31,82,2
7115,4/17/2023 8:31,82,2
7115,4/17/2023 8:31,82,2
7115,4/17/2023 8:31,82,2
7115,4/17/2023 8:31,82,2
7115,4/17/2023 8:31,82,2
7115,4/17/2023 8:31,82,2
7115,4/17/2023 8:31,82,2
7115,4/17/2023 8:31,82,2
7115,4/17/2023 8:31,82,2
7115,4/17/2023 8:31,82,2
7115,4/17/2023 8:31,82,2
7115,4/17/2023 8:31,82,2
7115,4/17/2023 8:32,82,2
7115,4/17/2023 8:32,82,2
7115,4/17/2023 8:32,82,2
7115,4/17/2023 8:32,82,2
7115,4/17/2023 8:32,82,2
7115,4/17/2023 8:32,82,2
7115,4/17/2023 8:32,82,2
7115,4/17/2023 8:32,82,2
7115,4/17/2023 8:32,82,2
7115,4/17/2023 8:32,82,2
7115,4/17/2023 8:32,82,2
7115,4/17/2023 8:32,82,2
7115,4/17/2023 8:32,82,2
7115,4/17/2023 8:32,82,2
7115,4/17/2023 8:32,82,2
7115,4/17/2023 8:32,82,2
7115,4/17/2023 8:32,82,2
7115,4/17/2023 8:32,82,2
7115,4/17/2023 8:32,82,2
7115,4/17/2023 8:32,82,2
7115,4/17/2023 8:32,82,2
7115,4/17/2023 8:32,82,2
7115,4/17/2023 8:32,82,2
7115,4/17/2023 8:32,82,2
7115,4/17/2023 8:32,82,2
7115,4/17/2023 8:32,82,2
7115,4/17/2023 8:32,82,2
7115,4/17/2023 8:32,82,2
7115,4/17/2023 8:32,82,2
7115,4/17/2023 8:32,82,2
7115,4/17/2023 8:32,82,2
7115,4/17/2023 8:32,82,2
7115,4/17/2023 8:33,82,2
7115,4/17/2023 8:33,82,2
7115,4/17/2023 8:33,82,2
7115,4/17/2023 8:33,82,2
7115,4/17/2023 8:33,82,2
7115,4/17/2023 8:33,82,2
7115,4/17/2023 8:33,82,2
7115,4/17/2023 8:33,82,2
7115,4/17/2023 8:33,82,2
7115,4/17/2023 8:33,82,2
7115,4/17/2023 8:33,82,2
7115,4/17/2023 8:33,82,2
7115,4/17/2023 8:33,82,2
7115,4/17/2023 8:33,82,2
7115,4/17/2023 8:33,82,2
7115,4/17/2023 8:33,82,2
7115,4/17/2023 8:33,82,2
7115,4/17/2023 8:33,82,2
7115,4/17/2023 8:33,82,2
7115,4/17/2023 8:34,82,2
7115,4/17/2023 8:34,82,2
7115,4/17/2023 8:34,82,2
7115,4/17/2023 8:34,82,2
7115,4/17/2023 8:34,82,2
7115,4/17/2023 8:34,82,2
7115,4/17/2023 8:34,82,2
7115,4/17/2023 8:34,82,2
7115,4/17/2023 8:34,82,2
7115,4/17/2023 8:34,82,2
7115,4/17/2023 8:34,82,2
7115,4/17/2023 8:34,82,2
7115,4/17/2023 8:34,82,2
7115,4/17/2023 8:34,82,2
7115,4/17/2023 8:34,82,2
7115,4/17/2023 8:34,82,2
7115,4/17/2023 8:34,82,2
7115,4/17/2023 8:34,82,2
7115,4/17/2023 8:34,82,2
7115,4/17/2023 8:34,82,2
7115,4/17/2023 8:34,82,2
7115,4/17/2023 8:35,82,2
7115,4/17/2023 8:35,82,2
7115,4/17/2023 8:35,82,2
7115,4/17/2023 8:35,82,2
7115,4/17/2023 8:35,82,2
7115,4/17/2023 8:35,82,2
7115,4/17/2023 8:35,82,2
7115,4/17/2023 8:35,82,2
7115,4/17/2023 8:35,82,2
7115,4/17/2023 8:35,82,2
7115,4/17/2023 8:35,82,2
7115,4/17/2023 8:35,82,2
7115,4/17/2023 8:35,82,2
7115,4/17/2023 8:35,82,2
7115,4/17/2023 8:35,82,2
7115,4/17/2023 8:35,82,2
7115,4/17/2023 8:35,82,2
7115,4/17/2023 8:35,82,2
7115,4/17/2023 8:35,82,2
7115,4/17/2023 8:35,82,2
7115,4/17/2023 8:35,82,2
7115,4/17/2023 8:35,82,2
7115,4/17/2023 8:35,82,2
7115,4/17/2023 8:35,82,2
7115,4/17/2023 8:35,82,2
7115,4/17/2023 8:35,82,2
7115,4/17/2023 8:35,82,2
7115,4/17/2023 8:36,82,2
7115,4/17/2023 8:36,82,2
7115,4/17/2023 8:36,82,2
7115,4/17/2023 8:36,82,2
7115,4/17/2023 8:36,82,2
7115,4/17/2023 8:36,82,2
7115,4/17/2023 8:36,82,2
7115,4/17/2023 8:36,82,2
7115,4/17/2023 8:36,82,2
7115,4/17/2023 8:36,82,2
7115,4/17/2023 8:36,82,2
7115,4/17/2023 8:36,82,2
7115,4/17/2023 8:36,82,2
7115,4/17/2023 8:36,82,2
7115,4/17/2023 8:36,82,2
7115,4/17/2023 8:36,82,2
7115,4/17/2023 8:36,82,2
7115,4/17/2023 8:36,82,2
7115,4/17/2023 8:36,82,2
7115,4/17/2023 8:36,82,2
7115,4/17/2023 8:36,82,2
7115,4/17/2023 8:36,82,2
7115,4/17/2023 8:36,82,2
7115,4/17/2023 8:36,82,2
7115,4/17/2023 8:36,82,2
7115,4/17/2023 8:36,82,2
7115,4/17/2023 8:36,82,2
7115,4/17/2023 8:36,82,2
7115,4/17/2023 8:37,82,2
7115,4/17/2023 8:37,82,2
7115,4/17/2023 8:37,82,2
7115,4/17/2023 8:37,82,2
7115,4/17/2023 8:37,82,2
7115,4/17/2023 8:37,82,2
7115,4/17/2023 8:37,82,2
7115,4/17/2023 8:37,82,2
7115,4/17/2023 8:37,82,2
7115,4/17/2023 8:37,82,2
7115,4/17/2023 8:37,82,2
7115,4/17/2023 8:37,82,2
7115,4/17/2023 8:37,82,2
7115,4/17/2023 8:37,82,2
7115,4/17/2023 8:37,82,2
7115,4/17/2023 8:37,82,2
7115,4/17/2023 8:37,82,2
7115,4/17/2023 8:37,82,2
7115,4/17/2023 8:37,82,2
7115,4/17/2023 8:37,82,2
7115,4/17/2023 8:37,82,2
7115,4/17/2023 8:37,82,2
7115,4/17/2023 8:37,82,2
7115,4/17/2023 8:37,82,2
7115,4/17/2023 8:37,82,2
7115,4/17/2023 8:37,82,2
7115,4/17/2023 8:37,82,2
7115,4/17/2023 8:38,82,2
7115,4/17/2023 8:38,82,2
7115,4/17/2023 8:38,82,2
7115,4/17/2023 8:38,82,2
7115,4/17/2023 8:38,82,2
7115,4/17/2023 8:38,82,2
7115,4/17/2023 8:38,82,2
7115,4/17/2023 8:38,82,2
7115,4/17/2023 8:38,82,2
7115,4/17/2023 8:38,82,2
7115,4/17/2023 8:38,82,2
7115,4/17/2023 8:38,82,2
7115,4/17/2023 8:38,82,2
7115,4/17/2023 8:38,82,2
7115,4/17/2023 8:38,82,2
7115,4/17/2023 8:38,82,2
7115,4/17/2023 8:38,82,2
7115,4/17/2023 8:38,82,2
7115,4/17/2023 8:38,82,2
7115,4/17/2023 8:38,82,2
7115,4/17/2023 8:38,82,2
7115,4/17/2023 8:38,82,2
7115,4/17/2023 8:38,82,2
7115,4/17/2023 8:38,82,2
7115,4/17/2023 8:38,82,2
7115,4/17/2023 8:38,82,2
7115,4/17/2023 8:38,82,2
7115,4/17/2023 8:38,82,2
7115,4/17/2023 8:38,82,2
7115,4/17/2023 8:38,82,2
7115,4/17/2023 8:38,82,2
7115,4/17/2023 8:39,82,2
7115,4/17/2023 8:39,82,2
7115,4/17/2023 8:39,82,2
7115,4/17/2023 8:39,82,2
7115,4/17/2023 8:39,82,2
7115,4/17/2023 8:39,82,2
7115,4/17/2023 8:39,82,2
7115,4/17/2023 8:39,82,2
7115,4/17/2023 8:39,82,2
7115,4/17/2023 8:39,82,2
7115,4/17/2023 8:39,82,2
7115,4/17/2023 8:39,82,2
7115,4/17/2023 8:39,82,2
7115,4/17/2023 8:39,82,2
7115,4/17/2023 8:39,82,2
7115,4/17/2023 8:39,82,2
7115,4/17/2023 8:39,82,2
7115,4/17/2023 8:39,82,2
7115,4/17/2023 8:39,82,2
7115,4/17/2023 8:39,82,2
7115,4/17/2023 8:39,82,2
7115,4/17/2023 8:39,82,2
7115,4/17/2023 8:39,82,2
7115,4/17/2023 8:39,82,2
7115,4/17/2023 8:39,82,2
7115,4/17/2023 8:39,82,2
7115,4/17/2023 8:39,82,2
7115,4/17/2023 8:39,82,2
7115,4/17/2023 8:39,82,2
7115,4/17/2023 8:39,82,2
7115,4/17/2023 8:39,82,2
7115,4/17/2023 8:39,82,2
7115,4/17/2023 8:39,82,2
7115,4/17/2023 8:39,82,2
7115,4/17/2023 8:39,82,2
7115,4/17/2023 8:39,82,2
7115,4/17/2023 8:39,82,2
7115,4/17/2023 8:39,82,2
7115,4/17/2023 8:40,82,2
7115,4/17/2023 8:40,82,2
7115,4/17/2023 8:40,82,2
7115,4/17/2023 8:40,82,2
7115,4/17/2023 8:40,82,2
7115,4/17/2023 8:40,82,2
7115,4/17/2023 8:40,82,2
7115,4/17/2023 8:40,82,2
7115,4/17/2023 8:40,82,2
7115,4/17/2023 8:40,82,2
7115,4/17/2023 8:40,82,2
7115,4/17/2023 8:40,82,2
7115,4/17/2023 8:40,82,2
7115,4/17/2023 8:40,82,2
7115,4/17/2023 8:40,82,2
7115,4/17/2023 8:40,82,2
7115,4/17/2023 8:40,82,2
7115,4/17/2023 8:40,82,2
7115,4/17/2023 8:40,82,2
7115,4/17/2023 8:40,82,2
7115,4/17/2023 8:40,82,2
7115,4/17/2023 8:40,82,2
7115,4/17/2023 8:40,82,2
7115,4/17/2023 8:41,82,2
7115,4/17/2023 8:41,82,2
7115,4/17/2023 8:41,82,2
7115,4/17/2023 8:41,82,2
7115,4/17/2023 8:41,82,2
7115,4/17/2023 8:41,82,2
7115,4/17/2023 8:41,82,2
7115,4/17/2023 8:41,82,2
7115,4/17/2023 8:41,82,2
7115,4/17/2023 8:41,82,2
7115,4/17/2023 8:41,82,2
7115,4/17/2023 8:41,82,2
7115,4/17/2023 8:41,82,2
7115,4/17/2023 8:41,82,2
7115,4/17/2023 8:41,82,2
7115,4/17/2023 8:41,82,2
7115,4/17/2023 8:41,82,2
7115,4/17/2023 8:41,82,2
7115,4/17/2023 8:41,82,2
7115,4/17/2023 8:41,82,2
7115,4/17/2023 8:41,82,2
7115,4/17/2023 8:41,82,2
7115,4/17/2023 8:41,82,2
7115,4/17/2023 8:41,82,2
7115,4/17/2023 8:41,82,2
7115,4/17/2023 8:41,82,2
7115,4/17/2023 8:41,82,2
7115,4/17/2023 8:41,82,2
7115,4/17/2023 8:41,82,2
7115,4/17/2023 8:41,82,2
7115,4/17/2023 8:41,82,2
7115,4/17/2023 8:41,82,2
7115,4/17/2023 8:41,82,2
7115,4/17/2023 8:41,82,2
7115,4/17/2023 8:41,82,2
7115,4/17/2023 8:41,82,2
7115,4/17/2023 8:41,82,2
7115,4/17/2023 8:41,82,2
7115,4/17/2023 8:41,82,2
7115,4/17/2023 8:41,82,2
7115,4/17/2023 8:41,82,2
7115,4/17/2023 8:41,82,2
7115,4/17/2023 8:41,82,2
7115,4/17/2023 8:41,82,2
7115,4/17/2023 8:41,82,2
7115,4/17/2023 8:41,82,2
7115,4/17/2023 8:41,82,2
7115,4/17/2023 8:41,82,2
7115,4/17/2023 8:41,82,2
7115,4/17/2023 8:41,82,2
7115,4/17/2023 8:42,82,2
7115,4/17/2023 8:42,82,2
7115,4/17/2023 8:42,82,2
7115,4/17/2023 8:42,82,2
7115,4/17/2023 8:42,82,2
7115,4/17/2023 8:42,82,2
7115,4/17/2023 8:42,82,2
7115,4/17/2023 8:42,82,2
7115,4/17/2023 8:42,82,2
7115,4/17/2023 8:42,82,2
7115,4/17/2023 8:42,82,2
7115,4/17/2023 8:42,82,2
7115,4/17/2023 8:42,82,2
7115,4/17/2023 8:42,82,2
7115,4/17/2023 8:42,82,2
7115,4/17/2023 8:42,82,2
7115,4/17/2023 8:42,82,2
7115,4/17/2023 8:42,82,2
7115,4/17/2023 8:42,82,2
7115,4/17/2023 8:42,82,2
7115,4/17/2023 8:42,82,2
7115,4/17/2023 8:42,82,2
7115,4/17/2023 8:42,82,2
7115,4/17/2023 8:42,82,2
7115,4/17/2023 8:42,82,2
7115,4/17/2023 8:42,82,2
7115,4/17/2023 8:42,82,2
7115,4/17/2023 8:42,82,2
7115,4/17/2023 8:42,82,2
7115,4/17/2023 8:42,82,2
7115,4/17/2023 8:42,82,2
7115,4/17/2023 8:42,82,2
7115,4/17/2023 8:42,82,2
7115,4/17/2023 8:42,82,2
7115,4/17/2023 8:42,82,2
7115,4/17/2023 8:42,82,2
7115,4/17/2023 8:42,82,2
7115,4/17/2023 8:42,82,2
7115,4/17/2023 8:42,82,2
7115,4/17/2023 8:43,82,2
7115,4/17/2023 8:43,82,2
7115,4/17/2023 8:43,82,2
7115,4/17/2023 8:43,82,2
7115,4/17/2023 8:43,82,2
7115,4/17/2023 8:43,82,2
7115,4/17/2023 8:43,82,2
7115,4/17/2023 8:43,82,2
7115,4/17/2023 8:43,82,2
7115,4/17/2023 8:43,82,2
7115,4/17/2023 8:43,82,2
7115,4/17/2023 8:43,82,2
7115,4/17/2023 8:43,82,2
7115,4/17/2023 8:43,82,2
7115,4/17/2023 8:43,82,2
7115,4/17/2023 8:43,82,2
7115,4/17/2023 8:43,82,2
7115,4/17/2023 8:43,82,2
7115,4/17/2023 8:43,82,2
7115,4/17/2023 8:43,82,2
7115,4/17/2023 8:43,82,2
7115,4/17/2023 8:43,82,2
7115,4/17/2023 8:43,82,2
7115,4/17/2023 8:43,82,2
7115,4/17/2023 8:43,82,2
7115,4/17/2023 8:43,82,2
7115,4/17/2023 8:43,82,2
7115,4/17/2023 8:43,82,2
7115,4/17/2023 8:43,82,2
7115,4/17/2023 8:43,82,2
7115,4/17/2023 8:43,82,2
7115,4/17/2023 8:44,82,2
7115,4/17/2023 8:44,82,2
7115,4/17/2023 8:44,82,2
7115,4/17/2023 8:44,82,2
7115,4/17/2023 8:44,82,2
7115,4/17/2023 8:44,82,2
7115,4/17/2023 8:44,82,2
7115,4/17/2023 8:44,82,2
7115,4/17/2023 8:44,82,2
7115,4/17/2023 8:44,82,2
7115,4/17/2023 8:44,82,2
7115,4/17/2023 8:44,82,2
7115,4/17/2023 8:44,82,2
7115,4/17/2023 8:44,82,2
7115,4/17/2023 8:44,82,2
7115,4/17/2023 8:44,82,2
7115,4/17/2023 8:44,82,2
7115,4/17/2023 8:44,82,2
7115,4/17/2023 8:44,82,2
7115,4/17/2023 8:44,82,2
7115,4/17/2023 8:44,82,2
7115,4/17/2023 8:44,82,2
7115,4/17/2023 8:44,82,2
7115,4/17/2023 8:44,82,2
7115,4/17/2023 8:45,82,2
7115,4/17/2023 8:45,82,2
7115,4/17/2023 8:45,82,2
7115,4/17/2023 8:45,82,2
7115,4/17/2023 8:45,82,2
7115,4/17/2023 8:45,82,2
7115,4/17/2023 8:45,82,2
7115,4/17/2023 8:45,82,2
7115,4/17/2023 8:45,82,2
7115,4/17/2023 8:45,82,2
7115,4/17/2023 8:45,82,2
7115,4/17/2023 8:45,82,2
7115,4/17/2023 8:45,82,2
7115,4/17/2023 8:45,82,2
7115,4/17/2023 8:45,82,2
7115,4/17/2023 8:45,82,2
7115,4/17/2023 8:45,82,2
7115,4/17/2023 8:45,82,2
7115,4/17/2023 8:45,82,2
7115,4/17/2023 8:45,82,2
7115,4/17/2023 8:45,82,2
7115,4/17/2023 8:45,82,2
7115,4/17/2023 8:45,82,2
7115,4/17/2023 8:45,82,2
7115,4/17/2023 8:45,82,2
7115,4/17/2023 8:45,82,2
7115,4/17/2023 8:45,82,2
7115,4/17/2023 8:46,82,2
7115,4/17/2023 8:46,82,2
7115,4/17/2023 8:46,82,2
7115,4/17/2023 8:46,82,2
7115,4/17/2023 8:46,82,2
7115,4/17/2023 8:46,82,2
7115,4/17/2023 8:46,82,2
7115,4/17/2023 8:46,82,2
7115,4/17/2023 8:46,82,2
7115,4/17/2023 8:46,82,2
7115,4/17/2023 8:46,82,2
7115,4/17/2023 8:46,82,2
7115,4/17/2023 8:46,82,2
7115,4/17/2023 8:46,82,2
7115,4/17/2023 8:46,82,2
7115,4/17/2023 8:46,82,2
7115,4/17/2023 8:46,82,2
7115,4/17/2023 8:46,82,2
7115,4/17/2023 8:46,82,2
7115,4/17/2023 8:46,82,2
7115,4/17/2023 8:46,82,2
7115,4/17/2023 8:46,82,2
7115,4/17/2023 8:46,82,2
7115,4/17/2023 8:46,82,2
7115,4/17/2023 8:46,82,2
7115,4/17/2023 8:46,82,2
7115,4/17/2023 8:46,82,2
7115,4/17/2023 8:47,82,2
7115,4/17/2023 8:47,82,2
7115,4/17/2023 8:47,82,2
7115,4/17/2023 8:47,82,2
7115,4/17/2023 8:47,82,2
7115,4/17/2023 8:47,82,2
7115,4/17/2023 8:47,82,2
7115,4/17/2023 8:47,82,2
7115,4/17/2023 8:47,82,2
7115,4/17/2023 8:47,82,2
7115,4/17/2023 8:47,82,2
7115,4/17/2023 8:47,82,2
7115,4/17/2023 8:47,82,2
7115,4/17/2023 8:47,82,2
7115,4/17/2023 8:47,82,2
7115,4/17/2023 8:47,82,2
7115,4/17/2023 8:47,82,2
7115,4/17/2023 8:47,82,2
7115,4/17/2023 8:47,82,2
7115,4/17/2023 8:47,82,2
7115,4/17/2023 8:47,82,2
7115,4/17/2023 8:47,82,2
7115,4/17/2023 8:47,82,2
7115,4/17/2023 8:47,82,2
7115,4/17/2023 8:47,82,2
7115,4/17/2023 8:47,82,2
7115,4/17/2023 8:47,82,2
7115,4/17/2023 8:47,82,2
7115,4/17/2023 8:47,82,2
7115,4/17/2023 8:48,82,2
7115,4/17/2023 8:48,82,2
7115,4/17/2023 8:48,82,2
7115,4/17/2023 8:48,82,2
7115,4/17/2023 8:48,82,2
7115,4/17/2023 8:48,82,2
7115,4/17/2023 8:48,82,2
7115,4/17/2023 8:48,82,2
7115,4/17/2023 8:48,82,2
7115,4/17/2023 8:48,82,2
7115,4/17/2023 8:48,82,2
7115,4/17/2023 8:48,82,2
7115,4/17/2023 8:48,82,2
7115,4/17/2023 8:48,82,2
7115,4/17/2023 8:48,82,2
7115,4/17/2023 8:48,82,2
7115,4/17/2023 8:48,82,2
7115,4/17/2023 8:48,82,2
7115,4/17/2023 8:48,82,2
7115,4/17/2023 8:48,82,2
7115,4/17/2023 8:48,82,2
7115,4/17/2023 8:48,82,2
7115,4/17/2023 8:48,82,2
7115,4/17/2023 8:48,82,2
7115,4/17/2023 8:48,82,2
7115,4/17/2023 8:48,82,2
7115,4/17/2023 8:48,82,2
7115,4/17/2023 8:48,82,2
7115,4/17/2023 8:48,82,2
7115,4/17/2023 8:48,82,2
7115,4/17/2023 8:48,82,2
7115,4/17/2023 8:48,82,2
7115,4/17/2023 8:48,82,2
7115,4/17/2023 8:48,82,2
7115,4/17/2023 8:48,82,2
7115,4/17/2023 8:48,82,2
7115,4/17/2023 8:48,82,2
7115,4/17/2023 8:48,82,2
7115,4/17/2023 8:48,82,2
7115,4/17/2023 8:48,82,2
7115,4/17/2023 8:48,82,2
7115,4/17/2023 8:48,82,2
7115,4/17/2023 8:49,82,2
7115,4/17/2023 8:49,82,2
7115,4/17/2023 8:49,82,2
7115,4/17/2023 8:49,82,2
7115,4/17/2023 8:49,82,2
7115,4/17/2023 8:49,82,2
7115,4/17/2023 8:49,82,2
7115,4/17/2023 8:49,82,2
7115,4/17/2023 8:49,82,2
7115,4/17/2023 8:49,82,2
7115,4/17/2023 8:49,82,2
7115,4/17/2023 8:49,82,2
7115,4/17/2023 8:49,82,2
7115,4/17/2023 8:49,82,2
7115,4/17/2023 8:49,82,2
7115,4/17/2023 8:49,82,2
7115,4/17/2023 8:49,82,2
7115,4/17/2023 8:49,82,2
7115,4/17/2023 8:49,82,2
7115,4/17/2023 8:49,82,2
7115,4/17/2023 8:49,82,2
7115,4/17/2023 8:49,82,2
7115,4/17/2023 8:49,82,2
7115,4/17/2023 8:49,82,2
7115,4/17/2023 8:49,82,2
7115,4/17/2023 8:49,82,2
7115,4/17/2023 8:49,82,2
7115,4/17/2023 8:49,82,2
7115,4/17/2023 8:49,82,2
7115,4/17/2023 8:49,82,2
7115,4/17/2023 8:49,82,2
7115,4/17/2023 8:49,82,2
7115,4/17/2023 8:49,82,2
7115,4/17/2023 8:49,82,2
7115,4/17/2023 8:50,82,2
7115,4/17/2023 8:50,82,2
7115,4/17/2023 8:50,82,2
7115,4/17/2023 8:50,82,2
7115,4/17/2023 8:50,82,2
7115,4/17/2023 8:50,82,2
7115,4/17/2023 8:50,82,2
7115,4/17/2023 8:50,82,2
7115,4/17/2023 8:50,82,2
7115,4/17/2023 8:50,82,2
7115,4/17/2023 8:50,82,2
7115,4/17/2023 8:50,82,2
7115,4/17/2023 8:50,82,2
7115,4/17/2023 8:50,82,2
7115,4/17/2023 8:50,82,2
7115,4/17/2023 8:50,82,2
7115,4/17/2023 8:50,82,2
7115,4/17/2023 8:50,82,2
7115,4/17/2023 8:50,82,2
7115,4/17/2023 8:50,82,2
7115,4/17/2023 8:50,82,2
7115,4/17/2023 8:50,82,2
7115,4/17/2023 8:50,82,2
7115,4/17/2023 8:50,82,2
7115,4/17/2023 8:50,82,2
7115,4/17/2023 8:50,82,2
7115,4/17/2023 8:50,82,2
7115,4/17/2023 8:50,82,2
7115,4/17/2023 8:50,82,2
7115,4/17/2023 8:50,82,2
7115,4/17/2023 8:50,82,2
7115,4/17/2023 8:50,82,2
7115,4/17/2023 8:50,82,2
7115,4/17/2023 8:50,82,2
7115,4/17/2023 8:50,82,2
7115,4/17/2023 8:50,82,2
7115,4/17/2023 8:50,82,2
7115,4/17/2023 8:50,82,2
7115,4/17/2023 8:50,82,2
7115,4/17/2023 8:50,82,2
7115,4/17/2023 8:51,82,2
7115,4/17/2023 8:51,82,2
7115,4/17/2023 8:51,82,2
7115,4/17/2023 8:51,82,2
7115,4/17/2023 8:51,82,2
7115,4/17/2023 8:51,82,2
7115,4/17/2023 8:51,82,2
7115,4/17/2023 8:51,82,2
7115,4/17/2023 8:51,82,2
7115,4/17/2023 8:51,82,2
7115,4/17/2023 8:51,82,2
7115,4/17/2023 8:51,82,2
7115,4/17/2023 8:51,82,2
7115,4/17/2023 8:51,82,2
7115,4/17/2023 8:51,82,2
7115,4/17/2023 8:51,82,2
7115,4/17/2023 8:51,82,2
7115,4/17/2023 8:51,82,2
7115,4/17/2023 8:51,82,2
7115,4/17/2023 8:51,82,2
7115,4/17/2023 8:51,82,2
7115,4/17/2023 8:51,82,2
7115,4/17/2023 8:51,82,2
7115,4/17/2023 8:51,82,2
7115,4/17/2023 8:51,82,2
7115,4/17/2023 8:51,82,2
7115,4/17/2023 8:51,82,2
7115,4/17/2023 8:51,82,2
7115,4/17/2023 8:51,82,2
7115,4/17/2023 8:51,82,2
7115,4/17/2023 8:51,82,2
7115,4/17/2023 8:51,82,2
7115,4/17/2023 8:51,82,2
7115,4/17/2023 8:51,82,2
7115,4/17/2023 8:51,82,2
7115,4/17/2023 8:51,82,2
7115,4/17/2023 8:51,82,2
7115,4/17/2023 8:51,82,2
7115,4/17/2023 8:51,82,2
7115,4/17/2023 8:51,82,2
7115,4/17/2023 8:51,82,2
7115,4/17/2023 8:51,82,2
7115,4/17/2023 8:51,82,2
7115,4/17/2023 8:51,82,2
7115,4/17/2023 8:52,82,2
7115,4/17/2023 8:52,82,2
7115,4/17/2023 8:52,82,2
7115,4/17/2023 8:52,82,2
7115,4/17/2023 8:52,82,2
7115,4/17/2023 8:52,82,2
7115,4/17/2023 8:52,82,2
7115,4/17/2023 8:52,82,2
7115,4/17/2023 8:52,82,2
7115,4/17/2023 8:52,82,2
7115,4/17/2023 8:52,82,2
7115,4/17/2023 8:52,82,2
7115,4/17/2023 8:52,82,2
7115,4/17/2023 8:52,82,2
7115,4/17/2023 8:52,82,2
7115,4/17/2023 8:52,82,2
7115,4/17/2023 8:52,82,2
7115,4/17/2023 8:52,82,2
7115,4/17/2023 8:52,82,2
7115,4/17/2023 8:52,82,2
7115,4/17/2023 8:52,82,2
7115,4/17/2023 8:52,82,2
7115,4/17/2023 8:52,82,2
7115,4/17/2023 8:52,82,2
7115,4/17/2023 8:52,82,2
7115,4/17/2023 8:52,82,2
7115,4/17/2023 8:52,82,2
7115,4/17/2023 8:52,82,2
7115,4/17/2023 8:52,82,2
7115,4/17/2023 8:52,82,2
7115,4/17/2023 8:52,82,2
7115,4/17/2023 8:52,82,2
7115,4/17/2023 8:52,82,2
7115,4/17/2023 8:52,82,2
7115,4/17/2023 8:52,82,2
7115,4/17/2023 8:52,82,2
7115,4/17/2023 8:52,82,2
7115,4/17/2023 8:52,82,2
7115,4/17/2023 8:52,82,2
7115,4/17/2023 8:52,82,2
7115,4/17/2023 8:52,82,2
7115,4/17/2023 8:52,82,2
7115,4/17/2023 8:53,82,2
7115,4/17/2023 8:53,82,2
7115,4/17/2023 8:53,82,2
7115,4/17/2023 8:53,82,2
7115,4/17/2023 8:53,82,2
7115,4/17/2023 8:53,82,2
7115,4/17/2023 8:53,82,2
7115,4/17/2023 8:53,82,2
7115,4/17/2023 8:53,82,2
7115,4/17/2023 8:53,82,2
7115,4/17/2023 8:53,82,2
7115,4/17/2023 8:53,82,2
7115,4/17/2023 8:53,82,2
7115,4/17/2023 8:53,82,2
7115,4/17/2023 8:53,82,2
7115,4/17/2023 8:53,82,2
7115,4/17/2023 8:53,82,2
7115,4/17/2023 8:53,82,2
7115,4/17/2023 8:53,82,2
7115,4/17/2023 8:53,82,2
7115,4/17/2023 8:53,82,2
7115,4/17/2023 8:53,82,2
7115,4/17/2023 8:53,82,2
7115,4/17/2023 8:53,82,2
7115,4/17/2023 8:53,82,2
7115,4/17/2023 8:53,82,2
7115,4/17/2023 8:53,82,2
7115,4/17/2023 8:53,82,2
7115,4/17/2023 8:53,82,2
7115,4/17/2023 8:53,82,2
7115,4/17/2023 8:53,82,2
7115,4/17/2023 8:53,82,2
7115,4/17/2023 8:53,82,2
7115,4/17/2023 8:53,82,2
7115,4/17/2023 8:53,82,2
7115,4/17/2023 8:53,82,2
7115,4/17/2023 8:53,82,2
7115,4/17/2023 8:53,82,2
7115,4/17/2023 8:53,82,2
7115,4/17/2023 8:53,82,2
7115,4/17/2023 8:53,82,2
7115,4/17/2023 8:54,82,2
7115,4/17/2023 8:54,82,2
7115,4/17/2023 8:54,82,2
7115,4/17/2023 8:54,82,2
7115,4/17/2023 8:54,82,2
7115,4/17/2023 8:54,82,2
7115,4/17/2023 8:54,82,2
7115,4/17/2023 8:54,82,2
7115,4/17/2023 8:54,82,2
7115,4/17/2023 8:54,82,2
7115,4/17/2023 8:54,82,2
7115,4/17/2023 8:54,82,2
7115,4/17/2023 8:54,82,2
7115,4/17/2023 8:54,82,2
7115,4/17/2023 8:54,82,2
7115,4/17/2023 8:54,82,2
7115,4/17/2023 8:54,82,2
7115,4/17/2023 8:54,82,2
7115,4/17/2023 8:54,82,2
7115,4/17/2023 8:54,82,2
7115,4/17/2023 8:54,82,2
7115,4/17/2023 8:54,82,2
7115,4/17/2023 8:54,82,2
7115,4/17/2023 8:55,82,2
7115,4/17/2023 8:55,82,2
7115,4/17/2023 8:55,82,2
7115,4/17/2023 8:55,82,2
7115,4/17/2023 8:55,82,2
7115,4/17/2023 8:55,82,2
7115,4/17/2023 8:55,82,2
7115,4/17/2023 8:55,82,2
7115,4/17/2023 8:55,82,2
7115,4/17/2023 8:55,82,2
7115,4/17/2023 8:55,82,2
7115,4/17/2023 8:55,82,2
7115,4/17/2023 8:55,82,2
7115,4/17/2023 8:55,82,2
7115,4/17/2023 8:55,82,2
7115,4/17/2023 8:55,82,2
7115,4/17/2023 8:55,82,2
7115,4/17/2023 8:55,82,2
7115,4/17/2023 8:55,82,2
7115,4/17/2023 8:55,82,2
7115,4/17/2023 8:55,82,2
7115,4/17/2023 8:55,82,2
7115,4/17/2023 8:55,82,2
7115,4/17/2023 8:55,82,2
7115,4/17/2023 8:55,82,2
7115,4/17/2023 8:55,82,2
7115,4/17/2023 8:55,82,2
7115,4/17/2023 8:55,82,2
7115,4/17/2023 8:55,82,2
7115,4/17/2023 8:55,82,2
7115,4/17/2023 8:56,82,2
7115,4/17/2023 8:56,82,2
7115,4/17/2023 8:56,82,2
7115,4/17/2023 8:56,82,2
7115,4/17/2023 8:56,82,2
7115,4/17/2023 8:56,82,2
7115,4/17/2023 8:56,82,2
7115,4/17/2023 8:56,82,2
7115,4/17/2023 8:56,82,2
7115,4/17/2023 8:56,82,2
7115,4/17/2023 8:56,82,2
7115,4/17/2023 8:56,82,2
7115,4/17/2023 8:56,82,2
7115,4/17/2023 8:56,82,2
7115,4/17/2023 8:56,82,2
7115,4/17/2023 8:56,82,2
7115,4/17/2023 8:56,82,2
7115,4/17/2023 8:56,82,2
7115,4/17/2023 8:56,82,2
7115,4/17/2023 8:56,82,2
7115,4/17/2023 8:56,82,2
7115,4/17/2023 8:56,82,2
7115,4/17/2023 8:56,82,2
7115,4/17/2023 8:56,82,2
7115,4/17/2023 8:56,82,2
7115,4/17/2023 8:56,82,2
7115,4/17/2023 8:56,82,2
7115,4/17/2023 8:56,82,2
7115,4/17/2023 8:57,82,2
7115,4/17/2023 8:57,82,2
7115,4/17/2023 8:57,82,2
7115,4/17/2023 8:57,82,2
7115,4/17/2023 8:57,82,2
7115,4/17/2023 8:57,82,2
7115,4/17/2023 8:57,82,2
7115,4/17/2023 8:57,82,2
7115,4/17/2023 8:57,82,2
7115,4/17/2023 8:57,82,2
7115,4/17/2023 8:57,82,2
7115,4/17/2023 8:57,82,2
7115,4/17/2023 8:57,82,2
7115,4/17/2023 8:57,82,2
7115,4/17/2023 8:57,82,2
7115,4/17/2023 8:57,82,2
7115,4/17/2023 8:57,82,2
7115,4/17/2023 8:57,82,2
7115,4/17/2023 8:57,82,2
7115,4/17/2023 8:57,82,2
7115,4/17/2023 8:57,82,2
7115,4/17/2023 8:57,82,2
7115,4/17/2023 8:57,82,2
7115,4/17/2023 8:57,82,2
7115,4/17/2023 8:57,82,2
7115,4/17/2023 8:57,82,2
7115,4/17/2023 8:58,82,2
7115,4/17/2023 8:58,82,2
7115,4/17/2023 8:58,82,2
7115,4/17/2023 8:58,82,2
7115,4/17/2023 8:58,82,2
7115,4/17/2023 8:58,82,2
7115,4/17/2023 8:58,82,2
7115,4/17/2023 8:58,82,2
7115,4/17/2023 8:58,82,2
7115,4/17/2023 8:58,82,2
7115,4/17/2023 8:58,82,2
7115,4/17/2023 8:58,82,2
7115,4/17/2023 8:58,82,2
7115,4/17/2023 8:58,82,2
7115,4/17/2023 8:58,82,2
7115,4/17/2023 8:58,82,2
7115,4/17/2023 8:58,82,2
7115,4/17/2023 8:58,82,2
7115,4/17/2023 8:58,82,2
7115,4/17/2023 8:58,82,2
7115,4/17/2023 8:58,82,2
7115,4/17/2023 8:58,82,2
7115,4/17/2023 8:58,82,2
7115,4/17/2023 8:58,82,2
7115,4/17/2023 8:59,82,2
7115,4/17/2023 8:59,82,2
7115,4/17/2023 8:59,82,2
7115,4/17/2023 8:59,82,2
7115,4/17/2023 8:59,82,2
7115,4/17/2023 8:59,82,2
7115,4/17/2023 8:59,82,2
7115,4/17/2023 8:59,82,2
7115,4/17/2023 8:59,82,2
7115,4/17/2023 8:59,82,2
7115,4/17/2023 8:59,82,2
7115,4/17/2023 8:59,82,2
7115,4/17/2023 8:59,82,2
7115,4/17/2023 8:59,82,2
7115,4/17/2023 8:59,82,2
7115,4/17/2023 8:59,82,2
7115,4/17/2023 8:59,82,2
7115,4/17/2023 8:59,82,2
7115,4/17/2023 8:59,82,2
7115,4/17/2023 8:59,82,2
7115,4/17/2023 8:59,82,2
7115,4/17/2023 8:59,82,2
7115,4/17/2023 8:59,82,2
7115,4/17/2023 8:59,82,2
7115,4/17/2023 8:59,82,2
7115,4/17/2023 8:59,82,2
7115,4/17/2023 8:59,82,2
7115,4/17/2023 8:59,82,2
7115,4/17/2023 8:59,82,2
7115,4/17/2023 8:59,82,2
7115,4/17/2023 9:00,82,2
7115,4/17/2023 9:00,82,2
7115,4/17/2023 9:00,82,2
7115,4/17/2023 9:00,82,2
7115,4/17/2023 9:00,82,2
7115,4/17/2023 9:00,82,2
7115,4/17/2023 9:00,82,2
7115,4/17/2023 9:00,82,2
7115,4/17/2023 9:00,82,2
7115,4/17/2023 9:00,82,2
7115,4/17/2023 9:00,82,2
7115,4/17/2023 9:00,82,2
7115,4/17/2023 9:00,82,2
7115,4/17/2023 9:00,82,2
7115,4/17/2023 9:00,82,2
7115,4/17/2023 9:00,82,2
7115,4/17/2023 9:00,82,2
7115,4/17/2023 9:00,82,2
7115,4/17/2023 9:00,82,2
7115,4/17/2023 9:00,82,2
7115,4/17/2023 9:00,82,2
7115,4/17/2023 9:00,82,2
7115,4/17/2023 9:00,82,2
7115,4/17/2023 9:00,82,2
7115,4/17/2023 9:00,82,2
7115,4/17/2023 9:00,82,2
7115,4/17/2023 9:01,82,2
