SignalId,Timestamp,EventCode,EventParam
7115,6/13/2023 6:00:10.2,81,27
7115,6/13/2023 6:00:11.7,81,25
7115,6/13/2023 6:00:12.5,81,26
7115,6/13/2023 6:00:13.2,81,27
7115,6/13/2023 6:00:16.1,81,27
7115,6/13/2023 6:00:21.5,81,25
7115,6/13/2023 6:00:35.1,81,28
7115,6/13/2023 6:00:38.5,81,28
7115,6/13/2023 6:02:22.5,81,26
7115,6/13/2023 6:02:27.3,81,27
7115,6/13/2023 6:02:28.9,81,26
7115,6/13/2023 6:02:31.6,81,27
7115,6/13/2023 6:04:27.9,81,28
7115,6/13/2023 6:04:30.8,81,28
7115,6/13/2023 6:04:49.8,81,26
7115,6/13/2023 6:04:58.0,81,28
7115,6/13/2023 6:05:04.5,81,28
7115,6/13/2023 6:05:17.8,81,28
7115,6/13/2023 6:05:33.2,81,28
7115,6/13/2023 6:05:35.1,81,25
7115,6/13/2023 6:05:37.3,81,26
7115,6/13/2023 6:05:38.2,81,25
7115,6/13/2023 6:06:23.0,81,28
7115,6/13/2023 6:07:14.6,81,27
7115,6/13/2023 6:07:43.5,81,25
7115,6/13/2023 6:07:45.1,81,26
7115,6/13/2023 6:07:45.5,81,27
7115,6/13/2023 6:07:46.4,81,25
7115,6/13/2023 6:08:14.9,81,28
7115,6/13/2023 6:08:17.9,81,28
7115,6/13/2023 6:08:40.9,81,28
7115,6/13/2023 6:09:48.5,81,27
7115,6/13/2023 6:10:49.8,81,25
7115,6/13/2023 6:10:50.0,81,26
7115,6/13/2023 6:10:52.8,81,27
7115,6/13/2023 6:10:53.0,81,26
7115,6/13/2023 6:10:53.6,81,25
7115,6/13/2023 6:10:54.8,81,28
7115,6/13/2023 6:10:58.7,81,27
7115,6/13/2023 6:11:34.8,81,28
7115,6/13/2023 6:12:15.1,81,28
7115,6/13/2023 6:12:53.8,81,28
7115,6/13/2023 6:13:19.0,81,25
7115,6/13/2023 6:13:19.5,81,27
7115,6/13/2023 6:13:19.9,81,26
7115,6/13/2023 6:13:22.0,81,25
7115,6/13/2023 6:13:22.9,81,27
7115,6/13/2023 6:13:35.6,81,28
7115,6/13/2023 6:13:44.3,81,28
7115,6/13/2023 6:14:45.2,81,27
7115,6/13/2023 6:14:53.1,81,28
7115,6/13/2023 6:15:46.7,81,26
7115,6/13/2023 6:15:48.0,81,25
7115,6/13/2023 6:15:48.5,81,27
7115,6/13/2023 6:15:50.7,81,25
7115,6/13/2023 6:15:51.6,81,27
7115,6/13/2023 6:16:39.7,81,28
7115,6/13/2023 6:17:20.2,81,28
7115,6/13/2023 6:18:08.8,81,28
7115,6/13/2023 6:18:09.3,81,26
7115,6/13/2023 6:18:10.2,81,25
7115,6/13/2023 6:18:10.7,81,27
7115,6/13/2023 6:18:11.8,81,26
7115,6/13/2023 6:18:12.2,81,28
7115,6/13/2023 6:18:15.4,81,28
7115,6/13/2023 6:18:18.1,81,28
7115,6/13/2023 6:18:18.7,81,26
7115,6/13/2023 6:18:31.7,81,28
7115,6/13/2023 6:19:34.7,81,28
7115,6/13/2023 6:20:37.3,81,25
7115,6/13/2023 6:20:38.1,81,26
7115,6/13/2023 6:20:39.0,81,27
7115,6/13/2023 6:20:41.2,81,27
7115,6/13/2023 6:20:44.6,81,27
7115,6/13/2023 6:20:48.3,81,25
7115,6/13/2023 6:20:50.5,81,27
7115,6/13/2023 6:20:58.2,81,28
7115,6/13/2023 6:21:01.2,81,28
7115,6/13/2023 6:23:14.6,81,27
7115,6/13/2023 6:23:15.6,81,26
7115,6/13/2023 6:23:16.8,81,25
7115,6/13/2023 6:23:17.3,81,27
7115,6/13/2023 6:23:19.9,81,27
7115,6/13/2023 6:23:23.0,81,27
7115,6/13/2023 6:23:25.5,81,27
7115,6/13/2023 6:23:41.5,81,26
7115,6/13/2023 6:23:45.0,81,25
7115,6/13/2023 6:23:50.9,81,28
7115,6/13/2023 6:24:01.7,81,27
7115,6/13/2023 6:25:36.7,81,28
7115,6/13/2023 6:25:45.5,81,27
7115,6/13/2023 6:25:46.5,81,25
7115,6/13/2023 6:25:46.8,81,26
7115,6/13/2023 6:25:48.9,81,26
7115,6/13/2023 6:25:49.5,81,27
7115,6/13/2023 6:25:49.9,81,25
7115,6/13/2023 6:25:52.9,81,27
7115,6/13/2023 6:25:54.9,81,27
7115,6/13/2023 6:26:02.1,81,28
7115,6/13/2023 6:26:02.4,81,27
7115,6/13/2023 6:26:34.7,81,28
7115,6/13/2023 6:27:39.9,81,28
7115,6/13/2023 6:27:46.7,81,28
7115,6/13/2023 6:28:10.5,81,26
7115,6/13/2023 6:28:11.2,81,27
7115,6/13/2023 6:28:11.3,81,25
7115,6/13/2023 6:28:16.7,81,25
7115,6/13/2023 6:28:24.7,81,26
7115,6/13/2023 6:28:30.3,81,28
7115,6/13/2023 6:28:33.5,81,28
7115,6/13/2023 6:28:45.1,81,28
7115,6/13/2023 6:30:10.8,81,28
7115,6/13/2023 6:30:13.3,81,28
7115,6/13/2023 6:30:21.3,81,26
7115,6/13/2023 6:30:22.0,81,25
7115,6/13/2023 6:30:23.0,81,27
7115,6/13/2023 6:30:24.8,81,27
7115,6/13/2023 6:30:27.3,81,27
7115,6/13/2023 6:30:28.2,81,28
7115,6/13/2023 6:30:36.4,81,28
7115,6/13/2023 6:30:40.0,81,26
7115,6/13/2023 6:30:40.9,81,27
7115,6/13/2023 6:32:23.5,81,27
7115,6/13/2023 6:32:28.4,81,28
7115,6/13/2023 6:32:52.9,81,28
7115,6/13/2023 6:33:16.8,81,26
7115,6/13/2023 6:33:17.3,81,25
7115,6/13/2023 6:33:20.3,81,27
7115,6/13/2023 6:33:22.9,81,27
7115,6/13/2023 6:33:24.3,81,27
7115,6/13/2023 6:33:26.6,81,28
7115,6/13/2023 6:33:38.3,81,25
7115,6/13/2023 6:33:39.9,81,27
7115,6/13/2023 6:34:06.2,81,26
7115,6/13/2023 6:34:11.5,81,28
7115,6/13/2023 6:34:14.8,81,28
7115,6/13/2023 6:34:49.6,81,28
7115,6/13/2023 6:35:48.9,81,26
7115,6/13/2023 6:35:49.2,81,25
7115,6/13/2023 6:35:50.6,81,27
7115,6/13/2023 6:35:51.1,81,28
7115,6/13/2023 6:35:51.7,81,25
7115,6/13/2023 6:35:52.6,81,27
7115,6/13/2023 6:35:56.1,81,27
7115,6/13/2023 6:35:58.1,81,27
7115,6/13/2023 6:36:02.1,81,26
7115,6/13/2023 6:36:08.8,81,28
7115,6/13/2023 6:36:31.5,81,28
7115,6/13/2023 6:38:14.8,81,26
7115,6/13/2023 6:38:17.6,81,27
7115,6/13/2023 6:38:20.0,81,27
7115,6/13/2023 6:38:30.6,81,28
7115,6/13/2023 6:38:44.2,81,28
7115,6/13/2023 6:38:48.3,81,28
7115,6/13/2023 6:39:17.8,81,28
7115,6/13/2023 6:39:32.4,81,28
7115,6/13/2023 6:40:09.2,81,28
7115,6/13/2023 6:40:26.3,81,28
7115,6/13/2023 6:40:46.1,81,26
7115,6/13/2023 6:40:47.0,81,25
7115,6/13/2023 6:40:47.1,81,27
7115,6/13/2023 6:41:01.6,81,25
7115,6/13/2023 6:42:30.0,81,27
7115,6/13/2023 6:43:20.8,81,26
7115,6/13/2023 6:43:21.2,81,25
7115,6/13/2023 6:43:22.8,81,27
7115,6/13/2023 6:43:24.4,81,26
7115,6/13/2023 6:43:26.7,81,27
7115,6/13/2023 6:43:29.1,81,28
7115,6/13/2023 6:43:37.8,81,28
7115,6/13/2023 6:43:43.2,81,25
7115,6/13/2023 6:43:49.9,81,25
7115,6/13/2023 6:43:51.4,81,25
7115,6/13/2023 6:44:10.0,81,26
7115,6/13/2023 6:44:19.7,81,28
7115,6/13/2023 6:44:43.0,81,28
7115,6/13/2023 6:45:06.2,81,27
7115,6/13/2023 6:45:18.7,81,28
7115,6/13/2023 6:45:32.6,81,28
7115,6/13/2023 6:45:46.3,81,25
7115,6/13/2023 6:45:46.6,81,26
7115,6/13/2023 6:45:49.0,81,27
7115,6/13/2023 6:45:49.2,81,25
7115,6/13/2023 6:45:52.8,81,27
7115,6/13/2023 6:46:16.8,81,26
7115,6/13/2023 6:46:59.3,81,28
7115,6/13/2023 6:47:29.5,81,28
7115,6/13/2023 6:48:01.7,81,28
7115,6/13/2023 6:48:17.8,81,26
7115,6/13/2023 6:48:20.4,81,25
7115,6/13/2023 6:48:21.4,81,27
7115,6/13/2023 6:48:22.3,81,26
7115,6/13/2023 6:48:22.8,81,25
7115,6/13/2023 6:48:49.5,81,28
7115,6/13/2023 6:49:00.6,81,25
7115,6/13/2023 6:49:04.2,81,25
7115,6/13/2023 6:49:15.7,81,28
7115,6/13/2023 6:49:19.7,81,28
7115,6/13/2023 6:49:25.0,81,28
7115,6/13/2023 6:49:45.1,81,28
7115,6/13/2023 6:50:02.7,81,28
7115,6/13/2023 6:50:13.1,81,28
7115,6/13/2023 6:50:21.7,81,28
7115,6/13/2023 6:50:26.7,81,26
7115,6/13/2023 6:50:48.1,81,28
7115,6/13/2023 6:50:48.9,81,27
7115,6/13/2023 6:50:49.8,81,25
7115,6/13/2023 6:50:50.4,81,28
7115,6/13/2023 6:50:51.8,81,26
7115,6/13/2023 6:50:52.4,81,25
7115,6/13/2023 6:50:57.0,81,25
7115,6/13/2023 6:50:58.6,81,25
7115,6/13/2023 6:51:15.9,81,28
7115,6/13/2023 6:52:22.0,81,28
7115,6/13/2023 6:52:25.3,81,26
7115,6/13/2023 6:52:33.9,81,28
7115,6/13/2023 6:52:47.0,81,28
7115,6/13/2023 6:52:53.5,81,27
7115,6/13/2023 6:53:17.8,81,25
7115,6/13/2023 6:53:18.9,81,28
7115,6/13/2023 6:53:19.4,81,27
7115,6/13/2023 6:53:20.6,81,28
7115,6/13/2023 6:53:20.7,81,26
7115,6/13/2023 6:53:41.1,81,28
7115,6/13/2023 6:53:42.1,81,27
7115,6/13/2023 6:55:48.9,81,27
7115,6/13/2023 6:55:49.5,81,26
7115,6/13/2023 6:55:51.0,81,25
7115,6/13/2023 6:55:51.7,81,27
7115,6/13/2023 6:55:56.2,81,27
7115,6/13/2023 6:55:58.5,81,27
7115,6/13/2023 6:56:09.3,81,25
7115,6/13/2023 6:56:17.9,81,25
7115,6/13/2023 6:56:21.1,81,28
7115,6/13/2023 6:56:27.9,81,25
7115,6/13/2023 6:56:31.8,81,25
7115,6/13/2023 6:56:32.9,81,27
7115,6/13/2023 6:58:19.8,81,25
7115,6/13/2023 6:58:20.9,81,27
7115,6/13/2023 6:58:22.8,81,26
7115,6/13/2023 6:58:40.2,81,25
7115,6/13/2023 6:58:56.1,81,28
7115,6/13/2023 6:59:30.6,81,28
7115,6/13/2023 6:59:53.3,81,27
7115,6/13/2023 7:00:38.6,81,28
7115,6/13/2023 7:00:43.8,81,25
7115,6/13/2023 7:00:43.9,81,26
7115,6/13/2023 7:00:55.0,81,27
7115,6/13/2023 7:00:59.1,81,26
7115,6/13/2023 7:00:59.2,81,27
7115,6/13/2023 7:01:05.7,81,25
7115,6/13/2023 7:01:08.2,81,27
7115,6/13/2023 7:01:10.1,81,27
7115,6/13/2023 7:01:29.2,81,28
7115,6/13/2023 7:02:54.2,81,27
7115,6/13/2023 7:02:55.7,81,25
7115,6/13/2023 7:02:58.3,81,25
7115,6/13/2023 7:02:58.7,81,26
7115,6/13/2023 7:03:03.1,81,26
7115,6/13/2023 7:03:05.4,81,27
7115,6/13/2023 7:03:19.6,81,26
7115,6/13/2023 7:03:54.5,81,28
7115,6/13/2023 7:05:35.2,81,27
7115,6/13/2023 7:05:37.9,81,28
7115,6/13/2023 7:05:48.3,81,28
7115,6/13/2023 7:05:48.4,81,26
7115,6/13/2023 7:05:48.6,81,25
7115,6/13/2023 7:05:50.9,81,27
7115,6/13/2023 7:05:52.2,81,25
7115,6/13/2023 7:05:52.8,81,27
7115,6/13/2023 7:05:54.8,81,27
7115,6/13/2023 7:05:58.3,81,26
7115,6/13/2023 7:06:04.3,81,28
7115,6/13/2023 7:06:10.0,81,28
7115,6/13/2023 7:06:17.1,81,28
7115,6/13/2023 7:07:45.3,81,27
7115,6/13/2023 7:08:19.8,81,25
7115,6/13/2023 7:08:23.0,81,26
7115,6/13/2023 7:08:25.5,81,27
7115,6/13/2023 7:08:27.5,81,27
7115,6/13/2023 7:08:43.8,81,28
7115,6/13/2023 7:09:01.6,81,28
7115,6/13/2023 7:10:03.3,81,27
7115,6/13/2023 7:10:10.0,81,28
7115,6/13/2023 7:10:41.0,81,25
7115,6/13/2023 7:10:42.2,81,26
7115,6/13/2023 7:10:43.0,81,25
7115,6/13/2023 7:10:46.8,81,26
7115,6/13/2023 7:10:55.7,81,28
7115,6/13/2023 7:11:18.1,81,28
7115,6/13/2023 7:12:06.8,81,27
7115,6/13/2023 7:13:18.3,81,26
7115,6/13/2023 7:13:21.0,81,25
7115,6/13/2023 7:13:21.0,81,28
7115,6/13/2023 7:13:24.5,81,27
7115,6/13/2023 7:13:25.4,81,26
7115,6/13/2023 7:13:30.7,81,27
7115,6/13/2023 7:13:51.2,81,28
7115,6/13/2023 7:13:55.1,81,28
7115,6/13/2023 7:13:59.8,81,28
7115,6/13/2023 7:14:03.7,81,25
7115,6/13/2023 7:14:18.7,81,25
7115,6/13/2023 7:14:18.7,81,26
7115,6/13/2023 7:14:43.1,81,28
7115,6/13/2023 7:15:46.2,81,27
7115,6/13/2023 7:15:46.9,81,25
7115,6/13/2023 7:15:47.7,81,26
7115,6/13/2023 7:15:48.9,81,27
7115,6/13/2023 7:15:50.8,81,27
7115,6/13/2023 7:15:52.4,81,26
7115,6/13/2023 7:15:52.8,81,27
7115,6/13/2023 7:16:05.6,81,25
7115,6/13/2023 7:16:14.7,81,28
7115,6/13/2023 7:16:15.0,81,25
7115,6/13/2023 7:17:12.0,81,28
7115,6/13/2023 7:17:39.2,81,28
7115,6/13/2023 7:18:08.1,81,28
7115,6/13/2023 7:18:14.7,81,25
7115,6/13/2023 7:18:15.2,81,26
7115,6/13/2023 7:18:16.0,81,27
7115,6/13/2023 7:18:18.2,81,27
7115,6/13/2023 7:18:20.5,81,27
7115,6/13/2023 7:18:26.7,81,27
7115,6/13/2023 7:18:47.5,81,26
7115,6/13/2023 7:19:27.6,81,28
7115,6/13/2023 7:20:06.7,81,28
7115,6/13/2023 7:20:14.0,81,28
7115,6/13/2023 7:20:28.2,81,28
7115,6/13/2023 7:20:49.5,81,27
7115,6/13/2023 7:20:50.5,81,26
7115,6/13/2023 7:20:50.6,81,25
7115,6/13/2023 7:20:53.1,81,25
7115,6/13/2023 7:20:53.1,81,27
7115,6/13/2023 7:20:53.6,81,28
7115,6/13/2023 7:20:56.1,81,27
7115,6/13/2023 7:20:59.8,81,25
7115,6/13/2023 7:21:06.9,81,25
7115,6/13/2023 7:21:14.7,81,25
7115,6/13/2023 7:21:24.5,81,28
7115,6/13/2023 7:21:33.6,81,25
7115,6/13/2023 7:21:33.6,81,28
7115,6/13/2023 7:21:36.9,81,28
7115,6/13/2023 7:21:42.6,81,28
7115,6/13/2023 7:22:49.1,81,28
7115,6/13/2023 7:23:19.3,81,25
7115,6/13/2023 7:23:19.8,81,26
7115,6/13/2023 7:23:21.2,81,27
7115,6/13/2023 7:23:22.5,81,27
7115,6/13/2023 7:23:25.0,81,27
7115,6/13/2023 7:23:34.2,81,26
7115,6/13/2023 7:23:34.6,81,26
7115,6/13/2023 7:23:40.0,81,28
7115,6/13/2023 7:23:52.8,81,27
7115,6/13/2023 7:24:06.9,81,26
7115,6/13/2023 7:24:10.4,81,28
7115,6/13/2023 7:25:42.3,81,27
7115,6/13/2023 7:25:45.1,81,26
7115,6/13/2023 7:25:45.2,81,25
7115,6/13/2023 7:25:46.1,81,27
7115,6/13/2023 7:25:48.2,81,26
7115,6/13/2023 7:25:49.7,81,25
7115,6/13/2023 7:25:52.7,81,27
7115,6/13/2023 7:25:53.8,81,25
7115,6/13/2023 7:25:55.7,81,27
7115,6/13/2023 7:26:06.1,81,28
7115,6/13/2023 7:26:09.0,81,28
7115,6/13/2023 7:26:20.9,81,28
7115,6/13/2023 7:26:31.7,81,25
7115,6/13/2023 7:28:16.7,81,25
7115,6/13/2023 7:28:17.2,81,26
7115,6/13/2023 7:28:18.3,81,27
7115,6/13/2023 7:28:25.3,81,28
7115,6/13/2023 7:28:28.5,81,25
7115,6/13/2023 7:28:31.9,81,26
7115,6/13/2023 7:28:34.5,81,25
7115,6/13/2023 7:28:34.7,81,26
7115,6/13/2023 7:28:36.1,81,28
7115,6/13/2023 7:28:38.8,81,28
7115,6/13/2023 7:28:39.2,81,25
7115,6/13/2023 7:28:41.5,81,25
7115,6/13/2023 7:28:44.0,81,28
7115,6/13/2023 7:28:48.0,81,28
7115,6/13/2023 7:28:56.1,81,25
7115,6/13/2023 7:28:57.5,81,25
7115,6/13/2023 7:29:00.8,81,28
7115,6/13/2023 7:29:11.1,81,25
7115,6/13/2023 7:29:18.9,81,25
7115,6/13/2023 7:29:25.2,81,27
7115,6/13/2023 7:30:31.1,81,28
7115,6/13/2023 7:30:34.3,81,26
7115,6/13/2023 7:30:53.0,81,27
7115,6/13/2023 7:30:53.6,81,25
7115,6/13/2023 7:30:56.3,81,27
7115,6/13/2023 7:30:57.7,81,27
7115,6/13/2023 7:30:59.9,81,27
7115,6/13/2023 7:31:05.1,81,25
7115,6/13/2023 7:31:14.5,81,26
7115,6/13/2023 7:31:14.8,81,27
7115,6/13/2023 7:31:15.0,81,25
7115,6/13/2023 7:31:24.8,81,28
7115,6/13/2023 7:31:34.3,81,28
7115,6/13/2023 7:31:42.0,81,28
7115,6/13/2023 7:31:48.8,81,28
7115,6/13/2023 7:32:54.1,81,28
7115,6/13/2023 7:33:01.6,81,28
7115,6/13/2023 7:33:08.0,81,28
7115,6/13/2023 7:33:15.9,81,27
7115,6/13/2023 7:33:16.0,81,25
7115,6/13/2023 7:33:21.6,81,27
7115,6/13/2023 7:33:25.6,81,27
7115,6/13/2023 7:33:29.7,81,27
7115,6/13/2023 7:33:34.3,81,27
7115,6/13/2023 7:33:36.7,81,27
7115,6/13/2023 7:33:39.5,81,27
7115,6/13/2023 7:33:46.2,81,25
7115,6/13/2023 7:34:46.2,81,28
7115,6/13/2023 7:35:47.9,81,27
7115,6/13/2023 7:35:48.1,81,25
7115,6/13/2023 7:35:48.6,81,26
7115,6/13/2023 7:35:52.1,81,27
7115,6/13/2023 7:36:08.6,81,28
7115,6/13/2023 7:36:14.8,81,26
7115,6/13/2023 7:36:18.1,81,25
7115,6/13/2023 7:36:19.1,81,25
7115,6/13/2023 7:36:24.2,81,28
7115,6/13/2023 7:36:32.1,81,25
7115,6/13/2023 7:38:19.5,81,26
7115,6/13/2023 7:38:20.6,81,27
7115,6/13/2023 7:38:20.9,81,28
7115,6/13/2023 7:38:21.0,81,25
7115,6/13/2023 7:38:23.4,81,27
7115,6/13/2023 7:38:24.2,81,25
7115,6/13/2023 7:38:25.8,81,27
7115,6/13/2023 7:38:26.3,81,28
7115,6/13/2023 7:38:28.7,81,28
7115,6/13/2023 7:38:29.3,81,27
7115,6/13/2023 7:38:32.6,81,28
7115,6/13/2023 7:38:40.5,81,28
7115,6/13/2023 7:38:49.4,81,26
7115,6/13/2023 7:39:00.2,81,25
7115,6/13/2023 7:39:04.8,81,27
7115,6/13/2023 7:39:26.5,81,28
7115,6/13/2023 7:39:40.2,81,28
7115,6/13/2023 7:40:24.1,81,28
7115,6/13/2023 7:40:49.4,81,26
7115,6/13/2023 7:40:50.1,81,25
7115,6/13/2023 7:40:50.4,81,27
7115,6/13/2023 7:40:54.5,81,25
7115,6/13/2023 7:40:56.6,81,26
7115,6/13/2023 7:40:57.6,81,25
7115,6/13/2023 7:41:06.8,81,25
7115,6/13/2023 7:41:13.2,81,28
7115,6/13/2023 7:41:28.1,81,25
7115,6/13/2023 7:42:28.7,81,28
7115,6/13/2023 7:43:19.1,81,25
7115,6/13/2023 7:43:19.4,81,27
7115,6/13/2023 7:43:20.2,81,26
7115,6/13/2023 7:43:21.3,81,27
7115,6/13/2023 7:43:23.3,81,27
7115,6/13/2023 7:43:26.5,81,26
7115,6/13/2023 7:43:31.0,81,26
7115,6/13/2023 7:43:37.8,81,28
7115,6/13/2023 7:44:04.3,81,28
7115,6/13/2023 7:44:29.8,81,28
7115,6/13/2023 7:44:33.9,81,28
7115,6/13/2023 7:44:36.0,81,28
7115,6/13/2023 7:44:40.1,81,28
7115,6/13/2023 7:44:53.4,81,28
7115,6/13/2023 7:45:05.1,81,25
7115,6/13/2023 7:45:44.2,81,26
7115,6/13/2023 7:45:44.9,81,27
7115,6/13/2023 7:45:46.5,81,25
7115,6/13/2023 7:45:48.8,81,26
7115,6/13/2023 7:45:52.5,81,27
7115,6/13/2023 7:45:53.9,81,25
7115,6/13/2023 7:46:09.9,81,28
7115,6/13/2023 7:46:12.1,81,28
7115,6/13/2023 7:46:14.5,81,28
7115,6/13/2023 7:46:21.6,81,28
7115,6/13/2023 7:46:56.1,81,28
7115,6/13/2023 7:47:04.1,81,28
7115,6/13/2023 7:47:56.3,81,28
7115,6/13/2023 7:48:20.4,81,25
7115,6/13/2023 7:48:22.5,81,26
7115,6/13/2023 7:48:23.0,81,27
7115,6/13/2023 7:48:30.1,81,27
7115,6/13/2023 7:48:38.1,81,27
7115,6/13/2023 7:48:43.1,81,25
7115,6/13/2023 7:48:47.8,81,27
7115,6/13/2023 7:48:49.1,81,25
7115,6/13/2023 7:48:49.1,81,28
7115,6/13/2023 7:48:50.7,81,27
7115,6/13/2023 7:48:53.3,81,27
7115,6/13/2023 7:49:01.2,81,28
7115,6/13/2023 7:49:08.1,81,26
7115,6/13/2023 7:49:09.0,81,25
7115,6/13/2023 7:49:29.3,81,28
7115,6/13/2023 7:49:38.2,81,28
7115,6/13/2023 7:49:59.2,81,28
7115,6/13/2023 7:50:18.3,81,28
7115,6/13/2023 7:50:28.6,81,25
7115,6/13/2023 7:50:50.9,81,27
7115,6/13/2023 7:50:56.0,81,25
7115,6/13/2023 7:50:56.0,81,27
7115,6/13/2023 7:51:01.7,81,27
7115,6/13/2023 7:51:11.3,81,28
7115,6/13/2023 7:51:27.0,81,28
7115,6/13/2023 7:51:34.2,81,28
7115,6/13/2023 7:51:39.3,81,25
7115,6/13/2023 7:52:56.6,81,28
7115,6/13/2023 7:53:18.9,81,27
7115,6/13/2023 7:53:19.3,81,25
7115,6/13/2023 7:53:20.2,81,26
7115,6/13/2023 7:53:22.1,81,27
7115,6/13/2023 7:53:25.6,81,27
7115,6/13/2023 7:53:27.6,81,27
7115,6/13/2023 7:53:29.5,81,27
7115,6/13/2023 7:53:31.8,81,27
7115,6/13/2023 7:53:35.4,81,27
7115,6/13/2023 7:53:44.2,81,25
7115,6/13/2023 7:53:51.6,81,28
7115,6/13/2023 7:54:16.9,81,28
7115,6/13/2023 7:55:15.9,81,28
7115,6/13/2023 7:55:39.9,81,27
7115,6/13/2023 7:55:40.2,81,25
7115,6/13/2023 7:55:42.3,81,26
7115,6/13/2023 7:55:43.5,81,27
7115,6/13/2023 7:55:43.6,81,25
7115,6/13/2023 7:55:45.8,81,27
7115,6/13/2023 7:55:51.7,81,27
7115,6/13/2023 7:56:26.8,81,28
7115,6/13/2023 7:56:31.6,81,27
7115,6/13/2023 7:56:32.0,81,27
7115,6/13/2023 7:56:34.6,81,26
7115,6/13/2023 7:56:38.7,81,28
7115,6/13/2023 7:56:44.8,81,28
7115,6/13/2023 7:56:48.9,81,28
7115,6/13/2023 7:56:57.6,81,27
7115,6/13/2023 7:57:54.3,81,28
7115,6/13/2023 7:58:05.0,81,26
7115,6/13/2023 7:58:21.1,81,25
7115,6/13/2023 7:58:23.4,81,27
7115,6/13/2023 7:58:27.7,81,27
7115,6/13/2023 7:58:34.5,81,28
7115,6/13/2023 7:58:42.0,81,28
7115,6/13/2023 7:58:54.1,81,28
7115,6/13/2023 8:00:08.9,81,28
7115,6/13/2023 8:00:16.8,81,28
7115,6/13/2023 8:00:49.2,81,25
7115,6/13/2023 8:00:50.9,81,26
7115,6/13/2023 8:00:51.5,81,27
7115,6/13/2023 8:00:52.1,81,28
7115,6/13/2023 8:00:55.1,81,27
7115,6/13/2023 8:00:57.7,81,27
7115,6/13/2023 8:01:02.8,81,27
7115,6/13/2023 8:01:17.6,81,28
7115,6/13/2023 8:01:21.1,81,28
7115,6/13/2023 8:01:23.7,81,28
7115,6/13/2023 8:01:31.8,81,28
7115,6/13/2023 8:01:39.7,81,28
7115,6/13/2023 8:03:19.7,81,27
7115,6/13/2023 8:03:19.8,81,26
7115,6/13/2023 8:03:20.3,81,25
7115,6/13/2023 8:03:22.0,81,27
7115,6/13/2023 8:03:26.8,81,27
7115,6/13/2023 8:03:31.7,81,25
7115,6/13/2023 8:03:35.3,81,28
7115,6/13/2023 8:03:46.7,81,25
7115,6/13/2023 8:03:50.6,81,28
7115,6/13/2023 8:03:52.5,81,25
7115,6/13/2023 8:03:54.3,81,25
7115,6/13/2023 8:03:58.1,81,26
7115,6/13/2023 8:03:59.3,81,25
7115,6/13/2023 8:04:00.3,81,28
7115,6/13/2023 8:04:02.3,81,28
7115,6/13/2023 8:04:04.1,81,28
7115,6/13/2023 8:04:59.9,81,28
7115,6/13/2023 8:05:16.0,81,28
7115,6/13/2023 8:05:50.0,81,26
7115,6/13/2023 8:05:50.2,81,27
7115,6/13/2023 8:05:50.3,81,25
7115,6/13/2023 8:05:50.9,81,28
7115,6/13/2023 8:05:53.1,81,26
7115,6/13/2023 8:05:55.0,81,27
7115,6/13/2023 8:06:14.3,81,28
7115,6/13/2023 8:06:14.9,81,25
7115,6/13/2023 8:06:17.4,81,28
7115,6/13/2023 8:06:18.8,81,25
7115,6/13/2023 8:06:21.2,81,28
7115,6/13/2023 8:06:22.5,81,26
7115,6/13/2023 8:06:36.6,81,28
7115,6/13/2023 8:08:18.0,81,26
7115,6/13/2023 8:08:18.4,81,25
7115,6/13/2023 8:08:21.1,81,27
7115,6/13/2023 8:08:35.1,81,27
7115,6/13/2023 8:08:40.0,81,25
7115,6/13/2023 8:08:42.5,81,28
7115,6/13/2023 8:08:43.8,81,26
7115,6/13/2023 8:08:55.8,81,28
7115,6/13/2023 8:08:56.1,81,25
7115,6/13/2023 8:08:57.6,81,25
7115,6/13/2023 8:09:06.6,81,25
7115,6/13/2023 8:09:10.5,81,28
7115,6/13/2023 8:09:12.2,81,28
7115,6/13/2023 8:09:18.1,81,25
7115,6/13/2023 8:10:41.7,81,28
7115,6/13/2023 8:10:49.2,81,26
7115,6/13/2023 8:10:50.1,81,27
7115,6/13/2023 8:10:50.8,81,25
7115,6/13/2023 8:10:54.8,81,27
7115,6/13/2023 8:10:56.9,81,27
7115,6/13/2023 8:11:01.9,81,28
7115,6/13/2023 8:11:30.5,81,26
7115,6/13/2023 8:11:31.3,81,28
7115,6/13/2023 8:11:48.4,81,27
7115,6/13/2023 8:11:56.8,81,28
7115,6/13/2023 8:12:18.8,81,28
7115,6/13/2023 8:13:15.7,81,27
7115,6/13/2023 8:13:17.1,81,25
7115,6/13/2023 8:13:17.8,81,26
7115,6/13/2023 8:13:19.8,81,27
7115,6/13/2023 8:13:21.9,81,27
7115,6/13/2023 8:13:30.2,81,27
7115,6/13/2023 8:13:41.8,81,28
7115,6/13/2023 8:13:43.6,81,26
7115,6/13/2023 8:13:47.3,81,25
7115,6/13/2023 8:13:48.4,81,26
7115,6/13/2023 8:13:51.8,81,27
7115,6/13/2023 8:14:07.2,81,28
7115,6/13/2023 8:14:09.2,81,28
7115,6/13/2023 8:14:17.8,81,28
7115,6/13/2023 8:15:48.0,81,26
7115,6/13/2023 8:15:48.3,81,25
7115,6/13/2023 8:15:48.9,81,27
7115,6/13/2023 8:15:53.0,81,27
7115,6/13/2023 8:16:12.1,81,27
7115,6/13/2023 8:16:16.1,81,25
7115,6/13/2023 8:16:18.8,81,26
7115,6/13/2023 8:16:20.5,81,27
7115,6/13/2023 8:16:22.2,81,28
7115,6/13/2023 8:16:27.0,81,28
7115,6/13/2023 8:16:29.2,81,28
7115,6/13/2023 8:16:39.1,81,28
7115,6/13/2023 8:18:18.0,81,25
7115,6/13/2023 8:18:18.8,81,26
7115,6/13/2023 8:18:19.1,81,27
7115,6/13/2023 8:18:24.5,81,27
7115,6/13/2023 8:18:25.6,81,28
7115,6/13/2023 8:18:31.5,81,27
7115,6/13/2023 8:18:33.3,81,28
7115,6/13/2023 8:18:36.4,81,28
7115,6/13/2023 8:18:36.6,81,25
7115,6/13/2023 8:18:48.6,81,26
7115,6/13/2023 8:18:53.3,81,28
7115,6/13/2023 8:19:28.1,81,28
7115,6/13/2023 8:20:50.1,81,26
7115,6/13/2023 8:20:50.4,81,25
7115,6/13/2023 8:20:52.5,81,27
7115,6/13/2023 8:20:57.5,81,26
7115,6/13/2023 8:21:05.2,81,27
7115,6/13/2023 8:21:20.3,81,25
7115,6/13/2023 8:21:26.3,81,28
7115,6/13/2023 8:21:30.1,81,28
7115,6/13/2023 8:21:33.5,81,28
7115,6/13/2023 8:21:37.9,81,26
7115,6/13/2023 8:21:49.0,81,28
7115,6/13/2023 8:22:23.0,81,28
7115,6/13/2023 8:22:32.2,81,25
7115,6/13/2023 8:22:47.0,81,28
7115,6/13/2023 8:23:02.3,81,28
7115,6/13/2023 8:23:20.3,81,26
7115,6/13/2023 8:23:21.8,81,27
7115,6/13/2023 8:23:24.0,81,26
7115,6/13/2023 8:23:25.2,81,27
7115,6/13/2023 8:23:26.3,81,28
7115,6/13/2023 8:23:38.2,81,25
7115,6/13/2023 8:23:40.6,81,28
7115,6/13/2023 8:23:42.5,81,28
7115,6/13/2023 8:24:01.8,81,28
7115,6/13/2023 8:24:06.3,81,28
7115,6/13/2023 8:24:24.9,81,28
7115,6/13/2023 8:25:34.8,81,26
7115,6/13/2023 8:25:36.6,81,25
7115,6/13/2023 8:25:37.1,81,27
7115,6/13/2023 8:26:28.3,81,28
7115,6/13/2023 8:27:33.8,81,26
7115,6/13/2023 8:27:39.8,81,28
7115,6/13/2023 8:28:20.6,81,27
7115,6/13/2023 8:28:21.4,81,28
7115,6/13/2023 8:28:22.1,81,25
7115,6/13/2023 8:28:23.3,81,27
7115,6/13/2023 8:28:24.1,81,26
7115,6/13/2023 8:28:26.1,81,27
7115,6/13/2023 8:28:27.8,81,27
7115,6/13/2023 8:28:57.1,81,28
7115,6/13/2023 8:29:06.5,81,25
7115,6/13/2023 8:30:49.3,81,27
7115,6/13/2023 8:30:50.3,81,25
7115,6/13/2023 8:30:50.5,81,26
7115,6/13/2023 8:30:52.0,81,27
7115,6/13/2023 8:30:52.8,81,25
7115,6/13/2023 8:31:06.4,81,28
7115,6/13/2023 8:31:26.8,81,28
7115,6/13/2023 8:31:35.0,81,28
7115,6/13/2023 8:31:41.5,81,28
7115,6/13/2023 8:31:42.8,81,25
7115,6/13/2023 8:31:45.9,81,28
7115,6/13/2023 8:32:23.5,81,26
7115,6/13/2023 8:32:50.2,81,28
7115,6/13/2023 8:33:17.4,81,25
7115,6/13/2023 8:33:18.0,81,27
7115,6/13/2023 8:33:18.4,81,26
7115,6/13/2023 8:33:19.5,81,26
7115,6/13/2023 8:33:23.2,81,27
7115,6/13/2023 8:33:30.7,81,27
7115,6/13/2023 8:33:39.7,81,28
7115,6/13/2023 8:33:53.8,81,28
7115,6/13/2023 8:35:13.6,81,28
7115,6/13/2023 8:35:28.1,81,28
7115,6/13/2023 8:35:46.5,81,25
7115,6/13/2023 8:35:46.9,81,26
7115,6/13/2023 8:35:47.3,81,27
7115,6/13/2023 8:35:51.5,81,27
7115,6/13/2023 8:36:12.7,81,25
7115,6/13/2023 8:38:19.7,81,26
7115,6/13/2023 8:38:20.3,81,25
7115,6/13/2023 8:38:21.7,81,27
7115,6/13/2023 8:38:23.2,81,28
7115,6/13/2023 8:38:27.8,81,27
7115,6/13/2023 8:38:40.8,81,27
7115,6/13/2023 8:38:44.8,81,28
7115,6/13/2023 8:38:54.7,81,28
7115,6/13/2023 8:39:02.5,81,28
7115,6/13/2023 8:39:13.8,81,28
7115,6/13/2023 8:39:16.1,81,28
7115,6/13/2023 8:39:24.6,81,28
7115,6/13/2023 8:40:17.7,81,27
7115,6/13/2023 8:40:32.3,81,28
7115,6/13/2023 8:40:39.6,81,28
7115,6/13/2023 8:40:47.9,81,25
7115,6/13/2023 8:40:50.1,81,26
7115,6/13/2023 8:40:50.7,81,27
7115,6/13/2023 8:40:51.7,81,25
7115,6/13/2023 8:40:53.4,81,27
7115,6/13/2023 8:40:56.3,81,27
7115,6/13/2023 8:40:56.6,81,28
7115,6/13/2023 8:40:58.6,81,26
7115,6/13/2023 8:41:00.7,81,27
7115,6/13/2023 8:41:12.3,81,27
7115,6/13/2023 8:41:12.9,81,26
7115,6/13/2023 8:42:41.8,81,28
7115,6/13/2023 8:43:18.0,81,26
7115,6/13/2023 8:43:18.7,81,27
7115,6/13/2023 8:43:21.3,81,25
7115,6/13/2023 8:43:25.6,81,27
7115,6/13/2023 8:43:32.3,81,27
7115,6/13/2023 8:43:37.6,81,25
7115,6/13/2023 8:44:04.5,81,28
7115,6/13/2023 8:44:06.4,81,28
7115,6/13/2023 8:45:44.7,81,28
7115,6/13/2023 8:45:47.4,81,27
7115,6/13/2023 8:45:49.5,81,25
7115,6/13/2023 8:45:51.4,81,26
7115,6/13/2023 8:45:52.1,81,25
7115,6/13/2023 8:45:56.8,81,26
7115,6/13/2023 8:45:57.0,81,27
7115,6/13/2023 8:46:03.8,81,26
7115,6/13/2023 8:46:16.7,81,25
7115,6/13/2023 8:46:33.7,81,25
7115,6/13/2023 8:46:37.5,81,28
7115,6/13/2023 8:46:41.7,81,28
7115,6/13/2023 8:46:44.5,81,28
7115,6/13/2023 8:46:55.3,81,28
7115,6/13/2023 8:47:04.6,81,26
7115,6/13/2023 8:48:15.8,81,27
7115,6/13/2023 8:48:18.2,81,27
7115,6/13/2023 8:48:19.3,81,26
7115,6/13/2023 8:48:20.5,81,27
7115,6/13/2023 8:48:28.5,81,28
7115,6/13/2023 8:48:33.6,81,25
7115,6/13/2023 8:48:36.4,81,26
7115,6/13/2023 8:48:36.6,81,25
7115,6/13/2023 8:48:42.2,81,26
7115,6/13/2023 8:48:43.9,81,28
7115,6/13/2023 8:48:50.7,81,28
7115,6/13/2023 8:50:26.2,81,28
7115,6/13/2023 8:50:47.8,81,27
7115,6/13/2023 8:50:50.4,81,25
7115,6/13/2023 8:50:50.9,81,26
7115,6/13/2023 8:50:52.7,81,28
7115,6/13/2023 8:50:52.9,81,27
7115,6/13/2023 8:50:54.1,81,25
7115,6/13/2023 8:50:56.2,81,27
7115,6/13/2023 8:51:01.6,81,27
7115,6/13/2023 8:51:37.1,81,25
7115,6/13/2023 8:51:44.0,81,28
7115,6/13/2023 8:52:40.8,81,28
7115,6/13/2023 8:52:56.5,81,28
7115,6/13/2023 8:53:19.7,81,26
7115,6/13/2023 8:53:20.3,81,25
7115,6/13/2023 8:53:22.8,81,25
7115,6/13/2023 8:53:24.0,81,27
7115,6/13/2023 8:53:26.4,81,27
7115,6/13/2023 8:53:31.8,81,27
7115,6/13/2023 8:54:21.3,81,28
7115,6/13/2023 8:54:24.4,81,28
7115,6/13/2023 8:54:28.0,81,28
7115,6/13/2023 8:55:19.8,81,28
7115,6/13/2023 8:55:44.7,81,28
7115,6/13/2023 8:55:49.6,81,26
7115,6/13/2023 8:55:49.7,81,28
7115,6/13/2023 8:55:49.8,81,27
7115,6/13/2023 8:55:52.5,81,26
7115,6/13/2023 8:55:53.0,81,27
7115,6/13/2023 8:55:53.0,81,28
7115,6/13/2023 8:55:58.7,81,27
7115,6/13/2023 8:56:03.2,81,28
7115,6/13/2023 8:58:18.5,81,27
7115,6/13/2023 8:58:20.9,81,26
7115,6/13/2023 8:58:21.1,81,25
7115,6/13/2023 8:58:24.2,81,27
7115,6/13/2023 8:58:29.2,81,27
7115,6/13/2023 8:58:36.6,81,25
7115,6/13/2023 8:58:41.1,81,25
7115,6/13/2023 8:59:00.1,81,28
7115,6/13/2023 8:59:02.2,81,28
7115,6/13/2023 8:59:13.5,81,28
7115,6/13/2023 8:59:15.6,81,28
7115,6/13/2023 8:59:42.6,81,26
7115,6/13/2023 6:00:07.3,1,2
7115,6/13/2023 6:01:21.1,10,2
7115,6/13/2023 6:02:24.0,1,2
7115,6/13/2023 6:04:16.6,10,2
7115,6/13/2023 6:05:30.9,1,2
7115,6/13/2023 6:06:48.8,10,2
7115,6/13/2023 6:07:39.4,1,2
7115,6/13/2023 6:09:18.8,10,2
7115,6/13/2023 6:10:46.0,1,2
7115,6/13/2023 6:11:48.8,10,2
7115,6/13/2023 6:13:16.0,1,2
7115,6/13/2023 6:14:18.8,10,2
7115,6/13/2023 6:15:43.6,1,2
7115,6/13/2023 6:16:48.8,10,2
7115,6/13/2023 6:18:05.6,1,2
7115,6/13/2023 6:19:18.8,10,2
7115,6/13/2023 6:20:33.6,1,2
7115,6/13/2023 6:21:48.8,10,2
7115,6/13/2023 6:23:11.1,1,2
7115,6/13/2023 6:24:18.8,10,2
7115,6/13/2023 6:25:42.5,1,2
7115,6/13/2023 6:26:48.8,10,2
7115,6/13/2023 6:28:07.2,1,2
7115,6/13/2023 6:29:18.8,10,2
7115,6/13/2023 6:30:17.3,1,2
7115,6/13/2023 6:31:48.8,10,2
7115,6/13/2023 6:33:13.2,1,2
7115,6/13/2023 6:34:18.8,10,2
7115,6/13/2023 6:35:46.0,1,2
7115,6/13/2023 6:36:48.8,10,2
7115,6/13/2023 6:38:11.3,1,2
7115,6/13/2023 6:39:18.8,10,2
7115,6/13/2023 6:40:43.8,1,2
7115,6/13/2023 6:41:48.8,10,2
7115,6/13/2023 6:43:16.0,1,2
7115,6/13/2023 6:44:18.8,10,2
7115,6/13/2023 6:45:42.8,1,2
7115,6/13/2023 6:46:48.8,10,2
7115,6/13/2023 6:48:16.0,1,2
7115,6/13/2023 6:49:18.8,10,2
7115,6/13/2023 6:50:46.0,1,2
7115,6/13/2023 6:51:48.8,10,2
7115,6/13/2023 6:53:13.9,1,2
7115,6/13/2023 6:54:18.8,10,2
7115,6/13/2023 6:55:46.0,1,2
7115,6/13/2023 6:56:48.8,10,2
7115,6/13/2023 6:58:16.0,1,2
7115,6/13/2023 6:59:18.8,10,2
7115,6/13/2023 7:00:40.2,1,2
7115,6/13/2023 7:01:48.8,10,2
7115,6/13/2023 7:02:51.3,1,2
7115,6/13/2023 7:04:18.8,10,2
7115,6/13/2023 7:05:44.5,1,2
7115,6/13/2023 7:06:48.8,10,2
7115,6/13/2023 7:08:16.0,1,2
7115,6/13/2023 7:09:18.8,10,2
7115,6/13/2023 7:10:37.3,1,2
7115,6/13/2023 7:11:48.8,10,2
7115,6/13/2023 7:13:14.3,1,2
7115,6/13/2023 7:14:18.8,10,2
7115,6/13/2023 7:15:43.1,1,2
7115,6/13/2023 7:16:48.8,10,2
7115,6/13/2023 7:18:11.6,1,2
7115,6/13/2023 7:19:18.8,10,2
7115,6/13/2023 7:20:46.0,1,2
7115,6/13/2023 7:21:48.8,10,2
7115,6/13/2023 7:23:16.0,1,2
7115,6/13/2023 7:24:18.8,10,2
7115,6/13/2023 7:25:40.9,1,2
7115,6/13/2023 7:26:48.8,10,2
7115,6/13/2023 7:28:12.4,1,2
7115,6/13/2023 7:29:18.8,10,2
7115,6/13/2023 7:30:46.0,1,2
7115,6/13/2023 7:31:48.8,10,2
7115,6/13/2023 7:33:12.4,1,2
7115,6/13/2023 7:34:18.8,10,2
7115,6/13/2023 7:35:44.5,1,2
7115,6/13/2023 7:36:48.8,10,2
7115,6/13/2023 7:38:15.4,1,2
7115,6/13/2023 7:39:18.8,10,2
7115,6/13/2023 7:40:46.0,1,2
7115,6/13/2023 7:41:48.8,10,2
7115,6/13/2023 7:43:16.0,1,2
7115,6/13/2023 7:44:18.8,10,2
7115,6/13/2023 7:45:41.0,1,2
7115,6/13/2023 7:46:48.8,10,2
7115,6/13/2023 7:48:16.0,1,2
7115,6/13/2023 7:49:18.8,10,2
7115,6/13/2023 7:50:46.0,1,2
7115,6/13/2023 7:51:48.8,10,2
7115,6/13/2023 7:53:16.0,1,2
7115,6/13/2023 7:54:18.8,10,2
7115,6/13/2023 7:55:36.3,1,2
7115,6/13/2023 7:56:48.8,10,2
7115,6/13/2023 7:58:16.0,1,2
7115,6/13/2023 7:59:18.8,10,2
7115,6/13/2023 8:00:46.0,1,2
7115,6/13/2023 8:01:48.8,10,2
7115,6/13/2023 8:03:16.0,1,2
7115,6/13/2023 8:04:18.8,10,2
7115,6/13/2023 8:05:46.0,1,2
7115,6/13/2023 8:06:48.8,10,2
7115,6/13/2023 8:08:14.0,1,2
7115,6/13/2023 8:09:18.8,10,2
7115,6/13/2023 8:10:46.0,1,2
7115,6/13/2023 8:11:48.8,10,2
7115,6/13/2023 8:13:12.1,1,2
7115,6/13/2023 8:14:18.8,10,2
7115,6/13/2023 8:15:44.3,1,2
7115,6/13/2023 8:16:48.8,10,2
7115,6/13/2023 8:18:15.3,1,2
7115,6/13/2023 8:19:18.8,10,2
7115,6/13/2023 8:20:46.0,1,2
7115,6/13/2023 8:21:48.8,10,2
7115,6/13/2023 8:23:16.0,1,2
7115,6/13/2023 8:24:18.8,10,2
7115,6/13/2023 8:25:31.8,1,2
7115,6/13/2023 8:26:48.8,10,2
7115,6/13/2023 8:28:16.0,1,2
7115,6/13/2023 8:29:18.8,10,2
7115,6/13/2023 8:30:46.0,1,2
7115,6/13/2023 8:31:48.8,10,2
7115,6/13/2023 8:33:13.5,1,2
7115,6/13/2023 8:34:18.8,10,2
7115,6/13/2023 8:35:42.6,1,2
7115,6/13/2023 8:36:48.8,10,2
7115,6/13/2023 8:38:16.0,1,2
7115,6/13/2023 8:39:18.8,10,2
7115,6/13/2023 8:40:46.0,1,2
7115,6/13/2023 8:41:48.8,10,2
7115,6/13/2023 8:43:16.0,1,2
7115,6/13/2023 8:44:18.8,10,2
7115,6/13/2023 8:45:46.0,1,2
7115,6/13/2023 8:46:48.8,10,2
7115,6/13/2023 8:48:11.7,1,2
7115,6/13/2023 8:49:18.8,10,2
7115,6/13/2023 8:50:46.0,1,2
7115,6/13/2023 8:51:48.8,10,2
7115,6/13/2023 8:53:16.0,1,2
7115,6/13/2023 8:54:18.8,10,2
7115,6/13/2023 8:55:46.0,1,2
7115,6/13/2023 8:56:48.8,10,2
7115,6/13/2023 8:58:15.6,1,2
7115,6/13/2023 8:59:18.8,10,2
7115,6/13/2023 0:00:00.0,131,254
7115,6/13/2023 6:00:00.0,131,1
7115,6/13/2023 9:15:00.0,131,7
7115,6/13/2023 9:15:00.1,131,7
7115,6/13/2023 15:00:00.0,131,13
7115,6/13/2023 15:00:50.2,131,13
7115,6/13/2023 16:40:00.0,131,14
7115,6/13/2023 17:50:00.0,131,13
7115,6/13/2023 19:00:00.0,131,7
7115,6/13/2023 19:00:44.9,131,7
7115,6/13/2023 21:30:00.0,131,254
7115,6/13/2023 21:30:00.1,131,254
7115,6/14/2023 0:00:00.0,131,254
